name,datetime,temp,humidity,precipprob,windspeed,sealevelpressure,cloudcover,visibility,uvindex,conditions,description,icon,source
Meiktila,1/1/2016,23.7,69.9,100,8.3,1018.2,44.5,5,6,"Rain, Partially cloudy",Partly cloudy throughout the day with late afternoon rain.,rain,obs
Meiktila,1/2/2016,22.8,72.2,0,9.4,1017.6,18.8,5,7,Clear,Clear conditions throughout the day.,clear-day,obs
Meiktila,1/3/2016,22.5,68.5,0,8.3,1016.1,22.1,4.4,7,Partially cloudy,Partly cloudy throughout the day.,partly-cloudy-day,obs
Meiktila,1/4/2016,21.9,67.1,0,10.1,1016,23,5,7,Partially cloudy,Partly cloudy throughout the day.,partly-cloudy-day,obs
Meiktila,1/5/2016,20.5,66.8,0,11.2,1015.9,1.9,6,8,Clear,Clear conditions throughout the day.,clear-day,obs
Meiktila,1/6/2016,20.3,61,0,9.7,1015.7,0,4.5,8,Clear,Clear conditions throughout the day.,clear-day,obs
Meiktila,1/7/2016,20.6,59.1,0,6.1,1016.1,37.5,5,8,Partially cloudy,Partly cloudy throughout the day.,partly-cloudy-day,obs
Meiktila,1/8/2016,21.5,59.1,0,7.6,1014.9,40.5,5.5,8,Partially cloudy,Partly cloudy throughout the day.,partly-cloudy-day,obs
Meiktila,1/9/2016,20.7,64,0,9,1013.7,90,4.4,7,Partially cloudy,Partly cloudy throughout the day.,partly-cloudy-day,obs
Meiktila,1/10/2016,19.6,67.3,0,13,1015.5,5.4,4.3,8,Clear,Clear conditions throughout the day.,clear-day,obs
Meiktila,1/11/2016,19.6,68.9,0,12.6,1015.9,61.3,5,8,Partially cloudy,Partly cloudy throughout the day.,partly-cloudy-day,obs
Meiktila,1/12/2016,18.3,65.2,0,10.4,1014.4,65.5,4.5,8,Partially cloudy,Partly cloudy throughout the day.,partly-cloudy-day,obs
Meiktila,1/13/2016,20.1,64.2,0,7.9,1013,46.7,5.3,8,Partially cloudy,Becoming cloudy in the afternoon.,partly-cloudy-day,obs
Meiktila,1/14/2016,20.1,63.2,0,10.4,1013.1,79.9,4.7,8,Partially cloudy,Partly cloudy throughout the day.,partly-cloudy-day,obs
Meiktila,1/15/2016,19.7,69.9,0,8.3,1011.9,48.6,5,8,Partially cloudy,Partly cloudy throughout the day.,partly-cloudy-day,obs
Meiktila,1/16/2016,19.4,66.7,0,10.1,1011.7,3.2,4.7,8,Clear,Clear conditions throughout the day.,clear-day,obs
Meiktila,1/17/2016,18.3,66.9,0,14.4,1012.7,0.3,5.3,8,Clear,Clear conditions throughout the day.,clear-day,obs
Meiktila,1/18/2016,18.5,67.6,0,12.2,1012.5,12,4.3,8,Clear,Clear conditions throughout the day.,clear-day,obs
Meiktila,1/19/2016,18.3,68,0,12.2,1012.7,24.5,4.8,8,Partially cloudy,Partly cloudy throughout the day.,partly-cloudy-day,obs
Meiktila,1/20/2016,20.4,64.9,0,9.7,1013.9,1.2,4.7,8,Clear,Clear conditions throughout the day.,clear-day,obs
Meiktila,1/21/2016,21.3,65.1,0,12.6,1014.1,18.7,5,7,Clear,Clear conditions throughout the day.,clear-day,obs
Meiktila,1/22/2016,22.9,66.9,0,7.6,1014.2,60.1,4.3,7,Partially cloudy,Partly cloudy throughout the day.,partly-cloudy-day,obs
Meiktila,1/23/2016,22.8,71.3,0,9,1014.5,22.4,5.3,8,Partially cloudy,Partly cloudy throughout the day.,partly-cloudy-day,obs
Meiktila,1/24/2016,21.7,70.1,0,9,1014.8,1.6,4.7,8,Clear,Clear conditions throughout the day.,clear-day,obs
Meiktila,1/25/2016,22.2,71.1,100,13,1014.1,32,5.5,6,"Rain, Partially cloudy",Partly cloudy throughout the day with rain.,rain,obs
Meiktila,1/26/2016,21.7,76.6,100,18,1014.6,36,5,7,"Rain, Partially cloudy",Partly cloudy throughout the day with rain.,rain,obs
Meiktila,1/27/2016,21.2,69.2,100,22,1014,25.8,5,7,"Rain, Partially cloudy",Partly cloudy throughout the day with rain in the morning and afternoon.,rain,obs
Meiktila,1/28/2016,19.6,72.4,0,9.7,1014.5,11.5,4.7,8,Clear,Clear conditions throughout the day.,clear-day,obs
Meiktila,1/29/2016,19.8,71.1,0,9.4,1015.1,3.4,5,8,Clear,Clear conditions throughout the day.,clear-day,obs
Meiktila,1/30/2016,19.7,68.3,0,10.1,1013.4,3.3,4.3,8,Clear,Clear conditions throughout the day.,clear-day,obs
Meiktila,1/31/2016,20.7,67,0,10.1,1013.5,2.3,5.3,8,Clear,Clear conditions throughout the day.,clear-day,obs
Meiktila,2/1/2016,20.8,64.3,0,9.4,1014.2,16,4.5,8,Clear,Clear conditions throughout the day.,clear-day,obs
Meiktila,2/2/2016,21.9,62.5,0,11.5,1014,8.6,4.7,8,Clear,Clear conditions throughout the day.,clear-day,obs
Meiktila,2/3/2016,21.3,66.1,0,10.1,1013.4,0.2,5,8,Clear,Clear conditions throughout the day.,clear-day,obs
Meiktila,2/4/2016,21.2,62.9,0,10.4,1014,0.2,4,8,Clear,Clear conditions throughout the day.,clear-day,obs
Meiktila,2/5/2016,21.9,63.7,0,9.7,1013.1,17.4,5,8,Clear,Clear conditions throughout the day.,clear-day,obs
Meiktila,2/6/2016,23,61.2,0,9.7,1012.6,1.1,5,8,Clear,Clear conditions throughout the day.,clear-day,obs
Meiktila,2/7/2016,24.6,61.6,0,11.9,1014.7,17.1,5,8,Clear,Clear conditions throughout the day.,clear-day,obs
Meiktila,2/8/2016,24.3,62.4,0,10.8,1014.4,34.5,5.5,6,Partially cloudy,Partly cloudy throughout the day.,partly-cloudy-day,obs
Meiktila,2/9/2016,24.2,60.6,0,17.3,1012.9,15.2,5,8,Clear,Clear conditions throughout the day.,clear-day,obs
Meiktila,2/10/2016,24.6,54.1,0,15.5,1012,25.2,5.5,8,Partially cloudy,Becoming cloudy in the afternoon.,partly-cloudy-day,obs
Meiktila,2/11/2016,24.4,55.3,0,14.8,1011,13.5,5.3,8,Clear,Clear conditions throughout the day.,clear-day,obs
Meiktila,2/12/2016,24.4,57.3,0,16.6,1011.3,2.8,5.3,8,Clear,Clear conditions throughout the day.,clear-day,obs
Meiktila,2/13/2016,25.4,57.6,0,9,1012,13.8,5,8,Clear,Clear conditions throughout the day.,clear-day,obs
Meiktila,2/14/2016,24.8,60.1,0,10.8,1012.5,0.3,4.8,9,Clear,Clear conditions throughout the day.,clear-day,obs
Meiktila,2/15/2016,25,52.9,0,12.2,1014,0,5.3,9,Clear,Clear conditions throughout the day.,clear-day,obs
Meiktila,2/16/2016,25.9,53.9,0,9.7,1014.9,0,4.5,9,Clear,Clear conditions throughout the day.,clear-day,obs
Meiktila,2/17/2016,26.1,51.4,0,9.7,1014.3,0.6,4.4,9,Clear,Clear conditions throughout the day.,clear-day,obs
Meiktila,2/18/2016,26.4,51.8,0,8.3,1012.7,0,5,9,Clear,Clear conditions throughout the day.,clear-day,obs
Meiktila,2/19/2016,27.2,49.6,0,10.1,1012.2,34.2,5,9,Partially cloudy,Partly cloudy throughout the day.,partly-cloudy-day,obs
Meiktila,2/20/2016,27.7,52.4,0,11.9,1012.2,53.2,4.7,9,Partially cloudy,Becoming cloudy in the afternoon.,partly-cloudy-day,obs
Meiktila,2/21/2016,29.9,47.1,0,23.8,1010.7,75.9,4.8,9,Partially cloudy,Partly cloudy throughout the day.,partly-cloudy-day,obs
Meiktila,2/22/2016,29.8,47.7,0,21.2,1012.7,17.7,4.7,9,Clear,Clear conditions throughout the day.,clear-day,obs
Meiktila,2/23/2016,28.9,48,0,15.8,1012.5,35.8,4.8,9,Partially cloudy,Partly cloudy throughout the day.,partly-cloudy-day,obs
Meiktila,2/24/2016,28.9,41.2,0,16.9,1012.3,15,4.8,9,Clear,Clear conditions throughout the day.,clear-day,obs
Meiktila,2/25/2016,26.8,52.4,100,15.5,1015.1,42.6,4,8,"Rain, Partially cloudy",Partly cloudy throughout the day with rain.,rain,obs
Meiktila,2/26/2016,26.3,59.9,100,11.2,1017.1,69.8,4.3,7,"Rain, Partially cloudy",Partly cloudy throughout the day with morning rain.,rain,obs
Meiktila,2/27/2016,25.9,60.6,100,10.8,1017.2,67.1,5,6,"Rain, Partially cloudy",Partly cloudy throughout the day with afternoon rain.,rain,obs
Meiktila,2/28/2016,26,60.2,100,10.1,1017.5,27.2,4.3,8,"Rain, Partially cloudy",Partly cloudy throughout the day with rain clearing later.,rain,obs
Meiktila,2/29/2016,27.1,47.7,0,8.6,1016.5,18.1,5,8,Clear,Clear conditions throughout the day.,clear-day,obs
Meiktila,3/1/2016,27.9,46.8,0,12.6,1014.4,26.9,4.5,8,Partially cloudy,Partly cloudy throughout the day.,partly-cloudy-day,obs
Meiktila,3/2/2016,28.7,46.7,0,9,1014,73.6,5,9,Partially cloudy,Partly cloudy throughout the day.,partly-cloudy-day,obs
Meiktila,3/3/2016,28.1,44.8,0,8.6,1013.6,71.7,4.8,9,Partially cloudy,Partly cloudy throughout the day.,partly-cloudy-day,obs
Meiktila,3/4/2016,27.6,45.8,0,9.7,1011.6,71.5,5,9,Partially cloudy,Partly cloudy throughout the day.,partly-cloudy-day,obs
Meiktila,3/5/2016,29,41,0,8.6,1011,88.1,4.3,9,Partially cloudy,Partly cloudy throughout the day.,partly-cloudy-day,obs
Meiktila,3/6/2016,29.1,44.6,0,9,1011.1,61.7,4.3,9,Partially cloudy,Partly cloudy throughout the day.,partly-cloudy-day,obs
Meiktila,3/7/2016,29.7,46.1,0,12.6,1009.7,10.4,5,9,Clear,Clear conditions throughout the day.,clear-day,obs
Meiktila,3/8/2016,30.2,43.3,0,15.1,1008.9,4,5,9,Clear,Clear conditions throughout the day.,clear-day,obs
Meiktila,3/9/2016,30.9,39.2,0,12.6,1008.7,13.2,4.5,9,Clear,Clear conditions throughout the day.,clear-day,obs
Meiktila,3/10/2016,31.2,39.9,0,8.6,1010.2,75.3,4.5,9,Partially cloudy,Partly cloudy throughout the day.,partly-cloudy-day,obs
Meiktila,3/11/2016,30.9,40.2,0,9,1009.8,76.4,5,9,Partially cloudy,Partly cloudy throughout the day.,partly-cloudy-day,obs
Meiktila,3/12/2016,30.9,42.7,0,9.4,1008.5,89.8,4,8,Partially cloudy,Partly cloudy throughout the day.,partly-cloudy-day,obs
Meiktila,3/13/2016,32.1,39.5,0,14,1010,67.3,,9,Partially cloudy,Partly cloudy throughout the day.,partly-cloudy-day,obs
Meiktila,3/14/2016,31.5,39.8,0,10.1,1010.1,53,4.5,9,Partially cloudy,Partly cloudy throughout the day.,partly-cloudy-day,obs
Meiktila,3/15/2016,32.2,35.4,0,15.5,1008.8,25.8,,9,Partially cloudy,Partly cloudy throughout the day.,partly-cloudy-day,obs
Meiktila,3/16/2016,31.6,35.5,0,12.2,1008.4,29.8,4.5,10,Partially cloudy,Partly cloudy throughout the day.,partly-cloudy-day,obs
Meiktila,3/17/2016,30.7,39.7,0,9.4,1009.8,4.8,4.3,9,Clear,Clear conditions throughout the day.,clear-day,obs
Meiktila,3/18/2016,30.1,37.2,0,8.3,1008.4,6.2,4.5,10,Clear,Clear conditions throughout the day.,clear-day,obs
Meiktila,3/19/2016,29.6,37.6,0,9.4,1008.2,8.8,4.5,10,Clear,Clear conditions throughout the day.,clear-day,obs
Meiktila,3/20/2016,30.7,39.5,0,11.9,1008.1,20.2,5,9,Partially cloudy,Becoming cloudy in the afternoon.,partly-cloudy-day,obs
Meiktila,3/21/2016,32.2,35.7,0,17.3,1006.8,10.7,4.7,9,Clear,Clear conditions throughout the day.,clear-day,obs
Meiktila,3/22/2016,31.1,47.8,100,15.5,1006.8,27.9,4.6,9,"Rain, Partially cloudy",Partly cloudy throughout the day with late afternoon rain.,rain,obs
Meiktila,3/23/2016,31.4,45,0,13.7,1008.2,20.4,4.7,9,Partially cloudy,Partly cloudy throughout the day.,partly-cloudy-day,obs
Meiktila,3/24/2016,30.1,45.6,100,10.4,1010.9,17.7,5,8,Rain,Clear conditions throughout the day with morning rain.,rain,obs
Meiktila,3/25/2016,30.7,30.4,0,11.5,1011.4,1.9,4.3,10,Clear,Clear conditions throughout the day.,clear-day,obs
Meiktila,3/26/2016,31.9,35.9,0,17.6,1010.9,20.1,4.5,10,Partially cloudy,Becoming cloudy in the afternoon.,partly-cloudy-day,obs
Meiktila,3/27/2016,32,31.6,0,23,1012,1.3,5,10,Clear,Clear conditions throughout the day.,clear-day,obs
Meiktila,3/28/2016,30.5,32.2,0,20.9,1011.8,29.9,4.7,10,Partially cloudy,Partly cloudy throughout the day.,partly-cloudy-day,obs
Meiktila,3/29/2016,30.1,31.2,0,21.6,1011.6,93,4.3,9,Overcast,Cloudy skies throughout the day.,cloudy,obs
Meiktila,3/30/2016,30.3,35.7,0,11.5,1012.4,64,4,9,Partially cloudy,Partly cloudy throughout the day.,partly-cloudy-day,obs
Meiktila,3/31/2016,30.2,36.7,0,11.9,1010.3,12.4,4.4,10,Clear,Clear conditions throughout the day.,clear-day,obs
Meiktila,4/1/2016,29.8,48,100,12.2,1009.3,27.2,4.7,9,"Rain, Partially cloudy",Becoming cloudy in the afternoon with rain.,rain,obs
Meiktila,4/2/2016,30.2,46.6,0,11.9,1009.2,27.1,4.3,9,Partially cloudy,Partly cloudy throughout the day.,partly-cloudy-day,obs
Meiktila,4/3/2016,30.7,43.5,0,10.8,1010,35.6,4,9,Partially cloudy,Partly cloudy throughout the day.,partly-cloudy-day,obs
Meiktila,4/4/2016,32.3,41.8,0,16.9,1007.7,62.1,4.5,9,Partially cloudy,Partly cloudy throughout the day.,partly-cloudy-day,obs
Meiktila,4/5/2016,33.5,37.2,100,20.5,1006.7,26.6,4.8,9,"Rain, Partially cloudy",Partly cloudy throughout the day with late afternoon rain.,rain,obs
Meiktila,4/6/2016,33.1,45.3,100,74.2,1007.6,14.6,4.4,10,Rain,Clear conditions throughout the day with late afternoon rain.,rain,obs
Meiktila,4/7/2016,33.5,44.5,100,16.6,1007.7,10.6,4.5,10,Rain,Clear conditions throughout the day with late afternoon rain.,rain,obs
Meiktila,4/8/2016,34.2,44.6,100,13,1007.2,12.1,4.3,10,Rain,Clear conditions throughout the day with late afternoon rain.,rain,obs
Meiktila,4/9/2016,34.1,41.1,0,18.4,1007.1,6.9,5,9,Clear,Clear conditions throughout the day.,clear-day,obs
Meiktila,4/10/2016,35.2,40.8,0,17.6,1007.2,15.1,4.5,9,Clear,Clear conditions throughout the day.,clear-day,obs
Meiktila,4/11/2016,35.5,35.9,0,11.2,1005.6,11.2,5.5,10,Clear,Clear conditions throughout the day.,clear-day,obs
Meiktila,4/12/2016,35.5,35.3,0,19.8,1004.4,12.3,5,9,Clear,Clear conditions throughout the day.,clear-day,obs
Meiktila,4/13/2016,35,41.8,100,22,1003.9,16.6,4.7,9,Rain,Clear conditions throughout the day with late afternoon rain.,rain,obs
Meiktila,4/14/2016,34.3,43.9,0,15.8,1005.6,21.2,5.7,9,Partially cloudy,Partly cloudy throughout the day.,partly-cloudy-day,obs
Meiktila,4/15/2016,34.3,43.7,0,14.8,1007,13.3,5.3,10,Clear,Clear conditions throughout the day.,clear-day,obs
Meiktila,4/16/2016,34.4,43.6,0,15.1,1006.3,9.8,5,10,Clear,Clear conditions throughout the day.,clear-day,obs
Meiktila,4/17/2016,33.9,44.8,0,14.8,1006.6,15.7,5.5,10,Clear,Clear conditions throughout the day.,clear-day,obs
Meiktila,4/18/2016,34.5,39.6,0,15.5,1007,46.7,5,10,Partially cloudy,Partly cloudy throughout the day.,partly-cloudy-day,obs
Meiktila,4/19/2016,35.4,37.1,0,17.3,1006.8,48.8,5.3,9,Partially cloudy,Partly cloudy throughout the day.,partly-cloudy-day,obs
Meiktila,4/20/2016,35.8,31.7,0,19.8,1007.1,9.5,5,10,Clear,Clear conditions throughout the day.,clear-day,obs
Meiktila,4/21/2016,34.7,34.3,0,24.8,1006.1,12.5,5,10,Clear,Clear conditions throughout the day.,clear-day,obs
Meiktila,4/22/2016,32.4,50.7,100,24.1,1006,47.2,5,8,"Rain, Partially cloudy",Partly cloudy throughout the day with rain in the morning and afternoon.,rain,obs
Meiktila,4/23/2016,33.8,48.1,100,24.1,1004.3,27.3,5,9,"Rain, Partially cloudy",Partly cloudy throughout the day with late afternoon rain.,rain,obs
Meiktila,4/24/2016,32.8,54.3,100,26.3,1005,39,4.7,8,"Rain, Partially cloudy",Partly cloudy throughout the day with afternoon rain.,rain,obs
Meiktila,4/25/2016,33.4,53.3,100,19.4,1006.6,24.9,5.3,9,"Rain, Partially cloudy",Becoming cloudy in the afternoon with late afternoon rain.,rain,obs
Meiktila,4/26/2016,33.8,46.6,0,9.7,1007.3,10,5,9,Clear,Clear conditions throughout the day.,clear-day,obs
Meiktila,4/27/2016,35.1,42.3,0,11.2,1005.4,13.6,5,9,Clear,Clear conditions throughout the day.,clear-day,obs
Meiktila,4/28/2016,36.2,38.9,0,14.8,1004.4,13.2,5.5,10,Clear,Clear conditions throughout the day.,clear-day,obs
Meiktila,4/29/2016,36.1,36.2,100,19.8,1005.6,33.2,5,10,"Rain, Partially cloudy",Partly cloudy throughout the day with late afternoon rain.,rain,obs
Meiktila,4/30/2016,34.4,42.7,100,16.9,1006.2,14.9,5,10,Rain,Clear conditions throughout the day with late afternoon rain.,rain,obs
Meiktila,5/1/2016,31.3,59.9,100,18.4,1006.4,41.3,4.4,10,"Rain, Partially cloudy",Partly cloudy throughout the day with rain.,rain,obs
Meiktila,5/2/2016,30.6,63.7,100,13,1007.8,35.9,5,10,"Rain, Partially cloudy",Partly cloudy throughout the day with rain.,rain,obs
Meiktila,5/3/2016,30.8,56.9,100,9.7,1007.6,14.4,5.3,10,Rain,Clear conditions throughout the day with rain.,rain,obs
Meiktila,5/4/2016,31.7,52.3,100,13,1008,14.5,5,10,Rain,Clear conditions throughout the day with late afternoon rain.,rain,obs
Meiktila,5/5/2016,30.6,63.2,100,7.6,1008.2,19.4,5,9,Rain,Clear conditions throughout the day with rain.,rain,obs
Meiktila,5/6/2016,32.1,56,0,7.9,1006.8,17.2,5.3,9,Clear,Clear conditions throughout the day.,clear-day,obs
Meiktila,5/7/2016,33.4,47.5,0,7.9,1006.1,21.7,5,10,Partially cloudy,Partly cloudy throughout the day.,partly-cloudy-day,obs
Meiktila,5/8/2016,34.1,44.1,0,10.1,1006.3,13.6,5,10,Clear,Clear conditions throughout the day.,clear-day,obs
Meiktila,5/9/2016,35.3,43.4,0,9,1006.6,19.6,5.3,10,Clear,Clear conditions throughout the day.,clear-day,obs
Meiktila,5/10/2016,35.1,48.1,100,10.8,1006.1,30.3,5,9,"Rain, Partially cloudy",Partly cloudy throughout the day with late afternoon rain.,rain,obs
Meiktila,5/11/2016,35.8,46.8,100,7.6,1004.7,31.7,5.5,9,"Rain, Partially cloudy",Partly cloudy throughout the day with rain.,rain,obs
Meiktila,5/12/2016,34.7,48.4,100,14.8,1003.2,72.3,5,7,"Rain, Partially cloudy",Partly cloudy throughout the day with afternoon rain.,rain,obs
Meiktila,5/13/2016,34.2,48.4,100,16.6,1004.9,68.3,4.8,9,"Rain, Partially cloudy",Partly cloudy throughout the day with rain.,rain,obs
Meiktila,5/14/2016,34.6,44.4,0,16.2,1006.3,14,5,10,Clear,Clear conditions throughout the day.,clear-day,obs
Meiktila,5/15/2016,35.5,40.5,0,13.3,1006.6,15.3,5.3,10,Clear,Clear conditions throughout the day.,clear-day,obs
Meiktila,5/16/2016,34.9,47.9,100,13.7,1005.4,27.4,5,10,"Rain, Partially cloudy",Partly cloudy throughout the day with late afternoon rain.,rain,obs
Meiktila,5/17/2016,35.6,39.9,0,20.9,1004.5,25.5,5.5,10,Partially cloudy,Partly cloudy throughout the day.,partly-cloudy-day,obs
Meiktila,5/18/2016,34.2,47.7,100,21.2,1006.1,61.2,5,9,"Rain, Partially cloudy",Partly cloudy throughout the day with late afternoon rain.,rain,obs
Meiktila,5/19/2016,28.5,77.5,100,14,1007.7,97.1,5,3,"Rain, Overcast",Cloudy skies throughout the day with a chance of rain throughout the day.,rain,obs
Meiktila,5/20/2016,26,88.3,100,15.8,1006.8,99.1,5.2,3,"Rain, Overcast",Cloudy skies throughout the day with a chance of rain throughout the day.,rain,obs
Meiktila,5/21/2016,26.6,85.3,100,27.7,1004.2,99.2,5.7,5,"Rain, Overcast",Cloudy skies throughout the day with a chance of rain throughout the day.,rain,obs
Meiktila,5/22/2016,27.9,83.2,100,27,1002.6,98.2,5,4,"Rain, Overcast",Cloudy skies throughout the day with a chance of rain throughout the day.,rain,obs
Meiktila,5/23/2016,27.7,83.1,100,21.2,1003.7,95.6,5,5,"Rain, Overcast",Cloudy skies throughout the day with rain.,rain,obs
Meiktila,5/24/2016,27.6,81.8,100,13.3,1003.1,93.9,5,7,"Rain, Overcast",Cloudy skies throughout the day with a chance of rain throughout the day.,rain,obs
Meiktila,5/25/2016,28.6,77.6,100,18.4,1001.8,67.3,4.3,8,"Rain, Partially cloudy",Partly cloudy throughout the day with rain.,rain,obs
Meiktila,5/26/2016,30.6,69.1,100,18,1002.7,36.1,6,9,"Rain, Partially cloudy",Partly cloudy throughout the day with rain.,rain,obs
Meiktila,5/27/2016,30.1,71,0,18.7,1004.5,41.3,5,9,Partially cloudy,Clearing in the afternoon.,partly-cloudy-day,obs
Meiktila,5/28/2016,31.1,66.9,100,13.3,1004.5,61.7,5.8,9,"Rain, Partially cloudy",Partly cloudy throughout the day with rain.,rain,obs
Meiktila,5/29/2016,30.4,70.9,100,17.3,1004.3,27.4,5.7,9,"Rain, Partially cloudy",Partly cloudy throughout the day with rain.,rain,obs
Meiktila,5/30/2016,29.7,73.1,100,18.4,1004.6,73.8,5,8,"Rain, Partially cloudy",Partly cloudy throughout the day with rain in the morning and afternoon.,rain,obs
Meiktila,5/31/2016,29.1,75.1,100,17.3,1006.2,89.8,5,6,"Rain, Partially cloudy",Partly cloudy throughout the day with rain.,rain,obs
Meiktila,6/1/2016,27.6,80.9,100,14.4,1007.2,97.7,4.3,4,"Rain, Overcast",Cloudy skies throughout the day with a chance of rain throughout the day.,rain,obs
Meiktila,6/2/2016,26.6,86.7,100,14,1006.5,97.9,4.7,5,"Rain, Overcast",Cloudy skies throughout the day with a chance of rain throughout the day.,rain,obs
Meiktila,6/3/2016,28.2,80.5,100,15.5,1006.9,82,4.8,8,"Rain, Partially cloudy",Partly cloudy throughout the day with a chance of rain throughout the day.,rain,obs
Meiktila,6/4/2016,29.1,76.2,100,17.6,1007.8,74.2,5.6,7,"Rain, Partially cloudy",Partly cloudy throughout the day with early morning rain.,rain,obs
Meiktila,6/5/2016,29.4,71.3,100,15.8,1008.5,78.9,5.3,7,"Rain, Partially cloudy",Partly cloudy throughout the day with rain.,rain,obs
Meiktila,6/6/2016,29.3,74.3,100,16.2,1008.2,83.5,5.7,8,"Rain, Partially cloudy",Partly cloudy throughout the day with rain in the morning and afternoon.,rain,obs
Meiktila,6/7/2016,28.5,77.9,100,19.4,1008,82.4,5,7,"Rain, Partially cloudy",Partly cloudy throughout the day with rain.,rain,obs
Meiktila,6/8/2016,27.8,81.4,100,23,1007.1,98.3,5.3,7,"Rain, Overcast",Cloudy skies throughout the day with a chance of rain throughout the day.,rain,obs
Meiktila,6/9/2016,26.8,86.3,100,23.4,1006.7,99,5.5,2,"Rain, Overcast",Cloudy skies throughout the day with a chance of rain throughout the day.,rain,obs
Meiktila,6/10/2016,25.6,90.2,100,31.7,1003.7,99.2,5,3,"Rain, Overcast",Cloudy skies throughout the day with a chance of rain throughout the day.,rain,obs
Meiktila,6/11/2016,25.7,91.8,100,24.5,1003.4,99.9,5,1,"Rain, Overcast",Cloudy skies throughout the day with a chance of rain throughout the day.,rain,obs
Meiktila,6/12/2016,26.5,87,100,24.5,1004.1,98.6,5.7,6,"Rain, Overcast",Cloudy skies throughout the day with a chance of rain throughout the day.,rain,obs
Meiktila,6/13/2016,28.1,81.5,100,25.2,1004.9,92.7,5.5,6,"Rain, Overcast",Cloudy skies throughout the day with a chance of rain throughout the day.,rain,obs
Meiktila,6/14/2016,27.7,79,100,23.8,1003.1,93.4,5.3,5,"Rain, Overcast",Cloudy skies throughout the day with rain.,rain,obs
Meiktila,6/15/2016,27.7,81.5,100,20.9,1002.7,94.7,4.5,6,"Rain, Overcast",Cloudy skies throughout the day with rain.,rain,obs
Meiktila,6/16/2016,28.2,80.2,100,17.6,1003.7,84.4,6,7,"Rain, Partially cloudy",Partly cloudy throughout the day with rain.,rain,obs
Meiktila,6/17/2016,29.1,75.4,0,19.1,1005.1,96.2,5.3,7,Overcast,Cloudy skies throughout the day.,cloudy,obs
Meiktila,6/18/2016,29,75.6,100,16.9,1007.7,94.6,5.5,5,"Rain, Overcast",Cloudy skies throughout the day with a chance of rain throughout the day.,rain,obs
Meiktila,6/19/2016,29.1,73.7,100,18.4,1008,95.4,5.5,7,"Rain, Overcast",Cloudy skies throughout the day with rain in the morning and afternoon.,rain,obs
Meiktila,6/20/2016,29.6,71.5,100,14,1006.7,97.6,5.7,6,"Rain, Overcast",Cloudy skies throughout the day with rain in the morning and afternoon.,rain,obs
Meiktila,6/21/2016,30.4,70.2,0,17.3,1005.8,93.7,5.8,8,Overcast,Cloudy skies throughout the day.,cloudy,obs
Meiktila,6/22/2016,30,74.6,100,16.6,1005.8,95.4,5.3,8,"Rain, Overcast",Cloudy skies throughout the day with rain.,rain,obs
Meiktila,6/23/2016,31.1,70.1,100,14.8,1004.7,85,5.5,8,"Rain, Partially cloudy",Partly cloudy throughout the day with rain clearing later.,rain,obs
Meiktila,6/24/2016,30.4,71.7,0,18,1004.2,83.6,5.4,8,Partially cloudy,Partly cloudy throughout the day.,partly-cloudy-day,obs
Meiktila,6/25/2016,29.7,72.1,0,18.7,1005.4,72.6,5.3,7,Partially cloudy,Partly cloudy throughout the day.,partly-cloudy-day,obs
Meiktila,6/26/2016,29.6,70.8,100,16.6,1006.1,72.8,6,9,"Rain, Partially cloudy",Partly cloudy throughout the day with late afternoon rain.,rain,obs
Meiktila,6/27/2016,30.3,67.9,0,18.4,1005.4,60,6,8,Partially cloudy,Partly cloudy throughout the day.,partly-cloudy-day,obs
Meiktila,6/28/2016,30.3,69,100,14.4,1005.3,74.4,5.3,7,"Rain, Partially cloudy",Partly cloudy throughout the day with afternoon rain.,rain,obs
Meiktila,6/29/2016,30.7,69.1,100,15.1,1005.5,98.1,6,7,"Rain, Overcast",Cloudy skies throughout the day with afternoon rain.,rain,obs
Meiktila,6/30/2016,30.6,68.7,100,19.4,1004.3,96.2,5.7,7,"Rain, Overcast",Cloudy skies throughout the day with rain in the morning and afternoon.,rain,obs
Meiktila,7/1/2016,29.1,74.7,100,23.8,1004.2,97.3,5.3,6,"Rain, Overcast",Cloudy skies throughout the day with rain.,rain,obs
Meiktila,7/2/2016,28.1,76.9,100,26.3,1006,98.7,5.5,4,"Rain, Overcast",Cloudy skies throughout the day with rain.,rain,obs
Meiktila,7/3/2016,27.7,80.2,100,29.5,1006.7,99.7,5,5,"Rain, Overcast",Cloudy skies throughout the day with a chance of rain throughout the day.,rain,obs
Meiktila,7/4/2016,27.9,80.4,100,26.3,1005.9,99.1,5,5,"Rain, Overcast",Cloudy skies throughout the day with rain.,rain,obs
Meiktila,7/5/2016,27.3,83.1,100,23.4,1004.9,100,5,3,"Rain, Overcast",Cloudy skies throughout the day with a chance of rain throughout the day.,rain,obs
Meiktila,7/6/2016,28.9,76.5,100,24.1,1003.3,99,5,6,"Rain, Overcast",Cloudy skies throughout the day with rain in the morning and afternoon.,rain,obs
Meiktila,7/7/2016,28.2,80.4,100,15.8,1002.2,98.2,5.8,5,"Rain, Overcast",Cloudy skies throughout the day with rain.,rain,obs
Meiktila,7/8/2016,28.7,77.3,100,17.6,1001.8,98.2,5.3,6,"Rain, Overcast",Cloudy skies throughout the day with rain.,rain,obs
Meiktila,7/9/2016,28.1,80.8,100,27.7,1002.8,97.6,6.3,6,"Rain, Overcast",Cloudy skies throughout the day with a chance of rain throughout the day.,rain,obs
Meiktila,7/10/2016,26.8,82.5,100,23.4,1002.7,97,5.3,4,"Rain, Overcast",Cloudy skies throughout the day with a chance of rain throughout the day.,rain,obs
Meiktila,7/11/2016,28.5,77.1,100,23.8,1003.8,69.2,5.8,7,"Rain, Partially cloudy",Partly cloudy throughout the day with a chance of rain throughout the day.,rain,obs
Meiktila,7/12/2016,27.7,80.6,100,20.5,1005,97.5,4.3,6,"Rain, Overcast",Cloudy skies throughout the day with a chance of rain throughout the day.,rain,obs
Meiktila,7/13/2016,28.6,79.3,100,16.2,1003.7,95.1,5.3,0,"Rain, Overcast",Cloudy skies throughout the day with early morning rain.,rain,obs
Meiktila,7/14/2016,28.5,80.2,100,20.9,1003.4,97.6,4.3,5,"Rain, Overcast",Cloudy skies throughout the day with rain.,rain,obs
Meiktila,7/15/2016,27.6,82.1,100,25.9,1005.4,98.7,5.5,5,"Rain, Overcast",Cloudy skies throughout the day with a chance of rain throughout the day.,rain,obs
Meiktila,7/16/2016,27.3,81.6,100,25.6,1008.3,98.9,5.3,4,"Rain, Overcast",Cloudy skies throughout the day with rain in the morning and afternoon.,rain,obs
Meiktila,7/17/2016,27.9,79.1,100,22,1009.1,95.3,5.5,5,"Rain, Overcast",Cloudy skies throughout the day with a chance of rain throughout the day.,rain,obs
Meiktila,7/18/2016,28.4,77.5,100,23.4,1006.7,99.3,5.5,6,"Rain, Overcast",Cloudy skies throughout the day with a chance of rain throughout the day.,rain,obs
Meiktila,7/19/2016,29.3,73.9,100,23,1004.8,98.7,6,7,"Rain, Overcast",Cloudy skies throughout the day with late afternoon rain.,rain,obs
Meiktila,7/20/2016,27.8,81.7,100,16.9,1005.3,99.5,4.7,5,"Rain, Overcast",Cloudy skies throughout the day with a chance of rain throughout the day.,rain,obs
Meiktila,7/21/2016,27,82.9,100,23.4,1006.8,91.7,5.8,6,"Rain, Overcast",Cloudy skies throughout the day with a chance of rain throughout the day.,rain,obs
Meiktila,7/22/2016,27.7,77.6,100,20.5,1008.2,98.6,8,5,"Rain, Overcast",Cloudy skies throughout the day with rain in the morning and afternoon.,rain,obs
Meiktila,7/23/2016,27.5,79.1,100,12.6,1009.2,98.8,6,3,"Rain, Overcast",Cloudy skies throughout the day with a chance of rain throughout the day.,rain,obs
Meiktila,7/24/2016,27.3,82.2,100,18,1009.2,99.2,6,5,"Rain, Overcast",Cloudy skies throughout the day with a chance of rain throughout the day.,rain,obs
Meiktila,7/25/2016,26.4,86.2,100,10.4,1010.3,85.9,4.7,3,"Rain, Partially cloudy",Partly cloudy throughout the day with a chance of rain throughout the day.,rain,obs
Meiktila,7/26/2016,28.4,76.9,0,7.2,1009,40.4,5.5,7,Partially cloudy,Partly cloudy throughout the day.,partly-cloudy-day,obs
Meiktila,7/27/2016,29.4,75.2,100,7.6,1006.8,67,8,9,"Rain, Partially cloudy",Partly cloudy throughout the day with rain.,rain,obs
Meiktila,7/28/2016,29.1,76.1,100,12.2,1004.6,88,6,9,"Rain, Partially cloudy",Partly cloudy throughout the day with rain.,rain,obs
Meiktila,7/29/2016,28.5,78.3,100,12.6,1004.3,98.1,6,8,"Rain, Overcast",Cloudy skies throughout the day with a chance of rain throughout the day.,rain,obs
Meiktila,7/30/2016,28.4,81.2,100,10.1,1004.8,98.7,6.5,6,"Rain, Overcast",Cloudy skies throughout the day with a chance of rain throughout the day.,rain,obs
Meiktila,7/31/2016,26.5,84.1,100,15.5,1004.9,99.1,5.3,3,"Rain, Overcast",Cloudy skies throughout the day with rain.,rain,obs
Meiktila,8/1/2016,27.8,77.2,100,18.7,1003.9,95.3,5,5,"Rain, Overcast",Cloudy skies throughout the day with rain clearing later.,rain,obs
Meiktila,8/2/2016,28.6,75.3,100,15.8,1002.6,55,5.3,8,"Rain, Partially cloudy",Partly cloudy throughout the day with rain.,rain,obs
Meiktila,8/3/2016,29.2,75.8,100,16.2,1002.4,84.4,5.5,7,"Rain, Partially cloudy",Partly cloudy throughout the day with afternoon rain.,rain,obs
Meiktila,8/4/2016,28.4,80.1,100,15.8,1003.2,97.5,5.5,6,"Rain, Overcast",Cloudy skies throughout the day with rain.,rain,obs
Meiktila,8/5/2016,28,81.1,100,19.4,1005,95.1,5.4,7,"Rain, Overcast",Cloudy skies throughout the day with a chance of rain throughout the day.,rain,obs
Meiktila,8/6/2016,27.7,80.8,100,19.4,1006.2,92.3,6.3,7,"Rain, Overcast",Cloudy skies throughout the day with a chance of rain throughout the day.,rain,obs
Meiktila,8/7/2016,27.9,78,0,19.8,1005.8,90.1,6.3,6,Overcast,Cloudy skies throughout the day.,cloudy,obs
Meiktila,8/8/2016,27.8,78.8,100,22.7,1005.1,95.5,5.2,8,"Rain, Overcast",Cloudy skies throughout the day with rain in the morning and afternoon.,rain,obs
Meiktila,8/9/2016,27.2,83.4,100,25.2,1005.1,86,4.8,5,"Rain, Partially cloudy",Partly cloudy throughout the day with rain.,rain,obs
Meiktila,8/10/2016,28.5,77.3,100,22,1005.6,72,5.3,8,"Rain, Partially cloudy",Partly cloudy throughout the day with rain.,rain,obs
Meiktila,8/11/2016,28.2,79.7,100,21.2,1005.9,97.6,5,5,"Rain, Overcast",Cloudy skies throughout the day with afternoon rain.,rain,obs
Meiktila,8/12/2016,28.5,79.5,100,16.6,1004.4,97.2,5.3,7,"Rain, Overcast",Cloudy skies throughout the day with rain.,rain,obs
Meiktila,8/13/2016,28.2,81.7,100,19.8,1003.4,94.6,5,6,"Rain, Overcast",Cloudy skies throughout the day with a chance of rain throughout the day.,rain,obs
Meiktila,8/14/2016,27.7,81.5,100,18.7,1002.1,99.1,5.3,5,"Rain, Overcast",Cloudy skies throughout the day with rain.,rain,obs
Meiktila,8/15/2016,27.8,78,100,22.3,1000.7,97.8,5.3,7,"Rain, Overcast",Cloudy skies throughout the day with rain in the morning and afternoon.,rain,obs
Meiktila,8/16/2016,27.6,81.3,100,27.7,1000.8,96.2,5,4,"Rain, Overcast",Cloudy skies throughout the day with a chance of rain throughout the day.,rain,obs
Meiktila,8/17/2016,29,74.6,100,24.1,1002.5,82.6,5,7,"Rain, Partially cloudy",Partly cloudy throughout the day with rain in the morning and afternoon.,rain,obs
Meiktila,8/18/2016,28.5,78.6,100,18.7,1002.6,69,5,6,"Rain, Partially cloudy",Partly cloudy throughout the day with rain in the morning and afternoon.,rain,obs
Meiktila,8/19/2016,29,75.7,100,15.8,1001.8,80.2,5,6,"Rain, Partially cloudy",Partly cloudy throughout the day with rain in the morning and afternoon.,rain,obs
Meiktila,8/20/2016,25.5,91.3,100,20.5,1001.3,100,2,1,"Rain, Overcast",Cloudy skies throughout the day with a chance of rain throughout the day.,rain,obs
Meiktila,8/21/2016,26.8,85.2,100,23.4,1004.4,92.7,3.7,5,"Rain, Overcast",Cloudy skies throughout the day with a chance of rain throughout the day.,rain,obs
Meiktila,8/22/2016,28.4,78.5,100,9.7,1006.3,77.5,5.8,8,"Rain, Partially cloudy",Partly cloudy throughout the day with rain in the morning and afternoon.,rain,obs
Meiktila,8/23/2016,27.9,82.8,100,9,1004.3,94.2,4.8,6,"Rain, Overcast",Cloudy skies throughout the day with rain in the morning and afternoon.,rain,obs
Meiktila,8/24/2016,28.6,82.2,0,7.2,1003.3,56.5,5.3,8,Partially cloudy,Partly cloudy throughout the day.,partly-cloudy-day,obs
Meiktila,8/25/2016,29.6,79.5,100,9,1004.8,55.8,4.8,8,"Rain, Partially cloudy",Partly cloudy throughout the day with afternoon rain.,rain,obs
Meiktila,8/26/2016,29,80.3,100,8.6,1006.2,94.8,5.2,8,"Rain, Overcast",Cloudy skies throughout the day with rain.,rain,obs
Meiktila,8/27/2016,27.9,84.4,100,13.7,1007.9,92.3,5.3,7,"Rain, Overcast",Cloudy skies throughout the day with a chance of rain throughout the day.,rain,obs
Meiktila,8/28/2016,27.4,83.9,100,9,1007.7,86,4,6,"Rain, Partially cloudy",Partly cloudy throughout the day with rain.,rain,obs
Meiktila,8/29/2016,28.4,81,100,15.1,1005.5,83.6,6,7,"Rain, Partially cloudy",Partly cloudy throughout the day with afternoon rain.,rain,obs
Meiktila,8/30/2016,28.4,78.8,100,19.1,1005.7,95.5,6,7,"Rain, Overcast",Cloudy skies throughout the day with rain in the morning and afternoon.,rain,obs
Meiktila,8/31/2016,28.2,77.8,100,24.5,1007.5,94.2,5.3,8,"Rain, Overcast",Cloudy skies throughout the day with rain in the morning and afternoon.,rain,obs
Meiktila,9/1/2016,27.8,80.8,100,24.1,1006.7,97.2,5.5,5,"Rain, Overcast",Cloudy skies throughout the day with rain.,rain,obs
Meiktila,9/2/2016,28.3,78.6,100,24.1,1005,90.9,6,7,"Rain, Overcast",Cloudy skies throughout the day with rain.,rain,obs
Meiktila,9/3/2016,28.1,78.8,100,25.9,1004.8,93,5.5,7,"Rain, Overcast",Cloudy skies throughout the day with rain.,rain,obs
Meiktila,9/4/2016,27.9,78.9,100,27,1006.4,89.9,5.3,7,"Rain, Partially cloudy",Partly cloudy throughout the day with rain.,rain,obs
Meiktila,9/5/2016,28.4,76.8,100,23,1006.1,97,6,8,"Rain, Overcast",Cloudy skies throughout the day with rain.,rain,obs
Meiktila,9/6/2016,29,75.1,100,21.2,1005.6,91.6,5.6,8,"Rain, Overcast",Cloudy skies throughout the day with afternoon rain.,rain,obs
Meiktila,9/7/2016,28.8,75.5,100,14.4,1005,93.6,6.3,7,"Rain, Overcast",Cloudy skies throughout the day with rain.,rain,obs
Meiktila,9/8/2016,29.1,75.4,100,15.5,1006,92.3,5.5,7,"Rain, Overcast",Cloudy skies throughout the day with a chance of rain throughout the day.,rain,obs
Meiktila,9/9/2016,29.1,73.6,0,16.9,1007.1,94.9,5,8,Overcast,Cloudy skies throughout the day.,cloudy,obs
Meiktila,9/10/2016,28.5,75.3,100,16.2,1006.7,95.1,5,6,"Rain, Overcast",Cloudy skies throughout the day with a chance of rain throughout the day.,rain,obs
Meiktila,9/11/2016,27.4,82.1,100,13,1006.1,97.9,4.8,5,"Rain, Overcast",Cloudy skies throughout the day with a chance of rain throughout the day.,rain,obs
Meiktila,9/12/2016,27.3,85,100,13.7,1006.7,96.2,5.3,6,"Rain, Overcast",Cloudy skies throughout the day with a chance of rain throughout the day.,rain,obs
Meiktila,9/13/2016,28.2,76.9,100,9.7,1008.2,94,5.3,7,"Rain, Overcast",Cloudy skies throughout the day with early morning rain.,rain,obs
Meiktila,9/14/2016,29,78.4,100,9.7,1007,94.3,5.5,9,"Rain, Overcast",Cloudy skies throughout the day with rain.,rain,obs
Meiktila,9/15/2016,28.4,82.2,100,12.6,1006.4,93.3,5.7,6,"Rain, Overcast",Cloudy skies throughout the day with a chance of rain throughout the day.,rain,obs
Meiktila,9/16/2016,28.1,83.2,100,11.9,1006.3,93.3,5.4,6,"Rain, Overcast",Cloudy skies throughout the day with a chance of rain throughout the day.,rain,obs
Meiktila,9/17/2016,29.1,76.8,0,14.8,1006.3,86.3,5.4,8,Partially cloudy,Partly cloudy throughout the day.,partly-cloudy-day,obs
Meiktila,9/18/2016,27.9,82.5,100,10.8,1007.2,90.7,3.7,7,"Rain, Overcast",Cloudy skies throughout the day with a chance of rain throughout the day.,rain,obs
Meiktila,9/19/2016,28.5,79.6,100,10.8,1006.2,87,5,7,"Rain, Partially cloudy",Partly cloudy throughout the day with rain in the morning and afternoon.,rain,obs
Meiktila,9/20/2016,28.4,80,100,9,1006.6,96.1,5.5,7,"Rain, Overcast",Cloudy skies throughout the day with rain.,rain,obs
Meiktila,9/21/2016,28.5,80.6,100,7.2,1009.4,91.4,5,7,"Rain, Overcast",Cloudy skies throughout the day with rain.,rain,obs
Meiktila,9/22/2016,28.2,82,100,7.9,1009.7,90.7,5.7,7,"Rain, Overcast",Cloudy skies throughout the day with late afternoon rain.,rain,obs
Meiktila,9/23/2016,28.7,79.7,100,6.1,1007.5,86,5.3,8,"Rain, Partially cloudy",Partly cloudy throughout the day with afternoon rain.,rain,obs
Meiktila,9/24/2016,29.2,77.1,100,8.6,1006.1,88.4,4.8,8,"Rain, Partially cloudy",Partly cloudy throughout the day with rain.,rain,obs
Meiktila,9/25/2016,29,81.1,100,10.4,1006.2,89.2,4.8,7,"Rain, Partially cloudy",Partly cloudy throughout the day with a chance of rain throughout the day.,rain,obs
Meiktila,9/26/2016,28.3,82.2,100,10.4,1007,94.3,5.2,6,"Rain, Overcast",Cloudy skies throughout the day with rain.,rain,obs
Meiktila,9/27/2016,28.2,81.7,100,10.1,1007.1,90,5.3,7,"Rain, Partially cloudy",Partly cloudy throughout the day with afternoon rain.,rain,obs
Meiktila,9/28/2016,29,78.3,100,7.9,1006.5,54.3,5.5,8,"Rain, Partially cloudy",Partly cloudy throughout the day with afternoon rain.,rain,obs
Meiktila,9/29/2016,28.7,79.4,100,9.7,1006.4,62.9,5,7,"Rain, Partially cloudy",Partly cloudy throughout the day with afternoon rain.,rain,obs
Meiktila,9/30/2016,29.7,73,0,9,1006.2,74.6,5.8,7,Partially cloudy,Partly cloudy throughout the day.,partly-cloudy-day,obs
Meiktila,10/1/2016,29.2,75.9,100,11.2,1008.1,91.1,5.2,7,"Rain, Overcast",Cloudy skies throughout the day with early morning rain.,rain,obs
Meiktila,10/2/2016,28.9,78,100,9.4,1008.8,95.2,5.3,7,"Rain, Overcast",Cloudy skies throughout the day with rain.,rain,obs
Meiktila,10/3/2016,27.5,85.9,100,7.2,1007.2,97.7,5,6,"Rain, Overcast",Cloudy skies throughout the day with a chance of rain throughout the day.,rain,obs
Meiktila,10/4/2016,27.7,84.1,100,8.6,1006.5,84.8,4.7,7,"Rain, Partially cloudy",Partly cloudy throughout the day with a chance of rain throughout the day.,rain,obs
Meiktila,10/5/2016,27.8,82.5,100,8.6,1006.6,66.2,5,6,"Rain, Partially cloudy",Partly cloudy throughout the day with rain.,rain,obs
Meiktila,10/6/2016,28.3,83.1,100,6.5,1007.5,67.3,6,6,"Rain, Partially cloudy",Partly cloudy throughout the day with rain.,rain,obs
Meiktila,10/7/2016,27.8,81.6,100,8.3,1008.3,70,5.4,8,"Rain, Partially cloudy",Partly cloudy throughout the day with afternoon rain.,rain,obs
Meiktila,10/8/2016,28.3,78.5,100,10.8,1009.1,84.6,5.3,7,"Rain, Partially cloudy",Partly cloudy throughout the day with afternoon rain.,rain,obs
Meiktila,10/9/2016,28.9,74.2,100,14.4,1008.2,53.1,5.5,8,"Rain, Partially cloudy",Partly cloudy throughout the day with afternoon rain.,rain,obs
Meiktila,10/10/2016,28.8,74,100,19.4,1007.9,40.1,5.5,7,"Rain, Partially cloudy",Partly cloudy throughout the day with rain in the morning and afternoon.,rain,obs
Meiktila,10/11/2016,28.7,73.5,100,14.4,1007.6,31.1,5.3,8,"Rain, Partially cloudy",Partly cloudy throughout the day with afternoon rain.,rain,obs
Meiktila,10/12/2016,29.2,71.5,100,15.1,1008,88,5.7,7,"Rain, Partially cloudy",Partly cloudy throughout the day with afternoon rain.,rain,obs
Meiktila,10/13/2016,29.2,74.6,100,6.8,1008.4,83.1,5,7,"Rain, Partially cloudy",Partly cloudy throughout the day with rain.,rain,obs
Meiktila,10/14/2016,29.7,74.1,100,10.8,1008.1,62.7,5,8,"Rain, Partially cloudy",Partly cloudy throughout the day with afternoon rain.,rain,obs
Meiktila,10/15/2016,29.6,76.2,100,10.1,1008,62.9,5.2,8,"Rain, Partially cloudy",Partly cloudy throughout the day with a chance of rain throughout the day.,rain,obs
Meiktila,10/16/2016,29.4,77.6,100,8.6,1007.8,64.4,5,8,"Rain, Partially cloudy",Partly cloudy throughout the day with rain.,rain,obs
Meiktila,10/17/2016,29.9,73.3,0,7.2,1007.5,91.1,6,7,Overcast,Cloudy skies throughout the day.,cloudy,obs
Meiktila,10/18/2016,28.9,77.4,100,9,1007.3,57.3,5.5,7,"Rain, Partially cloudy",Partly cloudy throughout the day with a chance of rain throughout the day.,rain,obs
Meiktila,10/19/2016,29.3,78.9,100,7.9,1005.8,34.1,5.3,8,"Rain, Partially cloudy",Partly cloudy throughout the day with rain.,rain,obs
Meiktila,10/20/2016,28.2,80.9,100,7.9,1005.1,38.9,4,7,"Rain, Partially cloudy",Partly cloudy throughout the day with a chance of rain throughout the day.,rain,obs
Meiktila,10/21/2016,28.9,79.2,100,9.7,1006,35.5,5,7,"Rain, Partially cloudy",Partly cloudy throughout the day with rain.,rain,obs
Meiktila,10/22/2016,27.9,80.7,100,10.1,1007.6,41.1,5,6,"Rain, Partially cloudy",Becoming cloudy in the afternoon with a chance of rain throughout the day.,rain,obs
Meiktila,10/23/2016,27.7,78.2,100,7.2,1007.2,36.2,4.5,6,"Rain, Partially cloudy",Partly cloudy throughout the day with a chance of rain throughout the day.,rain,obs
Meiktila,10/24/2016,28.2,79.2,100,6.5,1006.5,57,5,6,"Rain, Partially cloudy",Partly cloudy throughout the day with rain.,rain,obs
Meiktila,10/25/2016,27.5,79.4,100,6.5,1007.6,83.5,5.4,7,"Rain, Partially cloudy",Partly cloudy throughout the day with rain.,rain,obs
Meiktila,10/26/2016,28.2,78.3,100,7.2,1010.1,84.9,5.5,6,"Rain, Partially cloudy",Partly cloudy throughout the day with a chance of rain throughout the day.,rain,obs
Meiktila,10/27/2016,28.5,77.9,100,9.7,1012.3,72.4,5.5,7,"Rain, Partially cloudy",Partly cloudy throughout the day with rain in the morning and afternoon.,rain,obs
Meiktila,10/28/2016,26,90.7,100,6.8,1012.2,95.5,5,2,"Rain, Overcast",Cloudy skies throughout the day with rain.,rain,obs
Meiktila,10/29/2016,25.7,88.2,100,9.4,1012,97.3,4.8,4,"Rain, Overcast",Cloudy skies throughout the day with a chance of rain throughout the day.,rain,obs
Meiktila,10/30/2016,25.8,88.3,100,10.8,1013.2,92.2,4.7,4,"Rain, Overcast",Cloudy skies throughout the day with a chance of rain throughout the day.,rain,obs
Meiktila,10/31/2016,26.6,84.8,100,15.8,1014.3,72.4,5.5,6,"Rain, Partially cloudy",Partly cloudy throughout the day with a chance of rain throughout the day.,rain,obs
Meiktila,11/1/2016,27.1,82,100,13.3,1012.9,64.6,5.5,7,"Rain, Partially cloudy",Partly cloudy throughout the day with early morning rain.,rain,obs
Meiktila,11/2/2016,27.3,82.6,100,9.7,1013,82.8,4.7,6,"Rain, Partially cloudy",Partly cloudy throughout the day with afternoon rain.,rain,obs
Meiktila,11/3/2016,27.4,81.1,100,11.2,1013.3,51.8,5.3,6,"Rain, Partially cloudy",Partly cloudy throughout the day with afternoon rain.,rain,obs
Meiktila,11/4/2016,27.3,82.6,100,6.8,1011.1,55.6,5.2,7,"Rain, Partially cloudy",Partly cloudy throughout the day with rain.,rain,obs
Meiktila,11/5/2016,26.5,84.9,100,7.2,1009.4,44.3,5.3,6,"Rain, Partially cloudy",Partly cloudy throughout the day with rain.,rain,obs
Meiktila,11/6/2016,27,81.3,100,11.9,1008.7,40.9,5,7,"Rain, Partially cloudy",Partly cloudy throughout the day with early morning rain.,rain,obs
Meiktila,11/7/2016,27.2,80.4,100,13.3,1009.7,53.5,4.7,7,"Rain, Partially cloudy",Partly cloudy throughout the day with afternoon rain.,rain,obs
Meiktila,11/8/2016,27.9,81.9,100,7.6,1010.4,50.9,4.7,6,"Rain, Partially cloudy",Partly cloudy throughout the day with rain.,rain,obs
Meiktila,11/9/2016,27.1,84.7,100,6.5,1011.6,92.4,5,6,"Rain, Overcast",Cloudy skies throughout the day with a chance of rain throughout the day.,rain,obs
Meiktila,11/10/2016,25.8,88.7,100,6.8,1012.2,97.4,5,5,"Rain, Overcast",Cloudy skies throughout the day with a chance of rain throughout the day.,rain,obs
Meiktila,11/11/2016,25.8,88,100,6.8,1012.8,91,4.5,5,"Rain, Overcast",Cloudy skies throughout the day with a chance of rain throughout the day.,rain,obs
Meiktila,11/12/2016,27,84.1,100,6.1,1013.2,87.4,5.3,5,"Rain, Partially cloudy",Partly cloudy throughout the day with a chance of rain throughout the day.,rain,obs
Meiktila,11/13/2016,26.9,84.4,100,7.9,1013.3,44.9,5.3,6,"Rain, Partially cloudy",Partly cloudy throughout the day with rain.,rain,obs
Meiktila,11/14/2016,25.9,83.5,0,9.4,1012.7,36.8,5,7,Partially cloudy,Clearing in the afternoon.,partly-cloudy-day,obs
Meiktila,11/15/2016,25.5,80.8,0,10.8,1012.7,16.3,6,7,Clear,Clear conditions throughout the day.,clear-day,obs
Meiktila,11/16/2016,25.4,80.8,0,10.1,1013.2,13.3,5.5,7,Clear,Clear conditions throughout the day.,clear-day,obs
Meiktila,11/17/2016,24.7,82.1,0,10.4,1013.1,21.3,5.2,7,Partially cloudy,Partly cloudy throughout the day.,partly-cloudy-day,obs
Meiktila,11/18/2016,23.7,84.1,0,11.9,1011.9,30.9,5.7,8,Partially cloudy,Partly cloudy throughout the day.,partly-cloudy-day,obs
Meiktila,11/19/2016,23.2,84.1,0,10.8,1011,35.2,5,8,Partially cloudy,Clearing in the afternoon.,partly-cloudy-day,obs
Meiktila,11/20/2016,22.5,84.3,0,9.4,1011.7,29.7,5.7,8,Partially cloudy,Clearing in the afternoon.,partly-cloudy-day,obs
Meiktila,11/21/2016,22.2,81.4,0,8.3,1011.3,18.8,5.3,8,Clear,Clear conditions throughout the day.,clear-day,obs
Meiktila,11/22/2016,21.4,83,0,8.3,1010.8,29.9,5.2,8,Partially cloudy,Clearing in the afternoon.,partly-cloudy-day,obs
Meiktila,11/23/2016,21.8,81.1,0,7.9,1011.8,24.8,5.7,8,Partially cloudy,Clearing in the afternoon.,partly-cloudy-day,obs
Meiktila,11/24/2016,22.6,80.8,0,10.8,1012.1,17.6,5.5,8,Clear,Clear conditions throughout the day.,clear-day,obs
Meiktila,11/25/2016,22,81.1,0,9.4,1010.9,29.1,5.5,8,Partially cloudy,Clearing in the afternoon.,partly-cloudy-day,obs
Meiktila,11/26/2016,21.5,78.5,0,7.9,1011.5,17.2,5.2,8,Clear,Clear conditions throughout the day.,clear-day,obs
Meiktila,11/27/2016,22.5,77.8,0,7.2,1011,14.3,5.5,7,Clear,Clear conditions throughout the day.,clear-day,obs
Meiktila,11/28/2016,23.5,77.4,100,11.2,1011.8,34.3,5.5,6,"Rain, Partially cloudy",Partly cloudy throughout the day with rain.,rain,obs
Meiktila,11/29/2016,23.5,77.6,100,7.9,1013.7,27,5.7,6,"Rain, Partially cloudy",Partly cloudy throughout the day with a chance of rain throughout the day.,rain,obs
Meiktila,11/30/2016,23.9,77.9,0,10.8,1015.7,32.4,5.5,7,Partially cloudy,Clearing in the afternoon.,partly-cloudy-day,obs
Meiktila,12/1/2016,24.6,77.4,100,9.4,1015.7,50.5,5.7,6,"Rain, Partially cloudy",Partly cloudy throughout the day with a chance of rain throughout the day.,rain,obs
Meiktila,12/2/2016,24.4,79.1,100,9.7,1015.6,42.5,5.3,7,"Rain, Partially cloudy",Partly cloudy throughout the day with afternoon rain.,rain,obs
Meiktila,12/3/2016,25.4,76.2,100,11.2,1015.6,36,5.7,7,"Rain, Partially cloudy",Partly cloudy throughout the day with afternoon rain.,rain,obs
Meiktila,12/4/2016,23.9,77.2,0,15.5,1015.1,64.2,6,7,Partially cloudy,Partly cloudy throughout the day.,partly-cloudy-day,obs
Meiktila,12/5/2016,23.2,71.8,0,16.2,1014.5,8.8,5.4,7,Clear,Clear conditions throughout the day.,clear-day,obs
Meiktila,12/6/2016,23.9,70.7,0,14,1014.9,13.5,5.5,7,Clear,Clear conditions throughout the day.,clear-day,obs
Meiktila,12/7/2016,23.9,70.6,0,11.2,1013.8,65.4,5.5,7,Partially cloudy,Partly cloudy throughout the day.,partly-cloudy-day,obs
Meiktila,12/8/2016,23.5,75.9,0,13,1012.5,82.6,5.5,7,Partially cloudy,Partly cloudy throughout the day.,partly-cloudy-day,obs
Meiktila,12/9/2016,23.3,75.4,0,12.2,1010.9,72.3,5.3,7,Partially cloudy,Partly cloudy throughout the day.,partly-cloudy-day,obs
Meiktila,12/10/2016,23.3,75.6,0,10.1,1011.3,52,5.6,7,Partially cloudy,Partly cloudy throughout the day.,partly-cloudy-day,obs
Meiktila,12/11/2016,23.1,73.7,0,8.6,1011.3,8.7,5.5,7,Clear,Clear conditions throughout the day.,clear-day,obs
Meiktila,12/12/2016,23.5,73.4,0,7.9,1011.1,21.3,4.7,7,Partially cloudy,Becoming cloudy in the afternoon.,partly-cloudy-day,obs
Meiktila,12/13/2016,23.5,72.4,0,9.4,1011.3,31.4,5.3,7,Partially cloudy,Partly cloudy throughout the day.,partly-cloudy-day,obs
Meiktila,12/14/2016,23.1,72.5,0,7.9,1012.3,2.4,5.3,7,Clear,Clear conditions throughout the day.,clear-day,obs
Meiktila,12/15/2016,22.9,71.9,0,7.6,1013,0.9,5.5,7,Clear,Clear conditions throughout the day.,clear-day,obs
Meiktila,12/16/2016,23.4,72.7,0,10.4,1014.4,9.2,5.3,7,Clear,Clear conditions throughout the day.,clear-day,obs
Meiktila,12/17/2016,24.2,73.1,100,7.6,1014,38.3,5,6,"Rain, Partially cloudy",Partly cloudy throughout the day with afternoon rain.,rain,obs
Meiktila,12/18/2016,25.7,71.9,100,9.4,1014,29.3,5,6,"Rain, Partially cloudy",Partly cloudy throughout the day with rain in the morning and afternoon.,rain,obs
Meiktila,12/19/2016,24.7,71.6,0,10.8,1012.9,19.3,5.3,7,Clear,Clear conditions throughout the day.,clear-day,obs
Meiktila,12/20/2016,24.5,66.8,0,13.3,1011.7,5.8,5.5,7,Clear,Clear conditions throughout the day.,clear-day,obs
Meiktila,12/21/2016,23,67.8,0,7.2,1012,12.8,5.4,7,Clear,Clear conditions throughout the day.,clear-day,obs
Meiktila,12/22/2016,22.9,73,0,9.7,1012.6,5.7,5,7,Clear,Clear conditions throughout the day.,clear-day,obs
Meiktila,12/23/2016,24.3,70,0,16.6,1011.3,26.3,5.5,7,Partially cloudy,Partly cloudy throughout the day.,partly-cloudy-day,obs
Meiktila,12/24/2016,25.3,69,100,13.3,1011.4,36.5,5.5,6,"Rain, Partially cloudy",Partly cloudy throughout the day with a chance of rain throughout the day.,rain,obs
Meiktila,12/25/2016,25.3,69.7,0,7.6,1012.3,19.9,5,6,Clear,Clear conditions throughout the day.,clear-day,obs
Meiktila,12/26/2016,25.1,69.1,0,6.8,1012,21.9,5.3,7,Partially cloudy,Partly cloudy throughout the day.,partly-cloudy-day,obs
Meiktila,12/27/2016,24,70.9,0,8.3,1012.4,9.8,5.2,7,Clear,Clear conditions throughout the day.,clear-day,obs
Meiktila,12/28/2016,22.9,72.9,0,11.9,1013.9,6.2,5,7,Clear,Clear conditions throughout the day.,clear-day,obs
Meiktila,12/29/2016,22.6,69.6,0,10.4,1015.7,4.8,5.3,7,Clear,Clear conditions throughout the day.,clear-day,obs
Meiktila,12/30/2016,23.5,65.8,0,9.7,1015.7,18.3,6,6,Clear,Clear conditions throughout the day.,clear-day,obs
Meiktila,12/31/2016,23.5,70.4,0,9.7,1015.1,14.8,6,7,Clear,Clear conditions throughout the day.,clear-day,obs
name,datetime,temp,humidity,precipprob,windspeed,sealevelpressure,cloudcover,visibility,uvindex,conditions,description,icon,source
Meiktila,1/1/2017,24.3,69.3,0,10.8,1015,6.9,5.5,7,Clear,Clear conditions throughout the day.,clear-day,obs
Meiktila,1/2/2017,24.5,66.5,0,10.4,1014.3,39.9,5.5,7,Partially cloudy,Partly cloudy throughout the day.,partly-cloudy-day,obs
Meiktila,1/3/2017,21.4,81.6,100,7.6,1014.6,96.5,4.3,1,"Rain, Overcast",Cloudy skies throughout the day with a chance of rain throughout the day.,rain,obs
Meiktila,1/4/2017,23.1,79.6,100,9,1012.5,47.9,5,7,"Rain, Partially cloudy",Partly cloudy throughout the day with rain.,rain,obs
Meiktila,1/5/2017,22.7,80.6,0,8.6,1012,19,5.7,7,Clear,Clear conditions throughout the day.,clear-day,obs
Meiktila,1/6/2017,22.5,76.6,0,10.4,1011.8,8.3,5.5,7,Clear,Clear conditions throughout the day.,clear-day,obs
Meiktila,1/7/2017,20.6,71.9,0,10.1,1011.1,0,5.3,8,Clear,Clear conditions throughout the day.,clear-day,obs
Meiktila,1/8/2017,20.2,67.9,0,10.1,1010.9,0.1,5.5,8,Clear,Clear conditions throughout the day.,clear-day,obs
Meiktila,1/9/2017,20.3,68.3,0,9.4,1010.8,0,5.5,8,Clear,Clear conditions throughout the day.,clear-day,obs
Meiktila,1/10/2017,20.7,68.6,0,10.8,1010.6,10.2,5.5,7,Clear,Clear conditions throughout the day.,clear-day,obs
Meiktila,1/11/2017,21.7,65.7,0,10.4,1010.7,15.1,5.4,8,Clear,Clear conditions throughout the day.,clear-day,obs
Meiktila,1/12/2017,20.7,67.6,0,9.7,1010.4,5.3,5.4,8,Clear,Clear conditions throughout the day.,clear-day,obs
Meiktila,1/13/2017,20.5,62.8,0,10.8,1011,8.1,5.7,8,Clear,Clear conditions throughout the day.,clear-day,obs
Meiktila,1/14/2017,20,63.7,0,11.2,1012.4,30.7,5.7,8,Partially cloudy,Becoming cloudy in the afternoon.,partly-cloudy-day,obs
Meiktila,1/15/2017,19.7,63.5,0,11.5,1014.1,43.2,5.5,8,Partially cloudy,Clearing in the afternoon.,partly-cloudy-day,obs
Meiktila,1/16/2017,20.8,56.8,0,8.6,1013.1,0,5.3,8,Clear,Clear conditions throughout the day.,clear-day,obs
Meiktila,1/17/2017,21.2,56.6,0,10.1,1013.7,0,5,8,Clear,Clear conditions throughout the day.,clear-day,obs
Meiktila,1/18/2017,20.8,64.1,0,9.4,1016.2,29.5,5.5,8,Partially cloudy,Partly cloudy throughout the day.,partly-cloudy-day,obs
Meiktila,1/19/2017,20.9,66.3,0,13.3,1016.4,59.9,5.5,8,Partially cloudy,Clearing in the afternoon.,partly-cloudy-day,obs
Meiktila,1/20/2017,21.4,61.6,0,16.2,1015.2,71.8,5.3,8,Partially cloudy,Partly cloudy throughout the day.,partly-cloudy-day,obs
Meiktila,1/21/2017,21.1,59.7,0,10.1,1015.7,31.9,5.6,8,Partially cloudy,Clearing in the afternoon.,partly-cloudy-day,obs
Meiktila,1/22/2017,21.7,59.5,0,9.7,1016.7,1.3,5.5,8,Clear,Clear conditions throughout the day.,clear-day,obs
Meiktila,1/23/2017,23.9,58.4,0,6.1,1015.4,29,5,8,Partially cloudy,Becoming cloudy in the afternoon.,partly-cloudy-day,obs
Meiktila,1/24/2017,24.1,65.8,0,9,1015.7,14.6,5.4,8,Clear,Clear conditions throughout the day.,clear-day,obs
Meiktila,1/25/2017,23.6,66.1,0,12.2,1017.2,0,5.5,8,Clear,Clear conditions throughout the day.,clear-day,obs
Meiktila,1/26/2017,23.8,62.1,0,9.7,1016.7,1.7,5.3,8,Clear,Clear conditions throughout the day.,clear-day,obs
Meiktila,1/27/2017,24.4,61.7,0,7.2,1014.3,0.2,5.5,8,Clear,Clear conditions throughout the day.,clear-day,obs
Meiktila,1/28/2017,24.9,60.6,0,8.6,1012.3,5.7,5.5,8,Clear,Clear conditions throughout the day.,clear-day,obs
Meiktila,1/29/2017,23.5,64.7,0,9.7,1012.3,1.3,5.5,8,Clear,Clear conditions throughout the day.,clear-day,obs
Meiktila,1/30/2017,23.3,62.8,0,9.7,1012.3,0,5.4,8,Clear,Clear conditions throughout the day.,clear-day,obs
Meiktila,1/31/2017,23.1,64.5,0,13.7,1011.7,1.7,5.5,8,Clear,Clear conditions throughout the day.,clear-day,obs
Meiktila,2/1/2017,24.3,64.5,0,9.7,1013.2,1.5,5.2,8,Clear,Clear conditions throughout the day.,clear-day,obs
Meiktila,2/2/2017,24.7,61.7,0,9.7,1014.1,2.6,5.3,8,Clear,Clear conditions throughout the day.,clear-day,obs
Meiktila,2/3/2017,23.1,65.3,0,8.6,1013.3,0.1,5.3,8,Clear,Clear conditions throughout the day.,clear-day,obs
Meiktila,2/4/2017,22.9,63.9,0,13.7,1013.8,0,5.7,8,Clear,Clear conditions throughout the day.,clear-day,obs
Meiktila,2/5/2017,23.3,63.3,0,9.7,1012.7,0,5.4,9,Clear,Clear conditions throughout the day.,clear-day,obs
Meiktila,2/6/2017,23.6,61.1,0,9,1010.5,0,5.5,8,Clear,Clear conditions throughout the day.,clear-day,obs
Meiktila,2/7/2017,23.3,63,0,12.2,1010.3,0,5.5,9,Clear,Clear conditions throughout the day.,clear-day,obs
Meiktila,2/8/2017,23.4,62,0,9.7,1011.6,0,6,9,Clear,Clear conditions throughout the day.,clear-day,obs
Meiktila,2/9/2017,24.7,58.3,0,10.4,1011,0,5.7,9,Clear,Clear conditions throughout the day.,clear-day,obs
Meiktila,2/10/2017,24.8,58.6,0,17.3,1010.8,0,5.5,9,Clear,Clear conditions throughout the day.,clear-day,obs
Meiktila,2/11/2017,25.2,51.3,0,12.6,1013.4,0,5.3,9,Clear,Clear conditions throughout the day.,clear-day,obs
Meiktila,2/12/2017,24.1,50.6,0,10.1,1015.8,0,6,9,Clear,Clear conditions throughout the day.,clear-day,obs
Meiktila,2/13/2017,23.6,58.1,0,9.4,1015.9,0.1,5.2,9,Clear,Clear conditions throughout the day.,clear-day,obs
Meiktila,2/14/2017,24.5,58.8,0,9.4,1017.3,4.6,5,9,Clear,Clear conditions throughout the day.,clear-day,obs
Meiktila,2/15/2017,24.5,58.9,0,9.4,1017.1,11.7,5,8,Clear,Clear conditions throughout the day.,clear-day,obs
Meiktila,2/16/2017,25.1,57.5,0,9.7,1015.4,4.5,5.3,9,Clear,Clear conditions throughout the day.,clear-day,obs
Meiktila,2/17/2017,25.6,54.1,0,9.4,1014.6,0.4,5,9,Clear,Clear conditions throughout the day.,clear-day,obs
Meiktila,2/18/2017,26,50.8,0,9.4,1014.5,0.2,5,9,Clear,Clear conditions throughout the day.,clear-day,obs
Meiktila,2/19/2017,26,58.7,0,11.2,1012.1,8.4,4.8,9,Clear,Clear conditions throughout the day.,clear-day,obs
Meiktila,2/20/2017,25.8,48.3,0,20.2,1008.7,0.5,4.8,9,Clear,Clear conditions throughout the day.,clear-day,obs
Meiktila,2/21/2017,26.4,46.9,0,20.2,1009.9,0.1,4.4,9,Clear,Clear conditions throughout the day.,clear-day,obs
Meiktila,2/22/2017,27.6,43.9,0,18.4,1010.3,0.1,4.7,9,Clear,Clear conditions throughout the day.,clear-day,obs
Meiktila,2/23/2017,27.6,44.6,0,21.2,1010.6,0.4,4.8,9,Clear,Clear conditions throughout the day.,clear-day,obs
Meiktila,2/24/2017,28.4,42.5,0,16.9,1011,0,5,9,Clear,Clear conditions throughout the day.,clear-day,obs
Meiktila,2/25/2017,26.7,50.8,0,9.7,1010.5,0,4.5,9,Clear,Clear conditions throughout the day.,clear-day,obs
Meiktila,2/26/2017,24.8,45.5,0,14.8,1008.9,0,5,9,Clear,Clear conditions throughout the day.,clear-day,obs
Meiktila,2/27/2017,25.4,41.8,0,14,1010.9,1.3,4.8,9,Clear,Clear conditions throughout the day.,clear-day,obs
Meiktila,2/28/2017,25.3,46.1,0,10.4,1011.2,0.3,4.8,9,Clear,Clear conditions throughout the day.,clear-day,obs
Meiktila,3/1/2017,25.7,48,0,10.8,1010.8,13.9,4.4,9,Clear,Clear conditions throughout the day.,clear-day,obs
Meiktila,3/2/2017,26.2,42.6,0,15.8,1010.4,0,5,9,Clear,Clear conditions throughout the day.,clear-day,obs
Meiktila,3/3/2017,26.9,36.3,0,15.1,1008.3,15,4.8,9,Clear,Clear conditions throughout the day.,clear-day,obs
Meiktila,3/4/2017,28.3,34.4,0,16.2,1007.6,0.2,4.8,9,Clear,Clear conditions throughout the day.,clear-day,obs
Meiktila,3/5/2017,27.1,40.1,0,16.2,1007.8,1.5,4.5,9,Clear,Clear conditions throughout the day.,clear-day,obs
Meiktila,3/6/2017,27.3,34.9,0,15.1,1007.9,4.4,4.7,9,Clear,Clear conditions throughout the day.,clear-day,obs
Meiktila,3/7/2017,27,46.2,100,10.8,1007.9,9.3,4.3,9,Rain,Clear conditions throughout the day with late afternoon rain.,rain,obs
Meiktila,3/8/2017,27.1,54.9,0,10.8,1007.7,28.4,4.8,9,Partially cloudy,Partly cloudy throughout the day.,partly-cloudy-day,obs
Meiktila,3/9/2017,27.8,52.8,0,9,1007.2,45.1,4.6,9,Partially cloudy,Partly cloudy throughout the day.,partly-cloudy-day,obs
Meiktila,3/10/2017,27.8,55.8,100,14.8,1008.1,56,5,7,"Rain, Partially cloudy",Partly cloudy throughout the day with rain.,rain,obs
Meiktila,3/11/2017,27.8,60.1,100,16.6,1009.2,44.9,5,9,"Rain, Partially cloudy",Partly cloudy throughout the day with late afternoon rain.,rain,obs
Meiktila,3/12/2017,26.4,65.5,100,19.8,1009.9,59.7,5,8,"Rain, Partially cloudy",Partly cloudy throughout the day with afternoon rain.,rain,obs
Meiktila,3/13/2017,27.4,60.4,0,13,1010.8,18.8,4.8,9,Clear,Clear conditions throughout the day.,clear-day,obs
Meiktila,3/14/2017,26.8,59.3,0,8.6,1010,1,5,10,Clear,Clear conditions throughout the day.,clear-day,obs
Meiktila,3/15/2017,27.2,52.1,0,10.4,1009.5,0,5,10,Clear,Clear conditions throughout the day.,clear-day,obs
Meiktila,3/16/2017,27.9,48.8,0,9.4,1007.2,8.9,4.8,10,Clear,Clear conditions throughout the day.,clear-day,obs
Meiktila,3/17/2017,27.8,44,0,14.8,1007,12.4,4.6,10,Clear,Clear conditions throughout the day.,clear-day,obs
Meiktila,3/18/2017,27.3,39.5,0,13,1008.9,1.5,4.6,10,Clear,Clear conditions throughout the day.,clear-day,obs
Meiktila,3/19/2017,26.9,45.1,0,9.7,1010.7,8.8,4.4,10,Clear,Clear conditions throughout the day.,clear-day,obs
Meiktila,3/20/2017,27.7,47,0,16.9,1009.8,31.4,4.6,9,Partially cloudy,Partly cloudy throughout the day.,partly-cloudy-day,obs
Meiktila,3/21/2017,26,51.5,0,10.4,1011.9,12,4.8,9,Clear,Clear conditions throughout the day.,clear-day,obs
Meiktila,3/22/2017,26.5,43.9,0,12.2,1010.4,0,4.8,10,Clear,Clear conditions throughout the day.,clear-day,obs
Meiktila,3/23/2017,27.6,42.8,0,9.4,1009.1,0.1,5.2,10,Clear,Clear conditions throughout the day.,clear-day,obs
Meiktila,3/24/2017,28.5,41.7,0,15.5,1008.9,0.2,4.2,10,Clear,Clear conditions throughout the day.,clear-day,obs
Meiktila,3/25/2017,29.7,36.1,0,17.3,1009.5,0.9,5,10,Clear,Clear conditions throughout the day.,clear-day,obs
Meiktila,3/26/2017,29.5,40,0,9.4,1010.4,11.6,5,9,Clear,Clear conditions throughout the day.,clear-day,obs
Meiktila,3/27/2017,30.7,43.3,0,16.2,1010,14.2,5,9,Clear,Clear conditions throughout the day.,clear-day,obs
Meiktila,3/28/2017,31,40.1,0,13.7,1010.4,21.6,4.7,10,Partially cloudy,Partly cloudy throughout the day.,partly-cloudy-day,obs
Meiktila,3/29/2017,31.4,39.4,0,16.2,1009.5,39.2,4.8,10,Partially cloudy,Partly cloudy throughout the day.,partly-cloudy-day,obs
Meiktila,3/30/2017,31.3,42.7,0,22.7,1010.1,47,4.6,10,Partially cloudy,Partly cloudy throughout the day.,partly-cloudy-day,obs
Meiktila,3/31/2017,30.5,48.9,0,11.5,1010.7,18,4.6,9,Clear,Clear conditions throughout the day.,clear-day,obs
Meiktila,4/1/2017,31.6,48,0,11.5,1008.6,11.3,5.5,9,Clear,Clear conditions throughout the day.,clear-day,obs
Meiktila,4/2/2017,32.4,44.8,0,20.5,1008.5,10.6,5,10,Clear,Clear conditions throughout the day.,clear-day,obs
Meiktila,4/3/2017,31.2,48.2,100,23.8,1010.1,19.8,4.5,10,Rain,Clear conditions throughout the day with late afternoon rain.,rain,obs
Meiktila,4/4/2017,29.5,47.5,100,13.7,1011.4,18.7,5,10,Rain,Clear conditions throughout the day with early morning rain.,rain,obs
Meiktila,4/5/2017,30,43,0,8.6,1009.2,9.6,5.2,10,Clear,Clear conditions throughout the day.,clear-day,obs
Meiktila,4/6/2017,30.8,44.2,0,7.9,1007.3,18.1,5,10,Clear,Clear conditions throughout the day.,clear-day,obs
Meiktila,4/7/2017,32.8,45.3,0,9.4,1006.7,12.8,5.2,10,Clear,Clear conditions throughout the day.,clear-day,obs
Meiktila,4/8/2017,33.7,46.3,0,15.1,1006.5,7.6,5.2,9,Clear,Clear conditions throughout the day.,clear-day,obs
Meiktila,4/9/2017,34.8,44.5,0,19.1,1005.8,8.6,5.4,10,Clear,Clear conditions throughout the day.,clear-day,obs
Meiktila,4/10/2017,34.9,44.2,0,20.2,1004.9,7.6,5,10,Clear,Clear conditions throughout the day.,clear-day,obs
Meiktila,4/11/2017,33.6,47.2,0,16.6,1005.1,6.9,5,9,Clear,Clear conditions throughout the day.,clear-day,obs
Meiktila,4/12/2017,33.1,47,0,9.7,1005.4,5.4,5,10,Clear,Clear conditions throughout the day.,clear-day,obs
Meiktila,4/13/2017,33.8,48.3,0,16.2,1006.9,9,4.8,9,Clear,Clear conditions throughout the day.,clear-day,obs
Meiktila,4/14/2017,32.6,42.8,0,22.7,1008.2,78.3,4.8,9,Partially cloudy,Partly cloudy throughout the day.,partly-cloudy-day,obs
Meiktila,4/15/2017,30.3,58.7,100,22.3,1008.2,96.4,5.2,6,"Rain, Overcast",Cloudy skies throughout the day with rain.,rain,obs
Meiktila,4/16/2017,24,84.7,100,14.8,1009.1,100,4.3,2,"Rain, Overcast",Cloudy skies throughout the day with a chance of rain throughout the day.,rain,obs
Meiktila,4/17/2017,22.6,91.9,100,21.2,1007.8,85.6,3.6,2,"Rain, Partially cloudy",Partly cloudy throughout the day with a chance of rain throughout the day.,rain,obs
Meiktila,4/18/2017,25.8,76.8,100,7.9,1009.7,46.7,4.4,8,"Rain, Partially cloudy",Partly cloudy throughout the day with a chance of rain throughout the day.,rain,obs
Meiktila,4/19/2017,28.1,70.1,100,12.6,1008,16.3,5.2,9,Rain,Clear conditions throughout the day with afternoon rain.,rain,obs
Meiktila,4/20/2017,28.4,63.8,0,22,1007.8,30.3,5.4,10,Partially cloudy,Partly cloudy throughout the day.,partly-cloudy-day,obs
Meiktila,4/21/2017,27.4,72.3,100,18.7,1008.5,41.3,4.6,9,"Rain, Partially cloudy",Partly cloudy throughout the day with rain.,rain,obs
Meiktila,4/22/2017,28.2,71.5,100,14,1008.1,67.9,4.8,9,"Rain, Partially cloudy",Partly cloudy throughout the day with rain.,rain,obs
Meiktila,4/23/2017,28.3,64.5,100,23,1007.4,39.7,5.3,10,"Rain, Partially cloudy",Partly cloudy throughout the day with early morning rain.,rain,obs
Meiktila,4/24/2017,28.7,61.9,0,23.4,1007.5,42.6,4.6,10,Partially cloudy,Partly cloudy throughout the day.,partly-cloudy-day,obs
Meiktila,4/25/2017,29,66.4,0,21.6,1007.8,49.5,5,9,Partially cloudy,Partly cloudy throughout the day.,partly-cloudy-day,obs
Meiktila,4/26/2017,30,66.1,0,20.2,1007.4,13.7,5,10,Clear,Clear conditions throughout the day.,clear-day,obs
Meiktila,4/27/2017,30.9,64.9,0,14.8,1007.6,5.8,4.6,10,Clear,Clear conditions throughout the day.,clear-day,obs
Meiktila,4/28/2017,31.2,65.1,100,13.3,1007.2,13.4,4.8,10,Rain,Clear conditions throughout the day with late afternoon rain.,rain,obs
Meiktila,4/29/2017,30.6,65.9,100,15.8,1008.8,24.2,5.4,9,"Rain, Partially cloudy",Partly cloudy throughout the day with late afternoon rain.,rain,obs
Meiktila,4/30/2017,31.8,61.5,100,14.8,1008.3,14,5,9,Rain,Clear conditions throughout the day with late afternoon rain.,rain,obs
Meiktila,5/1/2017,32.1,58.6,0,14.4,1008.9,6.4,5.4,10,Clear,Clear conditions throughout the day.,clear-day,obs
Meiktila,5/2/2017,32.3,58.1,0,13,1008.7,14.2,5.2,10,Clear,Clear conditions throughout the day.,clear-day,obs
Meiktila,5/3/2017,32.2,57.1,0,7.2,1008.2,18.2,5,10,Clear,Clear conditions throughout the day.,clear-day,obs
Meiktila,5/4/2017,32.2,61.2,0,7.2,1007.8,21.6,5,9,Partially cloudy,Partly cloudy throughout the day.,partly-cloudy-day,obs
Meiktila,5/5/2017,32.2,62.7,100,18,1008,17.9,5.2,9,Rain,Clear conditions throughout the day with a chance of rain throughout the day.,rain,obs
Meiktila,5/6/2017,31.9,63.8,100,17.3,1010,26.7,4.5,9,"Rain, Partially cloudy",Partly cloudy throughout the day with afternoon rain.,rain,obs
Meiktila,5/7/2017,32.4,57.9,100,16.2,1009.6,24.5,5.5,10,"Rain, Partially cloudy",Partly cloudy throughout the day with late afternoon rain.,rain,obs
Meiktila,5/8/2017,31.4,59.4,0,13.3,1008.4,25.3,5.2,9,Partially cloudy,Partly cloudy throughout the day.,partly-cloudy-day,obs
Meiktila,5/9/2017,32,57.8,100,15.1,1007,57.3,4.8,9,"Rain, Partially cloudy",Partly cloudy throughout the day with late afternoon rain.,rain,obs
Meiktila,5/10/2017,30.1,67.4,100,13.3,1008.5,43.9,5.2,9,"Rain, Partially cloudy",Partly cloudy throughout the day with a chance of rain throughout the day.,rain,obs
Meiktila,5/11/2017,31.4,66.2,100,11.5,1008.6,34.1,5.3,10,"Rain, Partially cloudy",Partly cloudy throughout the day with rain.,rain,obs
Meiktila,5/12/2017,30,70.2,100,7.9,1008.5,44.8,5,9,"Rain, Partially cloudy",Clearing in the afternoon with rain clearing later.,rain,obs
Meiktila,5/13/2017,31.5,64.7,100,14.4,1006.1,38.3,5,9,"Rain, Partially cloudy",Partly cloudy throughout the day with rain.,rain,obs
Meiktila,5/14/2017,31.2,67.2,100,17.6,1005.4,41,5.4,9,"Rain, Partially cloudy",Partly cloudy throughout the day with late afternoon rain.,rain,obs
Meiktila,5/15/2017,30.4,69.5,100,17.3,1004.6,62.6,5.3,9,"Rain, Partially cloudy",Partly cloudy throughout the day with rain.,rain,obs
Meiktila,5/16/2017,30.1,71.9,100,16.6,1004,62.5,5.4,7,"Rain, Partially cloudy",Partly cloudy throughout the day with rain.,rain,obs
Meiktila,5/17/2017,27.7,79.9,100,13.3,1004.1,73.5,5.6,6,"Rain, Partially cloudy",Partly cloudy throughout the day with a chance of rain throughout the day.,rain,obs
Meiktila,5/18/2017,29,74.3,100,11.2,1005.1,64.8,5.2,8,"Rain, Partially cloudy",Partly cloudy throughout the day with rain in the morning and afternoon.,rain,obs
Meiktila,5/19/2017,31.4,67.3,100,11.5,1005.5,22.2,5.5,9,"Rain, Partially cloudy",Partly cloudy throughout the day with a chance of rain throughout the day.,rain,obs
Meiktila,5/20/2017,32.2,64.7,0,15.5,1004,22,5.6,9,Partially cloudy,Partly cloudy throughout the day.,partly-cloudy-day,obs
Meiktila,5/21/2017,32.6,63.6,100,16.6,1003,27.2,5.6,9,"Rain, Partially cloudy",Partly cloudy throughout the day with late afternoon rain.,rain,obs
Meiktila,5/22/2017,33.1,61.3,100,13.7,1003.9,45.3,5.6,9,"Rain, Partially cloudy",Partly cloudy throughout the day with rain.,rain,obs
Meiktila,5/23/2017,33.1,62.5,100,14,1004.8,75,5.8,9,"Rain, Partially cloudy",Partly cloudy throughout the day with rain.,rain,obs
Meiktila,5/24/2017,32.9,64.4,100,14.8,1004.1,63.9,5,8,"Rain, Partially cloudy",Partly cloudy throughout the day with a chance of rain throughout the day.,rain,obs
Meiktila,5/25/2017,32.9,62.1,100,16.2,1003.9,65.8,5,9,"Rain, Partially cloudy",Partly cloudy throughout the day with rain.,rain,obs
Meiktila,5/26/2017,28.8,76.6,100,16.2,1005.6,92.4,5.2,8,"Rain, Overcast",Cloudy skies throughout the day with rain.,rain,obs
Meiktila,5/27/2017,30.9,67.7,100,13,1004.9,90.8,5.7,6,"Rain, Overcast",Cloudy skies throughout the day with rain in the morning and afternoon.,rain,obs
Meiktila,5/28/2017,29.1,79.2,100,10.1,1004,97.4,5.8,6,"Rain, Overcast",Cloudy skies throughout the day with a chance of rain throughout the day.,rain,obs
Meiktila,5/29/2017,28.1,83.6,100,11.2,1002.6,95.7,5.3,5,"Rain, Overcast",Cloudy skies throughout the day with rain.,rain,obs
Meiktila,5/30/2017,28.6,76.3,100,31,1002.8,95.3,5,9,"Rain, Overcast",Cloudy skies throughout the day with a chance of rain throughout the day.,rain,obs
Meiktila,5/31/2017,28.6,78.7,100,24.5,1005.4,95.6,5,8,"Rain, Overcast",Cloudy skies throughout the day with rain.,rain,obs
Meiktila,6/1/2017,30,73.8,100,22.3,1005.4,79,5,9,"Rain, Partially cloudy",Partly cloudy throughout the day with rain in the morning and afternoon.,rain,obs
Meiktila,6/2/2017,30.5,70.9,100,20.5,1005.6,82.6,5.4,9,"Rain, Partially cloudy",Partly cloudy throughout the day with rain.,rain,obs
Meiktila,6/3/2017,31,68.5,100,24.1,1005.3,32.5,5.6,9,"Rain, Partially cloudy",Partly cloudy throughout the day with afternoon rain.,rain,obs
Meiktila,6/4/2017,30.3,72.2,100,23,1004.2,46.2,5.5,9,"Rain, Partially cloudy",Partly cloudy throughout the day with rain.,rain,obs
Meiktila,6/5/2017,30.4,70.4,100,19.4,1004.5,38.2,5.7,8,"Rain, Partially cloudy",Partly cloudy throughout the day with rain.,rain,obs
Meiktila,6/6/2017,31.3,69.5,100,16.6,1004.5,34.3,5.8,8,"Rain, Partially cloudy",Partly cloudy throughout the day with rain.,rain,obs
Meiktila,6/7/2017,30.1,74.7,100,14.4,1004.7,78.5,5.4,8,"Rain, Partially cloudy",Partly cloudy throughout the day with rain.,rain,obs
Meiktila,6/8/2017,30.5,70.5,100,15.1,1004,86.1,5.4,7,"Rain, Partially cloudy",Partly cloudy throughout the day with rain.,rain,obs
Meiktila,6/9/2017,30.2,69.2,100,17.6,1003.9,91.7,5.4,6,"Rain, Overcast",Cloudy skies throughout the day with afternoon rain.,rain,obs
Meiktila,6/10/2017,29.8,70.5,100,20.2,1004.2,96.8,5.4,7,"Rain, Overcast",Cloudy skies throughout the day with rain.,rain,obs
Meiktila,6/11/2017,28,82.1,100,28.1,1004.9,98.5,5.4,5,"Rain, Overcast",Cloudy skies throughout the day with a chance of rain throughout the day.,rain,obs
Meiktila,6/12/2017,27.8,81.5,100,30.6,1004.6,95,5.4,9,"Rain, Overcast",Cloudy skies throughout the day with afternoon rain.,rain,obs
Meiktila,6/13/2017,27.4,83.3,100,24.8,1005.4,95.1,5.6,6,"Rain, Overcast",Cloudy skies throughout the day with rain.,rain,obs
Meiktila,6/14/2017,26.7,87.7,100,22.7,1006.8,99.6,4.5,5,"Rain, Overcast",Cloudy skies throughout the day with a chance of rain throughout the day.,rain,obs
Meiktila,6/15/2017,26.7,85.3,100,24.1,1007.5,96.1,4.8,6,"Rain, Overcast",Cloudy skies throughout the day with a chance of rain throughout the day.,rain,obs
Meiktila,6/16/2017,28,79.7,100,25.9,1007.4,92,5.6,7,"Rain, Overcast",Cloudy skies throughout the day with a chance of rain throughout the day.,rain,obs
Meiktila,6/17/2017,27.9,82.6,100,24.8,1005.7,95.5,5.6,7,"Rain, Overcast",Cloudy skies throughout the day with a chance of rain throughout the day.,rain,obs
Meiktila,6/18/2017,28,80.4,100,25.2,1004,88.5,5.2,7,"Rain, Partially cloudy",Partly cloudy throughout the day with rain in the morning and afternoon.,rain,obs
Meiktila,6/19/2017,27.4,82.6,100,25.9,1004.3,95.2,5.8,7,"Rain, Overcast",Cloudy skies throughout the day with rain.,rain,obs
Meiktila,6/20/2017,26.3,86.6,100,24.5,1004.3,99.7,5.6,4,"Rain, Overcast",Cloudy skies throughout the day with a chance of rain throughout the day.,rain,obs
Meiktila,6/21/2017,27,85,100,26.3,1004.2,96.7,5.4,4,"Rain, Overcast",Cloudy skies throughout the day with a chance of rain throughout the day.,rain,obs
Meiktila,6/22/2017,27.9,81.5,100,24.1,1004.1,87.4,5.8,8,"Rain, Partially cloudy",Partly cloudy throughout the day with rain.,rain,obs
Meiktila,6/23/2017,28.3,77.6,100,24.5,1003.8,86,5.6,7,"Rain, Partially cloudy",Partly cloudy throughout the day with rain in the morning and afternoon.,rain,obs
Meiktila,6/24/2017,28.6,74,100,24.1,1003,76.5,5.5,6,"Rain, Partially cloudy",Partly cloudy throughout the day with morning rain.,rain,obs
Meiktila,6/25/2017,29.5,72.9,0,18.4,1003.9,74.8,6.2,5,Partially cloudy,Partly cloudy throughout the day.,partly-cloudy-day,obs
Meiktila,6/26/2017,29.3,74.1,100,20.5,1005.1,94.6,5.5,7,"Rain, Overcast",Cloudy skies throughout the day with rain.,rain,obs
Meiktila,6/27/2017,29.2,74.4,100,18.7,1005.1,97.4,6.2,6,"Rain, Overcast",Cloudy skies throughout the day with a chance of rain throughout the day.,rain,obs
Meiktila,6/28/2017,29.2,73.8,100,15.5,1005.9,97.3,5.5,7,"Rain, Overcast",Cloudy skies throughout the day with rain in the morning and afternoon.,rain,obs
Meiktila,6/29/2017,28.9,75.9,100,19.4,1005.1,98.1,5.7,6,"Rain, Overcast",Cloudy skies throughout the day with a chance of rain throughout the day.,rain,obs
Meiktila,6/30/2017,28.9,76.6,100,27.4,1004.3,98.2,6.3,8,"Rain, Overcast",Cloudy skies throughout the day with rain in the morning and afternoon.,rain,obs
Meiktila,7/1/2017,28.6,74.9,100,27.4,1004.8,98.6,7,4,"Rain, Overcast",Cloudy skies throughout the day with rain.,rain,obs
Meiktila,7/2/2017,28.1,78,100,29.2,1005.3,98.6,5.8,5,"Rain, Overcast",Cloudy skies throughout the day with rain.,rain,obs
Meiktila,7/3/2017,28.1,79.6,100,29.9,1004.5,98.3,5.6,6,"Rain, Overcast",Cloudy skies throughout the day with a chance of rain throughout the day.,rain,obs
Meiktila,7/4/2017,27.9,78.6,100,25.2,1004.5,98.5,6.2,7,"Rain, Overcast",Cloudy skies throughout the day with a chance of rain throughout the day.,rain,obs
Meiktila,7/5/2017,27.5,76.5,100,29.5,1005.1,98.1,5.6,4,"Rain, Overcast",Cloudy skies throughout the day with rain in the morning and afternoon.,rain,obs
Meiktila,7/6/2017,28.1,74.8,100,23.4,1005.5,97.4,5.6,7,"Rain, Overcast",Cloudy skies throughout the day with rain in the morning and afternoon.,rain,obs
Meiktila,7/7/2017,28.6,73.7,100,22.7,1005.7,99.4,5.5,6,"Rain, Overcast",Cloudy skies throughout the day with rain in the morning and afternoon.,rain,obs
Meiktila,7/8/2017,28.5,75.5,100,23.8,1006.2,97.4,5.5,8,"Rain, Overcast",Cloudy skies throughout the day with rain in the morning and afternoon.,rain,obs
Meiktila,7/9/2017,28.8,73.4,100,24.1,1007.6,95,5.8,7,"Rain, Overcast",Cloudy skies throughout the day with rain in the morning and afternoon.,rain,obs
Meiktila,7/10/2017,27.5,79.5,100,22.7,1007.6,96.5,5.4,7,"Rain, Overcast",Cloudy skies throughout the day with rain.,rain,obs
Meiktila,7/11/2017,28.6,76.6,100,16.2,1005.6,96.6,5.6,5,"Rain, Overcast",Cloudy skies throughout the day with rain in the morning and afternoon.,rain,obs
Meiktila,7/12/2017,28.1,79.1,100,14,1005.8,97.9,5.8,5,"Rain, Overcast",Cloudy skies throughout the day with a chance of rain throughout the day.,rain,obs
Meiktila,7/13/2017,28,77.8,100,14,1005.7,98.3,5.5,7,"Rain, Overcast",Cloudy skies throughout the day with a chance of rain throughout the day.,rain,obs
Meiktila,7/14/2017,28.7,76.3,100,15.8,1005.1,95.5,6,7,"Rain, Overcast",Cloudy skies throughout the day with a chance of rain throughout the day.,rain,obs
Meiktila,7/15/2017,29.2,75.9,100,16.6,1004,88.3,5.8,7,"Rain, Partially cloudy",Partly cloudy throughout the day with rain.,rain,obs
Meiktila,7/16/2017,29.2,73.4,100,16.6,1003,93,5.6,6,"Rain, Overcast",Cloudy skies throughout the day with late afternoon rain.,rain,obs
Meiktila,7/17/2017,29,76.8,100,12.6,1002.4,94.7,5.7,8,"Rain, Overcast",Cloudy skies throughout the day with rain.,rain,obs
Meiktila,7/18/2017,25.8,91.8,100,18.7,1004.4,99.2,4.6,3,"Rain, Overcast",Cloudy skies throughout the day with a chance of rain throughout the day.,rain,obs
Meiktila,7/19/2017,27.2,82.9,100,22.3,1006.7,98.7,6,5,"Rain, Overcast",Cloudy skies throughout the day with a chance of rain throughout the day.,rain,obs
Meiktila,7/20/2017,27.4,83.3,100,22.7,1005.2,97.1,5.4,4,"Rain, Overcast",Cloudy skies throughout the day with a chance of rain throughout the day.,rain,obs
Meiktila,7/21/2017,28,81.5,100,17.3,1005.1,98.3,5.4,7,"Rain, Overcast",Cloudy skies throughout the day with a chance of rain throughout the day.,rain,obs
Meiktila,7/22/2017,26.9,85.9,100,18,1005.8,97.7,5.5,3,"Rain, Overcast",Cloudy skies throughout the day with a chance of rain throughout the day.,rain,obs
Meiktila,7/23/2017,25.7,90.3,100,24.5,1006,100,3.6,2,"Rain, Overcast",Cloudy skies throughout the day with a chance of rain throughout the day.,rain,obs
Meiktila,7/24/2017,26.2,86.6,100,18,1005.9,100,4.8,2,"Rain, Overcast",Cloudy skies throughout the day with a chance of rain throughout the day.,rain,obs
Meiktila,7/25/2017,27.7,83.1,100,14.8,1004.6,93.2,5.5,6,"Rain, Overcast",Cloudy skies throughout the day with a chance of rain throughout the day.,rain,obs
Meiktila,7/26/2017,28.2,80.7,100,10.8,1003.9,94,5.6,6,"Rain, Overcast",Cloudy skies throughout the day with rain.,rain,obs
Meiktila,7/27/2017,29.2,77.7,100,11.2,1004.2,75.8,6,7,"Rain, Partially cloudy",Partly cloudy throughout the day with rain in the morning and afternoon.,rain,obs
Meiktila,7/28/2017,28.9,80,100,15.5,1004.9,85.1,5.6,6,"Rain, Partially cloudy",Partly cloudy throughout the day with rain.,rain,obs
Meiktila,7/29/2017,27.6,84.8,100,13.3,1005.7,98.8,4.8,7,"Rain, Overcast",Cloudy skies throughout the day with a chance of rain throughout the day.,rain,obs
Meiktila,7/30/2017,29.1,78.8,100,15.5,1004.2,69.4,6,8,"Rain, Partially cloudy",Partly cloudy throughout the day with a chance of rain throughout the day.,rain,obs
Meiktila,7/31/2017,29.6,75.8,100,20.5,1004.2,79.5,6,9,"Rain, Partially cloudy",Partly cloudy throughout the day with rain in the morning and afternoon.,rain,obs
Meiktila,8/1/2017,29,77.7,100,23.8,1004.4,79.3,5.6,7,"Rain, Partially cloudy",Partly cloudy throughout the day with rain in the morning and afternoon.,rain,obs
Meiktila,8/2/2017,29.2,77.1,100,21.6,1003.8,84,5.6,8,"Rain, Partially cloudy",Partly cloudy throughout the day with rain in the morning and afternoon.,rain,obs
Meiktila,8/3/2017,29.4,75.6,100,24.5,1001.9,95.9,5.8,7,"Rain, Overcast",Cloudy skies throughout the day with rain in the morning and afternoon.,rain,obs
Meiktila,8/4/2017,29.7,72,100,18,1000.7,93,5.8,9,"Rain, Overcast",Cloudy skies throughout the day with rain in the morning and afternoon.,rain,obs
Meiktila,8/5/2017,29.1,76.9,100,18.7,1001.9,97.7,5.5,6,"Rain, Overcast",Cloudy skies throughout the day with rain.,rain,obs
Meiktila,8/6/2017,27,87.5,100,22.7,1004.4,99.6,5,4,"Rain, Overcast",Cloudy skies throughout the day with a chance of rain throughout the day.,rain,obs
Meiktila,8/7/2017,28.1,78.8,100,22,1006.8,90.4,5.6,6,"Rain, Overcast",Cloudy skies throughout the day with rain in the morning and afternoon.,rain,obs
Meiktila,8/8/2017,28.2,77.2,100,23,1008,98,5.8,7,"Rain, Overcast",Cloudy skies throughout the day with rain.,rain,obs
Meiktila,8/9/2017,27.8,80,100,23.8,1007.7,98.3,5.6,6,"Rain, Overcast",Cloudy skies throughout the day with a chance of rain throughout the day.,rain,obs
Meiktila,8/10/2017,28.1,79.6,100,25.2,1007,93.9,5.3,7,"Rain, Overcast",Cloudy skies throughout the day with a chance of rain throughout the day.,rain,obs
Meiktila,8/11/2017,28.5,76.8,100,26.6,1006.7,97.5,6,8,"Rain, Overcast",Cloudy skies throughout the day with a chance of rain throughout the day.,rain,obs
Meiktila,8/12/2017,28.4,76.9,100,26.3,1007.1,96.7,7,7,"Rain, Overcast",Cloudy skies throughout the day with rain.,rain,obs
Meiktila,8/13/2017,28.6,76.1,100,24.5,1008,97.3,5.8,7,"Rain, Overcast",Cloudy skies throughout the day with rain in the morning and afternoon.,rain,obs
Meiktila,8/14/2017,29.2,75.9,100,21.6,1007.9,94.2,6,8,"Rain, Overcast",Cloudy skies throughout the day with rain in the morning and afternoon.,rain,obs
Meiktila,8/15/2017,28.6,78.9,100,21.2,1006,95.4,6,6,"Rain, Overcast",Cloudy skies throughout the day with rain.,rain,obs
Meiktila,8/16/2017,26.6,88.1,100,16.9,1004.4,98.4,4.6,3,"Rain, Overcast",Cloudy skies throughout the day with a chance of rain throughout the day.,rain,obs
Meiktila,8/17/2017,28,78.3,100,13.3,1003.6,89,6,7,"Rain, Partially cloudy",Partly cloudy throughout the day with a chance of rain throughout the day.,rain,obs
Meiktila,8/18/2017,28.3,80,100,14.4,1005.5,85.2,5.4,8,"Rain, Partially cloudy",Partly cloudy throughout the day with rain.,rain,obs
Meiktila,8/19/2017,28.4,79.7,100,10.1,1007.5,67,5.8,8,"Rain, Partially cloudy",Partly cloudy throughout the day with rain in the morning and afternoon.,rain,obs
Meiktila,8/20/2017,29.3,77.1,100,10.4,1006,77.3,6.8,8,"Rain, Partially cloudy",Partly cloudy throughout the day with late afternoon rain.,rain,obs
Meiktila,8/21/2017,27.4,85.7,100,11.5,1004.6,98.5,5.3,6,"Rain, Overcast",Cloudy skies throughout the day with a chance of rain throughout the day.,rain,obs
Meiktila,8/22/2017,27.5,84.4,100,15.1,1005,89,5.5,5,"Rain, Partially cloudy",Partly cloudy throughout the day with a chance of rain throughout the day.,rain,obs
Meiktila,8/23/2017,28.8,76.8,100,13.3,1005.5,74.3,6,8,"Rain, Partially cloudy",Partly cloudy throughout the day with early morning rain.,rain,obs
Meiktila,8/24/2017,28.6,79.3,100,13.7,1004.9,85.8,6.2,8,"Rain, Partially cloudy",Partly cloudy throughout the day with a chance of rain throughout the day.,rain,obs
Meiktila,8/25/2017,28.1,80.8,100,20.2,1004,98.7,6.3,6,"Rain, Overcast",Cloudy skies throughout the day with rain.,rain,obs
Meiktila,8/26/2017,27.1,84.9,100,19.4,1003.6,98.5,5.5,4,"Rain, Overcast",Cloudy skies throughout the day with a chance of rain throughout the day.,rain,obs
Meiktila,8/27/2017,28,80.8,100,12.6,1004.6,80.1,5.8,8,"Rain, Partially cloudy",Partly cloudy throughout the day with a chance of rain throughout the day.,rain,obs
Meiktila,8/28/2017,28.6,79.7,100,11.5,1005.7,83,5.8,8,"Rain, Partially cloudy",Partly cloudy throughout the day with afternoon rain.,rain,obs
Meiktila,8/29/2017,28.3,79.6,100,14,1006.2,98.7,5,8,"Rain, Overcast",Cloudy skies throughout the day with a chance of rain throughout the day.,rain,obs
Meiktila,8/30/2017,27.8,82.4,100,14.8,1006.4,97.8,5.6,6,"Rain, Overcast",Cloudy skies throughout the day with rain.,rain,obs
Meiktila,8/31/2017,27.4,85.7,100,16.2,1007,95.3,5.5,4,"Rain, Overcast",Cloudy skies throughout the day with a chance of rain throughout the day.,rain,obs
Meiktila,9/1/2017,28.1,81.1,100,22,1007.1,95.7,5.4,5,"Rain, Overcast",Cloudy skies throughout the day with a chance of rain throughout the day.,rain,obs
Meiktila,9/2/2017,28.2,80.4,100,24.8,1006.5,88.4,6.2,7,"Rain, Partially cloudy",Partly cloudy throughout the day with rain.,rain,obs
Meiktila,9/3/2017,28.8,77.9,100,23.4,1006.1,86.3,5.3,8,"Rain, Partially cloudy",Partly cloudy throughout the day with rain.,rain,obs
Meiktila,9/4/2017,29.4,77.7,100,18.7,1006.2,96.8,6,7,"Rain, Overcast",Cloudy skies throughout the day with rain.,rain,obs
Meiktila,9/5/2017,28.9,80.6,100,14.8,1006.3,92.4,5.7,7,"Rain, Overcast",Cloudy skies throughout the day with rain.,rain,obs
Meiktila,9/6/2017,28.2,81.3,100,16.6,1007.2,96.7,5.4,6,"Rain, Overcast",Cloudy skies throughout the day with rain.,rain,obs
Meiktila,9/7/2017,27,87.8,100,15.8,1007.9,99.6,5,4,"Rain, Overcast",Cloudy skies throughout the day with a chance of rain throughout the day.,rain,obs
Meiktila,9/8/2017,27,86.2,100,17.6,1008.3,97.1,5.4,4,"Rain, Overcast",Cloudy skies throughout the day with a chance of rain throughout the day.,rain,obs
Meiktila,9/9/2017,27.2,83.9,100,16.6,1007.9,97.8,5.2,5,"Rain, Overcast",Cloudy skies throughout the day with a chance of rain throughout the day.,rain,obs
Meiktila,9/10/2017,27.1,80.6,100,14,1009.1,98.2,5.2,7,"Rain, Overcast",Cloudy skies throughout the day with a chance of rain throughout the day.,rain,obs
Meiktila,9/11/2017,27,81.8,100,12.6,1009.1,87.7,5,5,"Rain, Partially cloudy",Partly cloudy throughout the day with a chance of rain throughout the day.,rain,obs
Meiktila,9/12/2017,27.2,82.8,100,15.8,1010,92.7,5.6,6,"Rain, Overcast",Cloudy skies throughout the day with a chance of rain throughout the day.,rain,obs
Meiktila,9/13/2017,28.5,79.4,100,13.7,1009.7,90.8,5.8,7,"Rain, Overcast",Cloudy skies throughout the day with a chance of rain throughout the day.,rain,obs
Meiktila,9/14/2017,29.1,77.7,100,10.8,1007.8,66.8,6.4,8,"Rain, Partially cloudy",Partly cloudy throughout the day with rain clearing later.,rain,obs
Meiktila,9/15/2017,29.4,79.1,100,7.2,1005.1,89.1,5,8,"Rain, Partially cloudy",Partly cloudy throughout the day with rain in the morning and afternoon.,rain,obs
Meiktila,9/16/2017,28.4,83.6,100,16.6,1003.6,90.9,4.8,8,"Rain, Overcast",Cloudy skies throughout the day with rain.,rain,obs
Meiktila,9/17/2017,27.4,89,100,16.6,1005.9,97.7,6.2,5,"Rain, Overcast",Cloudy skies throughout the day with a chance of rain throughout the day.,rain,obs
Meiktila,9/18/2017,26.8,86.8,100,25.6,1007.4,97.3,5.2,4,"Rain, Overcast",Cloudy skies throughout the day with a chance of rain throughout the day.,rain,obs
Meiktila,9/19/2017,27.2,83.6,100,20.5,1008.2,96.3,5.5,7,"Rain, Overcast",Cloudy skies throughout the day with rain.,rain,obs
Meiktila,9/20/2017,28,80.3,100,15.8,1008.5,78.5,5.6,6,"Rain, Partially cloudy",Partly cloudy throughout the day with afternoon rain.,rain,obs
Meiktila,9/21/2017,28.8,80.1,100,9.4,1007.2,76.1,5.6,7,"Rain, Partially cloudy",Partly cloudy throughout the day with rain in the morning and afternoon.,rain,obs
Meiktila,9/22/2017,29.6,77.7,100,7.6,1006.7,81.6,6.3,8,"Rain, Partially cloudy",Partly cloudy throughout the day with early morning rain.,rain,obs
Meiktila,9/23/2017,29,80.3,100,9.7,1007.8,56.8,6.6,8,"Rain, Partially cloudy",Partly cloudy throughout the day with afternoon rain.,rain,obs
Meiktila,9/24/2017,29.1,81.4,100,7.9,1006.7,44.1,5.8,7,"Rain, Partially cloudy",Partly cloudy throughout the day with afternoon rain.,rain,obs
Meiktila,9/25/2017,29.6,79.8,100,9.4,1005.3,74.3,5.2,8,"Rain, Partially cloudy",Partly cloudy throughout the day with afternoon rain.,rain,obs
Meiktila,9/26/2017,27.6,87.1,100,13.3,1006.6,95.8,5.4,5,"Rain, Overcast",Cloudy skies throughout the day with rain.,rain,obs
Meiktila,9/27/2017,28.2,83.7,100,7.9,1007.6,77.9,5.2,7,"Rain, Partially cloudy",Partly cloudy throughout the day with rain in the morning and afternoon.,rain,obs
Meiktila,9/28/2017,28.4,78.3,100,14,1008.3,77.1,6.4,7,"Rain, Partially cloudy",Partly cloudy throughout the day with afternoon rain.,rain,obs
Meiktila,9/29/2017,28.9,78.4,100,14.4,1008.9,68.9,5.6,8,"Rain, Partially cloudy",Partly cloudy throughout the day with afternoon rain.,rain,obs
Meiktila,9/30/2017,29.5,78.5,100,6.8,1009.7,76.4,6,8,"Rain, Partially cloudy",Partly cloudy throughout the day with rain.,rain,obs
Meiktila,10/1/2017,29.6,78.2,0,7.9,1008.8,66.4,6.6,7,Partially cloudy,Partly cloudy throughout the day.,partly-cloudy-day,obs
Meiktila,10/2/2017,28.8,81.9,100,9.4,1007.7,73.5,4.8,7,"Rain, Partially cloudy",Partly cloudy throughout the day with a chance of rain throughout the day.,rain,obs
Meiktila,10/3/2017,28.6,80.8,100,9.4,1007.7,85.9,5,6,"Rain, Partially cloudy",Partly cloudy throughout the day with afternoon rain.,rain,obs
Meiktila,10/4/2017,29.1,80.6,100,10.4,1007.5,89,6,8,"Rain, Partially cloudy",Partly cloudy throughout the day with rain.,rain,obs
Meiktila,10/5/2017,28.9,81.7,100,11.9,1008,92.6,5.3,6,"Rain, Overcast",Cloudy skies throughout the day with a chance of rain throughout the day.,rain,obs
Meiktila,10/6/2017,27.9,81.5,100,10.4,1010,89.6,5.6,7,"Rain, Partially cloudy",Partly cloudy throughout the day with afternoon rain.,rain,obs
Meiktila,10/7/2017,27.9,79.5,100,6.1,1009.6,92.2,6,7,"Rain, Overcast",Cloudy skies throughout the day with afternoon rain.,rain,obs
Meiktila,10/8/2017,28.5,79.1,100,5.8,1008.1,75.9,5.8,7,"Rain, Partially cloudy",Partly cloudy throughout the day with afternoon rain.,rain,obs
Meiktila,10/9/2017,28.5,80.4,100,9,1008.2,78.4,4.8,7,"Rain, Partially cloudy",Partly cloudy throughout the day with rain clearing later.,rain,obs
Meiktila,10/10/2017,29.7,77,0,14.8,1006.4,77.7,5.7,8,Partially cloudy,Partly cloudy throughout the day.,partly-cloudy-day,obs
Meiktila,10/11/2017,27.5,87.1,100,10.8,1005.2,93.6,4.8,6,"Rain, Overcast",Cloudy skies throughout the day with a chance of rain throughout the day.,rain,obs
Meiktila,10/12/2017,26.4,89.1,100,20.2,1006.7,98.6,4.8,4,"Rain, Overcast",Cloudy skies throughout the day with a chance of rain throughout the day.,rain,obs
Meiktila,10/13/2017,27.5,82.2,100,14.4,1006.4,95.1,5.4,5,"Rain, Overcast",Cloudy skies throughout the day with rain in the morning and afternoon.,rain,obs
Meiktila,10/14/2017,28.6,79.7,100,10.4,1006.1,69.5,6,7,"Rain, Partially cloudy",Partly cloudy throughout the day with rain in the morning and afternoon.,rain,obs
Meiktila,10/15/2017,29,79.8,100,12.2,1005.8,53.7,5.6,6,"Rain, Partially cloudy",Partly cloudy throughout the day with afternoon rain.,rain,obs
Meiktila,10/16/2017,28.7,82.7,100,8.3,1006.5,67.4,5.4,7,"Rain, Partially cloudy",Partly cloudy throughout the day with a chance of rain throughout the day.,rain,obs
Meiktila,10/17/2017,27.6,85.1,100,6.1,1007.1,85,5.5,4,"Rain, Partially cloudy",Partly cloudy throughout the day with a chance of rain throughout the day.,rain,obs
Meiktila,10/18/2017,27.3,85.4,100,8.6,1009.2,72.7,5.4,7,"Rain, Partially cloudy",Partly cloudy throughout the day with a chance of rain throughout the day.,rain,obs
Meiktila,10/19/2017,27.2,83.8,100,12.2,1011.1,73.5,5.3,7,"Rain, Partially cloudy",Partly cloudy throughout the day with rain.,rain,obs
Meiktila,10/20/2017,27.2,80.9,0,12.2,1011.8,87.2,5.2,8,Partially cloudy,Partly cloudy throughout the day.,partly-cloudy-day,obs
Meiktila,10/21/2017,27.2,80.8,100,19.4,1010,83.1,4.6,6,"Rain, Partially cloudy",Partly cloudy throughout the day with afternoon rain.,rain,obs
Meiktila,10/22/2017,27,81.2,100,25.9,1008.6,71.3,5.4,5,"Rain, Partially cloudy",Partly cloudy throughout the day with afternoon rain.,rain,obs
Meiktila,10/23/2017,27.6,79.3,100,18.7,1008.7,43.3,5.7,7,"Rain, Partially cloudy",Partly cloudy throughout the day with rain in the morning and afternoon.,rain,obs
Meiktila,10/24/2017,27.6,77.3,100,14,1011.4,38.3,4.8,6,"Rain, Partially cloudy",Partly cloudy throughout the day with a chance of rain throughout the day.,rain,obs
Meiktila,10/25/2017,26.9,80.2,100,7.9,1013.9,38.5,5.2,7,"Rain, Partially cloudy",Partly cloudy throughout the day with a chance of rain throughout the day.,rain,obs
Meiktila,10/26/2017,27.5,77.3,0,10.1,1013.8,34.9,5,7,Partially cloudy,Partly cloudy throughout the day.,partly-cloudy-day,obs
Meiktila,10/27/2017,26.4,77.3,0,11.2,1012.3,20.9,4.4,8,Partially cloudy,Clearing in the afternoon.,partly-cloudy-day,obs
Meiktila,10/28/2017,26.4,77.2,100,9,1012.4,25,4.8,8,"Rain, Partially cloudy",Partly cloudy throughout the day with afternoon rain.,rain,obs
Meiktila,10/29/2017,26.7,79.6,100,12.2,1013.9,74.5,5.2,7,"Rain, Partially cloudy",Partly cloudy throughout the day with afternoon rain.,rain,obs
Meiktila,10/30/2017,24.5,77.5,0,14.8,1015.1,63.9,4.8,7,Partially cloudy,Partly cloudy throughout the day.,partly-cloudy-day,obs
Meiktila,10/31/2017,23.9,74.8,0,11.2,1014.8,52.2,5,8,Partially cloudy,Partly cloudy throughout the day.,partly-cloudy-day,obs
Meiktila,11/1/2017,24.2,79.8,0,14,1014.7,54.5,5.5,8,Partially cloudy,Partly cloudy throughout the day.,partly-cloudy-day,obs
Meiktila,11/2/2017,25.4,76,0,10.8,1012.4,40.1,7,8,Partially cloudy,Partly cloudy throughout the day.,partly-cloudy-day,obs
Meiktila,11/3/2017,26.1,76.1,0,10.8,1011.9,42,5.5,7,Partially cloudy,Partly cloudy throughout the day.,partly-cloudy-day,obs
Meiktila,11/4/2017,26.8,72.5,0,14,1013.1,21.7,5.5,8,Partially cloudy,Clearing in the afternoon.,partly-cloudy-day,obs
Meiktila,11/5/2017,25.8,71.4,0,12.2,1013.1,5.3,5,8,Clear,Clear conditions throughout the day.,clear-day,obs
Meiktila,11/6/2017,25.5,74.5,0,10.1,1012.2,62.4,5.2,6,Partially cloudy,Partly cloudy throughout the day.,partly-cloudy-day,obs
Meiktila,11/7/2017,25.8,72.8,0,13,1012.2,16.1,4.8,8,Clear,Clear conditions throughout the day.,clear-day,obs
Meiktila,11/8/2017,26.4,74.3,0,10.1,1012.1,29.6,5,7,Partially cloudy,Partly cloudy throughout the day.,partly-cloudy-day,obs
Meiktila,11/9/2017,28,70.8,100,8.3,1011,24,5,8,"Rain, Partially cloudy",Partly cloudy throughout the day with late afternoon rain.,rain,obs
Meiktila,11/10/2017,27.8,73.6,100,9,1011,32.4,5.2,7,"Rain, Partially cloudy",Partly cloudy throughout the day with late afternoon rain.,rain,obs
Meiktila,11/11/2017,27.4,79.1,100,9,1011.5,45.6,5,7,"Rain, Partially cloudy",Partly cloudy throughout the day with rain.,rain,obs
Meiktila,11/12/2017,27.4,77.2,100,9.4,1009.9,35.1,5.2,7,"Rain, Partially cloudy",Partly cloudy throughout the day with late afternoon rain.,rain,obs
Meiktila,11/13/2017,27.3,66.1,0,10.4,1009.4,18.1,5.4,7,Clear,Clear conditions throughout the day.,clear-day,obs
Meiktila,11/14/2017,27.6,60.9,0,11.2,1010.3,22.1,5.5,7,Partially cloudy,Partly cloudy throughout the day.,partly-cloudy-day,obs
Meiktila,11/15/2017,26.6,63.7,0,10.1,1011.4,71.4,5.2,7,Partially cloudy,Partly cloudy throughout the day.,partly-cloudy-day,obs
Meiktila,11/16/2017,27.6,62.9,100,10.1,1011.5,72.7,5,7,"Rain, Partially cloudy",Partly cloudy throughout the day with afternoon rain.,rain,obs
Meiktila,11/17/2017,27.3,62,0,12.2,1011.2,70,5.3,7,Partially cloudy,Partly cloudy throughout the day.,partly-cloudy-day,obs
Meiktila,11/18/2017,27.6,63.9,0,13,1010.7,9.6,5.4,7,Clear,Clear conditions throughout the day.,clear-day,obs
Meiktila,11/19/2017,28.6,64.7,0,13,1010.1,10,5.3,7,Clear,Clear conditions throughout the day.,clear-day,obs
Meiktila,11/20/2017,28.6,64.7,0,9,1010,14.2,5.3,7,Clear,Clear conditions throughout the day.,clear-day,obs
Meiktila,11/21/2017,28.5,65.2,0,7.6,1009.6,24.8,5.6,7,Partially cloudy,Partly cloudy throughout the day.,partly-cloudy-day,obs
Meiktila,11/22/2017,27.5,73.6,100,16.6,1009.4,95.9,4.8,6,"Rain, Overcast",Cloudy skies throughout the day with rain.,rain,obs
Meiktila,11/23/2017,27.8,74.9,100,14,1009.8,94,5.5,6,"Rain, Overcast",Cloudy skies throughout the day with rain.,rain,obs
Meiktila,11/24/2017,27.4,76,100,13,1011.2,79.2,5.4,5,"Rain, Partially cloudy",Partly cloudy throughout the day with a chance of rain throughout the day.,rain,obs
Meiktila,11/25/2017,26.9,78.2,100,7.6,1012.8,53.8,5.5,5,"Rain, Partially cloudy",Becoming cloudy in the afternoon with a chance of rain throughout the day.,rain,obs
Meiktila,11/26/2017,26.4,80.2,100,7.2,1013.6,48.3,4.4,6,"Rain, Partially cloudy",Partly cloudy throughout the day with rain.,rain,obs
Meiktila,11/27/2017,26.1,76,100,7.9,1011.6,27.2,5,7,"Rain, Partially cloudy",Partly cloudy throughout the day with rain clearing later.,rain,obs
Meiktila,11/28/2017,25.4,70.3,0,6.5,1011.7,18.7,5.2,8,Clear,Clear conditions throughout the day.,clear-day,obs
Meiktila,11/29/2017,23.3,75.7,0,7.9,1013.6,11.4,4.8,8,Clear,Clear conditions throughout the day.,clear-day,obs
Meiktila,11/30/2017,23.1,73.7,0,10.1,1013.2,13.7,5.4,8,Clear,Clear conditions throughout the day.,clear-day,obs
Meiktila,12/1/2017,23.3,73.5,0,9.4,1013.1,0.8,5.4,7,Clear,Clear conditions throughout the day.,clear-day,obs
Meiktila,12/2/2017,23.2,75.7,0,11.2,1014.3,9.4,6.7,7,Clear,Clear conditions throughout the day.,clear-day,obs
Meiktila,12/3/2017,22.9,75.3,0,10.8,1013.7,12.6,5.3,7,Clear,Clear conditions throughout the day.,clear-day,obs
Meiktila,12/4/2017,22.8,74.3,0,10.4,1013,0.2,5.4,7,Clear,Clear conditions throughout the day.,clear-day,obs
Meiktila,12/5/2017,22.7,72.5,0,9.4,1012.9,3.4,5.6,7,Clear,Clear conditions throughout the day.,clear-day,obs
Meiktila,12/6/2017,22.6,72.6,0,7.6,1012.3,80.6,5.2,7,Partially cloudy,Partly cloudy throughout the day.,partly-cloudy-day,obs
Meiktila,12/7/2017,23.9,68.2,0,10.1,1012.5,68.5,5.4,7,Partially cloudy,Partly cloudy throughout the day.,partly-cloudy-day,obs
Meiktila,12/8/2017,25.4,62.5,0,11.9,1013.4,73.2,5.4,7,Partially cloudy,Partly cloudy throughout the day.,partly-cloudy-day,obs
Meiktila,12/9/2017,21.4,84.3,100,11.5,1014.6,95.1,4.8,2,"Rain, Overcast",Cloudy skies throughout the day with rain.,rain,obs
Meiktila,12/10/2017,22.5,85.8,100,7.9,1014.8,76.7,5.5,6,"Rain, Partially cloudy",Partly cloudy throughout the day with a chance of rain throughout the day.,rain,obs
Meiktila,12/11/2017,24.1,82.9,0,7.2,1013.7,58.7,5.8,5,Partially cloudy,Partly cloudy throughout the day.,partly-cloudy-day,obs
Meiktila,12/12/2017,25,80,100,7.2,1012.9,63.4,5.8,5,"Rain, Partially cloudy",Partly cloudy throughout the day with afternoon rain.,rain,obs
Meiktila,12/13/2017,24.2,77.5,0,11.9,1012.9,19.2,5.8,7,Clear,Clear conditions throughout the day.,clear-day,obs
Meiktila,12/14/2017,22.6,74,0,13,1013.3,13.4,4.6,7,Clear,Clear conditions throughout the day.,clear-day,obs
Meiktila,12/15/2017,21.3,76.2,0,10.8,1014.1,17,5.2,7,Clear,Clear conditions throughout the day.,clear-day,obs
Meiktila,12/16/2017,21.8,76.5,0,9.7,1015.4,5.8,6,7,Clear,Clear conditions throughout the day.,clear-day,obs
Meiktila,12/17/2017,23,77.6,0,11.5,1016.7,15.6,5.4,7,Clear,Clear conditions throughout the day.,clear-day,obs
Meiktila,12/18/2017,23.5,75.4,0,10.8,1016.5,6,5.2,7,Clear,Clear conditions throughout the day.,clear-day,obs
Meiktila,12/19/2017,23.3,75.7,0,10.8,1017.4,25.6,5.6,6,Partially cloudy,Partly cloudy throughout the day.,partly-cloudy-day,obs
Meiktila,12/20/2017,22.1,74.3,0,9.4,1018.5,20.3,5.2,7,Partially cloudy,Clearing in the afternoon.,partly-cloudy-day,obs
Meiktila,12/21/2017,20.2,66.4,0,9.4,1018.6,6.5,5.2,7,Clear,Clear conditions throughout the day.,clear-day,obs
Meiktila,12/22/2017,19.1,65.3,0,9,1016.1,0,5.8,7,Clear,Clear conditions throughout the day.,clear-day,obs
Meiktila,12/23/2017,20.4,66.2,0,8.6,1013.5,0.4,6,7,Clear,Clear conditions throughout the day.,clear-day,obs
Meiktila,12/24/2017,21,72.5,0,11.9,1013.2,1.3,5.4,7,Clear,Clear conditions throughout the day.,clear-day,obs
Meiktila,12/25/2017,22,74.3,0,10.4,1013.3,4.3,5.7,7,Clear,Clear conditions throughout the day.,clear-day,obs
Meiktila,12/26/2017,22.3,75.3,0,10.1,1013,37.1,5.4,7,Partially cloudy,Partly cloudy throughout the day.,partly-cloudy-day,obs
Meiktila,12/27/2017,23.3,70.3,100,11.5,1013.2,19.4,5.6,6,Rain,Clear conditions throughout the day with morning rain.,rain,obs
Meiktila,12/28/2017,23.4,71.3,0,13.7,1014.1,16.9,5.8,7,Clear,Clear conditions throughout the day.,clear-day,obs
Meiktila,12/29/2017,24.1,71.3,0,13.7,1014.9,18.3,5.6,7,Clear,Clear conditions throughout the day.,clear-day,obs
Meiktila,12/30/2017,25.1,66.8,0,12.6,1014.5,30,5.5,7,Partially cloudy,Partly cloudy throughout the day.,partly-cloudy-day,obs
Meiktila,12/31/2017,22.8,78.5,100,10.8,1013.6,86.6,4.8,5,"Rain, Partially cloudy",Partly cloudy throughout the day with rain.,rain,obs
name,datetime,temp,humidity,precipprob,windspeed,sealevelpressure,cloudcover,visibility,uvindex,conditions,description,icon,source
Meiktila,1/1/2018,20.6,94.5,100,5.4,1012.9,94.7,4,0,"Rain, Overcast",Cloudy skies throughout the day with early morning rain.,rain,obs
Meiktila,1/2/2018,18.9,95.7,100,9.4,1012.5,100,4.2,1,"Rain, Overcast",Cloudy skies throughout the day with late afternoon rain.,rain,obs
Meiktila,1/3/2018,18.7,98.2,100,10.4,1011.5,88.4,4.8,2,"Rain, Partially cloudy",Partly cloudy throughout the day with a chance of rain throughout the day.,rain,obs
Meiktila,1/4/2018,20.6,86.5,100,13,1012.8,68.3,4.8,5,"Rain, Partially cloudy",Partly cloudy throughout the day with morning rain.,rain,obs
Meiktila,1/5/2018,20,82.3,0,12.2,1011.4,30.3,5.6,7,Partially cloudy,Clearing in the afternoon.,partly-cloudy-day,obs
Meiktila,1/6/2018,20.1,84.2,0,7.6,1010.1,43.4,5,8,Partially cloudy,Partly cloudy throughout the day.,partly-cloudy-day,obs
Meiktila,1/7/2018,21.8,81.6,0,7.2,1010.5,55.1,5.8,6,Partially cloudy,Partly cloudy throughout the day.,partly-cloudy-day,obs
Meiktila,1/8/2018,21.3,81.4,100,7.9,1012.3,60.7,5.5,7,"Rain, Partially cloudy",Partly cloudy throughout the day with early morning rain.,rain,obs
Meiktila,1/9/2018,20.6,78.4,0,8.6,1013.8,14.4,5.5,8,Clear,Clear conditions throughout the day.,clear-day,obs
Meiktila,1/10/2018,20.5,78.7,0,7.6,1013.7,15,5.3,8,Clear,Clear conditions throughout the day.,clear-day,obs
Meiktila,1/11/2018,20.2,76.7,0,9,1013,40.8,6,8,Partially cloudy,Partly cloudy throughout the day.,partly-cloudy-day,obs
Meiktila,1/12/2018,20.5,75.3,0,10.1,1012.8,41.1,5.6,7,Partially cloudy,Partly cloudy throughout the day.,partly-cloudy-day,obs
Meiktila,1/13/2018,21.1,70.6,0,20.2,1012.9,31.4,6.3,7,Partially cloudy,Clearing in the afternoon.,partly-cloudy-day,obs
Meiktila,1/14/2018,21.3,71.9,100,17.3,1013.5,41.5,5.5,6,"Rain, Partially cloudy",Partly cloudy throughout the day with rain in the morning and afternoon.,rain,obs
Meiktila,1/15/2018,21.4,73.4,0,14.8,1012.2,43.3,5,7,Partially cloudy,Partly cloudy throughout the day.,partly-cloudy-day,obs
Meiktila,1/16/2018,21.2,77.1,0,8.6,1011.8,32.2,3.6,6,Partially cloudy,Partly cloudy throughout the day.,partly-cloudy-day,obs
Meiktila,1/17/2018,20.5,77.1,0,9.7,1012,11,5,7,Clear,Clear conditions throughout the day.,clear-day,obs
Meiktila,1/18/2018,19.8,76.4,0,9.4,1012.5,13,4.8,8,Clear,Clear conditions throughout the day.,clear-day,obs
Meiktila,1/19/2018,20.1,75.4,0,9.7,1013,0.1,4.8,8,Clear,Clear conditions throughout the day.,clear-day,obs
Meiktila,1/20/2018,20.8,69.1,0,7.6,1012.1,0,5.8,8,Clear,Clear conditions throughout the day.,clear-day,obs
Meiktila,1/21/2018,20.4,74.6,0,10.4,1011.6,0,4.8,8,Clear,Clear conditions throughout the day.,clear-day,obs
Meiktila,1/22/2018,20.4,74.3,0,9.7,1011.1,0,5,8,Clear,Clear conditions throughout the day.,clear-day,obs
Meiktila,1/23/2018,20.5,71.9,0,9,1010.5,0.4,4.6,8,Clear,Clear conditions throughout the day.,clear-day,obs
Meiktila,1/24/2018,20.7,67.6,0,11.2,1009.2,23.7,5.6,8,Partially cloudy,Partly cloudy throughout the day.,partly-cloudy-day,obs
Meiktila,1/25/2018,20.9,66.3,0,10.1,1008.5,2.5,5,8,Clear,Clear conditions throughout the day.,clear-day,obs
Meiktila,1/26/2018,21.8,66,0,10.1,1009.3,9.9,5.3,8,Clear,Clear conditions throughout the day.,clear-day,obs
Meiktila,1/27/2018,21.9,67.5,0,6.8,1009.5,48.4,5,8,Partially cloudy,Partly cloudy throughout the day.,partly-cloudy-day,obs
Meiktila,1/28/2018,20.6,63.9,0,7.2,1010,52.6,5.3,8,Partially cloudy,Partly cloudy throughout the day.,partly-cloudy-day,obs
Meiktila,1/29/2018,21,62.9,0,7.6,1011.4,25.5,5,8,Partially cloudy,Partly cloudy throughout the day.,partly-cloudy-day,obs
Meiktila,1/30/2018,20.5,64.4,0,11.2,1010.3,2.2,5.3,8,Clear,Clear conditions throughout the day.,clear-day,obs
Meiktila,1/31/2018,19.8,60.2,0,9.7,1011.2,0,4.8,8,Clear,Clear conditions throughout the day.,clear-day,obs
Meiktila,2/1/2018,20.1,60.6,0,9.7,1012,1.2,4.5,8,Clear,Clear conditions throughout the day.,clear-day,obs
Meiktila,2/2/2018,20.8,61.1,0,14.4,1012,0.1,5.2,8,Clear,Clear conditions throughout the day.,clear-day,obs
Meiktila,2/3/2018,22.1,60.3,0,14.8,1013.2,0,5.3,8,Clear,Clear conditions throughout the day.,clear-day,obs
Meiktila,2/4/2018,23.2,59.9,0,18.7,1013,23.1,4.8,8,Partially cloudy,Partly cloudy throughout the day.,partly-cloudy-day,obs
Meiktila,2/5/2018,23.4,61.4,0,9,1014.9,34.5,4.8,8,Partially cloudy,Partly cloudy throughout the day.,partly-cloudy-day,obs
Meiktila,2/6/2018,23.9,61.8,0,8.3,1013.2,20.3,5.5,8,Partially cloudy,Partly cloudy throughout the day.,partly-cloudy-day,obs
Meiktila,2/7/2018,24.4,57.1,0,16.6,1011.1,28.5,5.4,8,Partially cloudy,Partly cloudy throughout the day.,partly-cloudy-day,obs
Meiktila,2/8/2018,24.9,57.8,0,16.6,1010.7,44.7,5.4,8,Partially cloudy,Partly cloudy throughout the day.,partly-cloudy-day,obs
Meiktila,2/9/2018,25,60.4,0,15.5,1010.9,56.1,4.8,8,Partially cloudy,Partly cloudy throughout the day.,partly-cloudy-day,obs
Meiktila,2/10/2018,24.1,62.3,0,8.6,1013,39.5,5,8,Partially cloudy,Becoming cloudy in the afternoon.,partly-cloudy-day,obs
Meiktila,2/11/2018,24.4,60.9,0,11.5,1014.6,26.6,4.8,8,Partially cloudy,Partly cloudy throughout the day.,partly-cloudy-day,obs
Meiktila,2/12/2018,24.7,58.8,0,10.4,1016,58.6,5,8,Partially cloudy,Partly cloudy throughout the day.,partly-cloudy-day,obs
Meiktila,2/13/2018,24.3,62.6,0,10.4,1016,20.4,5,9,Partially cloudy,Partly cloudy throughout the day.,partly-cloudy-day,obs
Meiktila,2/14/2018,25.9,56.7,0,9.4,1014.8,83.7,5.3,9,Partially cloudy,Partly cloudy throughout the day.,partly-cloudy-day,obs
Meiktila,2/15/2018,25.2,52.8,0,12.6,1014.8,34.2,5.3,8,Partially cloudy,Partly cloudy throughout the day.,partly-cloudy-day,obs
Meiktila,2/16/2018,23.8,49.3,0,11.9,1013.9,3.3,5.8,9,Clear,Clear conditions throughout the day.,clear-day,obs
Meiktila,2/17/2018,23.3,49.4,0,11.9,1010.6,17.5,5.2,9,Clear,Clear conditions throughout the day.,clear-day,obs
Meiktila,2/18/2018,24,47.2,0,12.6,1010.3,82.2,5,8,Partially cloudy,Partly cloudy throughout the day.,partly-cloudy-day,obs
Meiktila,2/19/2018,25.5,37.7,0,11.5,1010.7,59.6,5,9,Partially cloudy,Partly cloudy throughout the day.,partly-cloudy-day,obs
Meiktila,2/20/2018,23.7,42.5,0,10.1,1010.6,0,5,9,Clear,Clear conditions throughout the day.,clear-day,obs
Meiktila,2/21/2018,23.9,45.2,0,10.4,1009.1,0,4.8,9,Clear,Clear conditions throughout the day.,clear-day,obs
Meiktila,2/22/2018,24.3,46.9,0,10.4,1008.6,0,5.2,9,Clear,Clear conditions throughout the day.,clear-day,obs
Meiktila,2/23/2018,23.7,50.1,0,10.4,1010,0,5,9,Clear,Clear conditions throughout the day.,clear-day,obs
Meiktila,2/24/2018,24.6,48.4,0,10.1,1012.7,0.2,4.8,9,Clear,Clear conditions throughout the day.,clear-day,obs
Meiktila,2/25/2018,25.3,48.8,0,11.9,1012.7,0.1,5.4,9,Clear,Clear conditions throughout the day.,clear-day,obs
Meiktila,2/26/2018,25.5,47.4,0,17.6,1010.3,5.1,5,9,Clear,Clear conditions throughout the day.,clear-day,obs
Meiktila,2/27/2018,25.6,54.7,0,10.4,1011.3,3.1,5.5,9,Clear,Clear conditions throughout the day.,clear-day,obs
Meiktila,2/28/2018,24.9,51.8,0,9.4,1010.5,35.1,5,9,Partially cloudy,Partly cloudy throughout the day.,partly-cloudy-day,obs
Meiktila,3/1/2018,26.3,51,0,9.7,1009,5.8,5,9,Clear,Clear conditions throughout the day.,clear-day,obs
Meiktila,3/2/2018,26.1,49.4,0,10.8,1007.6,0,5.4,9,Clear,Clear conditions throughout the day.,clear-day,obs
Meiktila,3/3/2018,27.3,43.5,0,15.5,1006.7,0.8,5.6,9,Clear,Clear conditions throughout the day.,clear-day,obs
Meiktila,3/4/2018,28.2,42.9,0,15.1,1008.4,0.5,5.5,9,Clear,Clear conditions throughout the day.,clear-day,obs
Meiktila,3/5/2018,27.8,47.5,0,8.6,1008.9,0,5.2,9,Clear,Clear conditions throughout the day.,clear-day,obs
Meiktila,3/6/2018,28,48.2,0,9.7,1008.8,3.3,5,9,Clear,Clear conditions throughout the day.,clear-day,obs
Meiktila,3/7/2018,27.3,43.3,0,11.5,1009.9,0,5.3,9,Clear,Clear conditions throughout the day.,clear-day,obs
Meiktila,3/8/2018,26.5,42.8,0,11.9,1010.4,0,5,10,Clear,Clear conditions throughout the day.,clear-day,obs
Meiktila,3/9/2018,26.6,42.4,0,8.3,1009.6,0,5.5,10,Clear,Clear conditions throughout the day.,clear-day,obs
Meiktila,3/10/2018,29.3,44.5,0,21.2,1009.6,5.9,5.4,9,Clear,Clear conditions throughout the day.,clear-day,obs
Meiktila,3/11/2018,28.3,46.1,0,18.4,1010.4,1.9,5.5,10,Clear,Clear conditions throughout the day.,clear-day,obs
Meiktila,3/12/2018,26.5,41.2,0,10.8,1010.9,5.1,5.5,9,Clear,Clear conditions throughout the day.,clear-day,obs
Meiktila,3/13/2018,26.5,45.8,100,7.9,1010.6,16.9,5.4,9,Rain,Clear conditions throughout the day with afternoon rain.,rain,obs
Meiktila,3/14/2018,26.4,44,0,8.3,1009.6,0.9,5,9,Clear,Clear conditions throughout the day.,clear-day,obs
Meiktila,3/15/2018,26.5,45.9,0,8.3,1008.7,0.9,5.3,10,Clear,Clear conditions throughout the day.,clear-day,obs
Meiktila,3/16/2018,28.9,42.9,0,17.3,1007.8,17.5,4.6,10,Clear,Clear conditions throughout the day.,clear-day,obs
Meiktila,3/17/2018,26.7,57.6,100,14.8,1009.3,60.3,4.8,5,"Rain, Partially cloudy",Partly cloudy throughout the day with rain.,rain,obs
Meiktila,3/18/2018,27.8,56.2,0,9.7,1010,27.9,5,9,Partially cloudy,Partly cloudy throughout the day.,partly-cloudy-day,obs
Meiktila,3/19/2018,28,44.4,0,14,1010.7,1.9,5,10,Clear,Clear conditions throughout the day.,clear-day,obs
Meiktila,3/20/2018,27,44.9,0,8.6,1009.1,0.1,5.2,10,Clear,Clear conditions throughout the day.,clear-day,obs
Meiktila,3/21/2018,28,46.3,0,9.7,1007.9,11.9,5,9,Clear,Clear conditions throughout the day.,clear-day,obs
Meiktila,3/22/2018,30.3,44,0,12.2,1006.6,13.8,4.7,9,Clear,Clear conditions throughout the day.,clear-day,obs
Meiktila,3/23/2018,30.4,36,0,17.3,1007.9,4.1,5.3,10,Clear,Clear conditions throughout the day.,clear-day,obs
Meiktila,3/24/2018,30.6,36.9,0,15.8,1010,7.7,4.8,9,Clear,Clear conditions throughout the day.,clear-day,obs
Meiktila,3/25/2018,31.1,37.4,0,11.9,1011.1,15.1,5,9,Clear,Clear conditions throughout the day.,clear-day,obs
Meiktila,3/26/2018,30.5,43.2,0,14,1010.2,20.8,4.8,9,Partially cloudy,Partly cloudy throughout the day.,partly-cloudy-day,obs
Meiktila,3/27/2018,30.4,40.5,0,21.2,1008.7,20,5,9,Clear,Partly cloudy throughout the day.,clear-day,obs
Meiktila,3/28/2018,28.7,49.7,100,9.4,1009.1,13.8,5,9,Rain,Clear conditions throughout the day with morning rain.,rain,obs
Meiktila,3/29/2018,29.5,46.9,0,8.6,1008.5,15.4,5,9,Clear,Clear conditions throughout the day.,clear-day,obs
Meiktila,3/30/2018,30.1,44.6,0,9.4,1008.1,13.1,4.7,9,Clear,Clear conditions throughout the day.,clear-day,obs
Meiktila,3/31/2018,30.3,44.9,0,9.7,1008.3,17.5,4.6,9,Clear,Clear conditions throughout the day.,clear-day,obs
Meiktila,4/1/2018,30.1,52.3,100,8.6,1008.8,28.2,4.6,10,"Rain, Partially cloudy",Partly cloudy throughout the day with afternoon rain.,rain,obs
Meiktila,4/2/2018,30.2,54.9,100,12.2,1009.6,51.8,5,9,"Rain, Partially cloudy",Partly cloudy throughout the day with afternoon rain.,rain,obs
Meiktila,4/3/2018,28.8,61,100,11.2,1008.6,35.9,5.2,8,"Rain, Partially cloudy",Partly cloudy throughout the day with rain.,rain,obs
Meiktila,4/4/2018,29.1,55.2,0,9,1007.5,14.7,5,9,Clear,Clear conditions throughout the day.,clear-day,obs
Meiktila,4/5/2018,30.3,44.5,0,15.1,1006.4,6.3,5,9,Clear,Clear conditions throughout the day.,clear-day,obs
Meiktila,4/6/2018,29.6,40.6,0,12.6,1007.9,7.8,3,10,Clear,Clear conditions throughout the day.,clear-day,obs
Meiktila,4/7/2018,30.4,40.1,0,9.4,1009.5,17.1,,9,Clear,Clear conditions throughout the day.,clear-day,obs
Meiktila,4/8/2018,27.5,61.3,100,15.8,1013.3,60.5,5,8,"Rain, Partially cloudy",Partly cloudy throughout the day with rain clearing later.,rain,obs
Meiktila,4/9/2018,29.5,57.9,0,7.6,1011.3,22,4.8,10,Partially cloudy,Partly cloudy throughout the day.,partly-cloudy-day,obs
Meiktila,4/10/2018,31.2,51.4,0,9,1009.2,19.3,5.2,8,Clear,Clear conditions throughout the day.,clear-day,obs
Meiktila,4/11/2018,31.3,47.9,0,9.4,1008.1,7.2,5.8,10,Clear,Clear conditions throughout the day.,clear-day,obs
Meiktila,4/12/2018,32,42.7,0,11.5,1006.7,7.7,5.8,10,Clear,Clear conditions throughout the day.,clear-day,obs
Meiktila,4/13/2018,32.6,43.8,0,13.3,1007.2,41.3,5.4,10,Partially cloudy,Becoming cloudy in the afternoon.,partly-cloudy-day,obs
Meiktila,4/14/2018,32.8,44.5,100,9.4,1006.9,52.4,5.4,10,"Rain, Partially cloudy",Partly cloudy throughout the day with late afternoon rain.,rain,obs
Meiktila,4/15/2018,32.1,45.1,100,11.5,1006.9,27.1,5.2,10,"Rain, Partially cloudy",Partly cloudy throughout the day with late afternoon rain.,rain,obs
Meiktila,4/16/2018,32,48.3,0,10.1,1007.8,25.8,5.5,10,Partially cloudy,Partly cloudy throughout the day.,partly-cloudy-day,obs
Meiktila,4/17/2018,31,50,100,8.3,1009,33.8,5.4,9,"Rain, Partially cloudy",Becoming cloudy in the afternoon with rain.,rain,obs
Meiktila,4/18/2018,31.1,49.7,100,14.8,1008.2,41.4,5.4,9,"Rain, Partially cloudy",Partly cloudy throughout the day with early morning rain.,rain,obs
Meiktila,4/19/2018,29.4,58.2,100,16.9,1007.7,35.6,5.4,9,"Rain, Partially cloudy",Partly cloudy throughout the day with rain.,rain,obs
Meiktila,4/20/2018,29.9,57.2,0,11.5,1007.5,22.3,5.6,9,Partially cloudy,Partly cloudy throughout the day.,partly-cloudy-day,obs
Meiktila,4/21/2018,32.2,51,100,14.8,1006.6,15.5,5.6,10,Rain,Clear conditions throughout the day with late afternoon rain.,rain,obs
Meiktila,4/22/2018,33.2,49.1,0,18,1006.6,24.2,5.6,10,Partially cloudy,Partly cloudy throughout the day.,partly-cloudy-day,obs
Meiktila,4/23/2018,33.6,47.9,0,13,1006,29.2,5.6,9,Partially cloudy,Partly cloudy throughout the day.,partly-cloudy-day,obs
Meiktila,4/24/2018,33.5,49.2,100,9,1005.6,25.9,5.8,9,"Rain, Partially cloudy",Partly cloudy throughout the day with late afternoon rain.,rain,obs
Meiktila,4/25/2018,32.4,55.9,100,13,1006.1,32.1,5.6,9,"Rain, Partially cloudy",Partly cloudy throughout the day with rain.,rain,obs
Meiktila,4/26/2018,32.3,53,100,15.1,1006.2,22.6,5.2,10,"Rain, Partially cloudy",Partly cloudy throughout the day with rain.,rain,obs
Meiktila,4/27/2018,31.8,51,100,16.6,1008.5,23.9,5.3,9,"Rain, Partially cloudy",Partly cloudy throughout the day with late afternoon rain.,rain,obs
Meiktila,4/28/2018,30.5,58.4,100,16.9,1008.6,22.8,5.5,9,"Rain, Partially cloudy",Partly cloudy throughout the day with rain.,rain,obs
Meiktila,4/29/2018,30.4,57.6,100,16.6,1008.1,34.9,5,9,"Rain, Partially cloudy",Partly cloudy throughout the day with rain.,rain,obs
Meiktila,4/30/2018,30.5,59.6,100,15.1,1007.5,25,5.6,9,"Rain, Partially cloudy",Partly cloudy throughout the day with late afternoon rain.,rain,obs
Meiktila,5/1/2018,31.6,54.2,0,15.1,1007.9,19.5,5.7,9,Clear,Clear conditions throughout the day.,clear-day,obs
Meiktila,5/2/2018,29.2,69.1,100,17.3,1009.4,68.6,5.2,8,"Rain, Partially cloudy",Partly cloudy throughout the day with a chance of rain throughout the day.,rain,obs
Meiktila,5/3/2018,27.9,75.6,100,9.7,1011,60.3,5.3,7,"Rain, Partially cloudy",Partly cloudy throughout the day with a chance of rain throughout the day.,rain,obs
Meiktila,5/4/2018,29.1,69,100,16.2,1009.4,25.7,5.8,9,"Rain, Partially cloudy",Becoming cloudy in the afternoon with a chance of rain throughout the day.,rain,obs
Meiktila,5/5/2018,30,64.2,0,17.6,1009.1,27.9,5.6,10,Partially cloudy,Partly cloudy throughout the day.,partly-cloudy-day,obs
Meiktila,5/6/2018,31.5,60.4,100,17.6,1008.9,31.6,5.6,10,"Rain, Partially cloudy",Partly cloudy throughout the day with late afternoon rain.,rain,obs
Meiktila,5/7/2018,30.7,62.6,100,18,1007.6,21,5.5,10,"Rain, Partially cloudy",Partly cloudy throughout the day with late afternoon rain.,rain,obs
Meiktila,5/8/2018,31.3,56,0,17.6,1006.2,13.6,5,10,Clear,Clear conditions throughout the day.,clear-day,obs
Meiktila,5/9/2018,31.7,52.2,0,15.8,1007.2,16.3,,10,Clear,Clear conditions throughout the day.,clear-day,obs
Meiktila,5/10/2018,31.7,59.1,0,10.1,1008.7,28,5.5,9,Partially cloudy,Partly cloudy throughout the day.,partly-cloudy-day,obs
Meiktila,5/11/2018,29.8,65.8,100,11.9,1007.5,28.1,5.8,10,"Rain, Partially cloudy",Partly cloudy throughout the day with late afternoon rain.,rain,obs
Meiktila,5/12/2018,27.5,75.6,100,9.4,1008.7,49.7,5.8,9,"Rain, Partially cloudy",Partly cloudy throughout the day with a chance of rain throughout the day.,rain,obs
Meiktila,5/13/2018,27.2,75.4,100,9,1009.5,53.2,6,9,"Rain, Partially cloudy",Partly cloudy throughout the day with rain.,rain,obs
Meiktila,5/14/2018,29.3,72.4,100,7.6,1009.2,58.2,5.5,9,"Rain, Partially cloudy",Partly cloudy throughout the day with rain.,rain,obs
Meiktila,5/15/2018,30.2,64.6,100,16.2,1006.3,22.3,5.8,10,"Rain, Partially cloudy",Partly cloudy throughout the day with late afternoon rain.,rain,obs
Meiktila,5/16/2018,30.1,62.4,0,16.6,1005.7,15.8,5.8,10,Clear,Clear conditions throughout the day.,clear-day,obs
Meiktila,5/17/2018,30.6,59.9,100,18,1005.5,31.2,5.6,10,"Rain, Partially cloudy",Becoming cloudy in the afternoon with late afternoon rain.,rain,obs
Meiktila,5/18/2018,29.8,62.7,0,18.4,1005.1,31.9,5.3,9,Partially cloudy,Partly cloudy throughout the day.,partly-cloudy-day,obs
Meiktila,5/19/2018,30.9,59.9,100,18,1005.7,23.5,5.7,8,"Rain, Partially cloudy",Partly cloudy throughout the day with afternoon rain.,rain,obs
Meiktila,5/20/2018,31.1,62.4,100,17.3,1005.5,36.7,5.6,9,"Rain, Partially cloudy",Partly cloudy throughout the day with rain.,rain,obs
Meiktila,5/21/2018,31.5,62.2,100,18,1005.6,36.7,5.8,9,"Rain, Partially cloudy",Partly cloudy throughout the day with rain.,rain,obs
Meiktila,5/22/2018,31.3,60.6,100,14.8,1006.7,59.5,5.3,9,"Rain, Partially cloudy",Partly cloudy throughout the day with rain.,rain,obs
Meiktila,5/23/2018,31.7,61.7,100,16.9,1006.6,48.6,5.6,9,"Rain, Partially cloudy",Partly cloudy throughout the day with late afternoon rain.,rain,obs
Meiktila,5/24/2018,30.9,65.3,100,18.7,1005.7,58.3,5.8,9,"Rain, Partially cloudy",Partly cloudy throughout the day with rain.,rain,obs
Meiktila,5/25/2018,31.1,64.4,100,22.3,1005.3,32.4,6,9,"Rain, Partially cloudy",Partly cloudy throughout the day with afternoon rain.,rain,obs
Meiktila,5/26/2018,32.3,62.7,100,19.8,1005.5,34.4,6,9,"Rain, Partially cloudy",Partly cloudy throughout the day with late afternoon rain.,rain,obs
Meiktila,5/27/2018,32.1,61.3,100,18,1005.9,42,6.4,9,"Rain, Partially cloudy",Partly cloudy throughout the day with afternoon rain.,rain,obs
Meiktila,5/28/2018,28.6,74.4,100,21.6,1006,88.9,5.2,7,"Rain, Partially cloudy",Partly cloudy throughout the day with rain.,rain,obs
Meiktila,5/29/2018,25.8,84.9,100,22,1005.1,99.9,3.8,2,"Rain, Overcast",Cloudy skies throughout the day with a chance of rain throughout the day.,rain,obs
Meiktila,5/30/2018,25.9,88.6,100,38.2,1003.3,98.4,4,3,"Rain, Overcast",Cloudy skies throughout the day with a chance of rain throughout the day.,rain,obs
Meiktila,5/31/2018,28.1,78.7,100,20.9,1008.1,88.1,5.8,6,"Rain, Partially cloudy",Partly cloudy throughout the day with a chance of rain throughout the day.,rain,obs
Meiktila,6/1/2018,28.9,77.2,100,15.1,1007.9,93.8,5.8,5,"Rain, Overcast",Cloudy skies throughout the day with rain in the morning and afternoon.,rain,obs
Meiktila,6/2/2018,28.1,80.6,100,15.5,1007.5,96.1,6,4,"Rain, Overcast",Cloudy skies throughout the day with a chance of rain throughout the day.,rain,obs
Meiktila,6/3/2018,28.4,76.9,100,15.5,1005.7,96,5.8,7,"Rain, Overcast",Cloudy skies throughout the day with rain.,rain,obs
Meiktila,6/4/2018,29.3,74.4,100,14.4,1004.9,86.3,5.8,7,"Rain, Partially cloudy",Partly cloudy throughout the day with late afternoon rain.,rain,obs
Meiktila,6/5/2018,29.7,75.8,100,11.9,1006,92.8,6.5,7,"Rain, Overcast",Cloudy skies throughout the day with rain.,rain,obs
Meiktila,6/6/2018,28.9,77.6,100,12.2,1006.9,88.3,6,6,"Rain, Partially cloudy",Partly cloudy throughout the day with rain.,rain,obs
Meiktila,6/7/2018,28.9,77.9,100,18,1004.5,86.9,6.2,6,"Rain, Partially cloudy",Partly cloudy throughout the day with a chance of rain throughout the day.,rain,obs
Meiktila,6/8/2018,28.8,77,100,20.9,1002.3,94.8,6.2,6,"Rain, Overcast",Cloudy skies throughout the day with rain.,rain,obs
Meiktila,6/9/2018,27.3,83.1,100,26.6,1000.6,97.8,5.6,6,"Rain, Overcast",Cloudy skies throughout the day with a chance of rain throughout the day.,rain,obs
Meiktila,6/10/2018,25.5,93.4,100,27.7,1000.9,100,4.5,2,"Rain, Overcast",Cloudy skies throughout the day with a chance of rain throughout the day.,rain,obs
Meiktila,6/11/2018,25.6,94.7,100,33.8,999.7,100,4.2,2,"Rain, Overcast",Cloudy skies throughout the day with a chance of rain throughout the day.,rain,obs
Meiktila,6/12/2018,25.8,93.6,100,29.5,1001,100,4.4,3,"Rain, Overcast",Cloudy skies throughout the day with a chance of rain throughout the day.,rain,obs
Meiktila,6/13/2018,26.2,91,100,32.8,1000.3,100,5.4,3,"Rain, Overcast",Cloudy skies throughout the day with a chance of rain throughout the day.,rain,obs
Meiktila,6/14/2018,26.1,89.7,100,27,1002,96.6,5,5,"Rain, Overcast",Cloudy skies throughout the day with a chance of rain throughout the day.,rain,obs
Meiktila,6/15/2018,27.2,85.5,100,22.7,1002.5,98.2,5.8,4,"Rain, Overcast",Cloudy skies throughout the day with a chance of rain throughout the day.,rain,obs
Meiktila,6/16/2018,27.7,82.4,100,20.5,1003.3,91.7,5.5,5,"Rain, Overcast",Cloudy skies throughout the day with rain in the morning and afternoon.,rain,obs
Meiktila,6/17/2018,29.6,77,100,16.6,1001.8,82.6,5.6,7,"Rain, Partially cloudy",Partly cloudy throughout the day with morning rain.,rain,obs
Meiktila,6/18/2018,29.7,75.4,100,17.6,1000.9,78.4,5.8,8,"Rain, Partially cloudy",Partly cloudy throughout the day with rain.,rain,obs
Meiktila,6/19/2018,29.5,76.7,100,19.8,1001.9,93.9,5.6,7,"Rain, Overcast",Cloudy skies throughout the day with afternoon rain.,rain,obs
Meiktila,6/20/2018,29.4,76.3,100,19.4,1004.1,89.7,6.2,8,"Rain, Partially cloudy",Partly cloudy throughout the day with rain.,rain,obs
Meiktila,6/21/2018,28.7,77.8,100,23.4,1005.7,80.5,6,6,"Rain, Partially cloudy",Partly cloudy throughout the day with rain in the morning and afternoon.,rain,obs
Meiktila,6/22/2018,27.7,81.3,100,23.8,1006.1,97.8,5.3,6,"Rain, Overcast",Cloudy skies throughout the day with rain in the morning and afternoon.,rain,obs
Meiktila,6/23/2018,27.9,80.6,100,24.1,1005.5,95.7,6.2,7,"Rain, Overcast",Cloudy skies throughout the day with a chance of rain throughout the day.,rain,obs
Meiktila,6/24/2018,27.8,80.6,100,24.8,1004.5,96.8,6.4,5,"Rain, Overcast",Cloudy skies throughout the day with rain.,rain,obs
Meiktila,6/25/2018,27.3,82.9,100,25.9,1003.4,98.4,5.6,6,"Rain, Overcast",Cloudy skies throughout the day with rain.,rain,obs
Meiktila,6/26/2018,27.7,80.3,100,24.8,1003.6,97.3,6.6,7,"Rain, Overcast",Cloudy skies throughout the day with a chance of rain throughout the day.,rain,obs
Meiktila,6/27/2018,28.7,74,100,22.7,1005.9,92.4,5.8,7,"Rain, Overcast",Cloudy skies throughout the day with rain clearing later.,rain,obs
Meiktila,6/28/2018,28.3,77.1,100,19.1,1007.6,95.7,5.4,7,"Rain, Overcast",Cloudy skies throughout the day with rain clearing later.,rain,obs
Meiktila,6/29/2018,28.5,76.1,100,20.9,1006.2,92.1,7,7,"Rain, Overcast",Cloudy skies throughout the day with rain in the morning and afternoon.,rain,obs
Meiktila,6/30/2018,28.1,75.5,100,22,1005.3,98.7,6.2,5,"Rain, Overcast",Cloudy skies throughout the day with rain in the morning and afternoon.,rain,obs
Meiktila,7/1/2018,28.6,76.1,100,23,1005.3,97.2,7,5,"Rain, Overcast",Cloudy skies throughout the day with a chance of rain throughout the day.,rain,obs
Meiktila,7/2/2018,28.4,79.9,100,25.9,1004.9,97.5,6.8,7,"Rain, Overcast",Cloudy skies throughout the day with rain.,rain,obs
Meiktila,7/3/2018,28.6,78.3,100,25.9,1004.3,98.1,6,6,"Rain, Overcast",Cloudy skies throughout the day with rain.,rain,obs
Meiktila,7/4/2018,28.4,79.2,100,25.2,1003.4,96.5,5.8,7,"Rain, Overcast",Cloudy skies throughout the day with rain in the morning and afternoon.,rain,obs
Meiktila,7/5/2018,29.3,75.5,100,21.2,1002.4,83.8,6.6,8,"Rain, Partially cloudy",Partly cloudy throughout the day with rain.,rain,obs
Meiktila,7/6/2018,29.4,75.5,100,20.5,1001.8,95.5,5.8,8,"Rain, Overcast",Cloudy skies throughout the day with rain in the morning and afternoon.,rain,obs
Meiktila,7/7/2018,29.1,75.3,100,21.2,1002.5,96.7,6.8,7,"Rain, Overcast",Cloudy skies throughout the day with rain in the morning and afternoon.,rain,obs
Meiktila,7/8/2018,28.4,79.2,100,24.1,1002.9,96.4,6.8,6,"Rain, Overcast",Cloudy skies throughout the day with a chance of rain throughout the day.,rain,obs
Meiktila,7/9/2018,28.3,80,100,20.2,1003.6,97.7,5.8,7,"Rain, Overcast",Cloudy skies throughout the day with a chance of rain throughout the day.,rain,obs
Meiktila,7/10/2018,28.8,77,100,21.2,1004.1,98.9,5.5,7,"Rain, Overcast",Cloudy skies throughout the day with rain.,rain,obs
Meiktila,7/11/2018,28.9,76.9,100,19.4,1003.1,97.1,7,6,"Rain, Overcast",Cloudy skies throughout the day with rain.,rain,obs
Meiktila,7/12/2018,29.3,75.1,100,18.4,1001.8,81.3,6,7,"Rain, Partially cloudy",Partly cloudy throughout the day with a chance of rain throughout the day.,rain,obs
Meiktila,7/13/2018,29.5,74.2,100,17.3,1001.6,83.9,7,7,"Rain, Partially cloudy",Partly cloudy throughout the day with rain in the morning and afternoon.,rain,obs
Meiktila,7/14/2018,29.1,75.2,100,21.6,1001.7,90.7,7,7,"Rain, Overcast",Cloudy skies throughout the day with morning rain.,rain,obs
Meiktila,7/15/2018,28.6,76.5,100,21.2,1002.9,92,6.6,7,"Rain, Overcast",Cloudy skies throughout the day with a chance of rain throughout the day.,rain,obs
Meiktila,7/16/2018,28.5,76.5,100,21.6,1003.7,97.7,5.8,8,"Rain, Overcast",Cloudy skies throughout the day with rain.,rain,obs
Meiktila,7/17/2018,29.4,75.2,100,16.6,1002.6,93.8,6,6,"Rain, Overcast",Cloudy skies throughout the day with a chance of rain throughout the day.,rain,obs
Meiktila,7/18/2018,29.6,79,100,11.5,1000.2,86.2,5.8,8,"Rain, Partially cloudy",Partly cloudy throughout the day with a chance of rain throughout the day.,rain,obs
Meiktila,7/19/2018,29.3,79.3,100,16.9,999.7,95.2,6.6,8,"Rain, Overcast",Cloudy skies throughout the day with afternoon rain.,rain,obs
Meiktila,7/20/2018,27.6,81.9,100,20.9,1001.5,97.9,5.4,6,"Rain, Overcast",Cloudy skies throughout the day with a chance of rain throughout the day.,rain,obs
Meiktila,7/21/2018,27.3,84.9,100,22,1004.1,98.4,5,6,"Rain, Overcast",Cloudy skies throughout the day with a chance of rain throughout the day.,rain,obs
Meiktila,7/22/2018,27.7,82.8,100,22,1004.4,95.3,4.3,6,"Rain, Overcast",Cloudy skies throughout the day with a chance of rain throughout the day.,rain,obs
Meiktila,7/23/2018,27.7,82.7,100,20.9,1004.1,97.4,5.4,6,"Rain, Overcast",Cloudy skies throughout the day with rain in the morning and afternoon.,rain,obs
Meiktila,7/24/2018,27.2,87.3,100,19.8,1004.2,100,5.8,3,"Rain, Overcast",Cloudy skies throughout the day with a chance of rain throughout the day.,rain,obs
Meiktila,7/25/2018,27.1,86.8,100,20.2,1003.9,95.1,5.6,5,"Rain, Overcast",Cloudy skies throughout the day with a chance of rain throughout the day.,rain,obs
Meiktila,7/26/2018,27.9,83.9,100,20.2,1004.1,97.5,5.6,6,"Rain, Overcast",Cloudy skies throughout the day with rain.,rain,obs
Meiktila,7/27/2018,27.9,82.5,100,20.5,1003.1,98.5,5.8,5,"Rain, Overcast",Cloudy skies throughout the day with rain in the morning and afternoon.,rain,obs
Meiktila,7/28/2018,27.6,83.9,100,22,1003.6,99,5.6,4,"Rain, Overcast",Cloudy skies throughout the day with a chance of rain throughout the day.,rain,obs
Meiktila,7/29/2018,28.2,80.1,100,22.7,1003.1,98.6,5.6,6,"Rain, Overcast",Cloudy skies throughout the day with rain.,rain,obs
Meiktila,7/30/2018,27.8,80.6,100,22,1003,98.3,5.6,6,"Rain, Overcast",Cloudy skies throughout the day with rain.,rain,obs
Meiktila,7/31/2018,27,85.6,100,23.4,1003.2,99.6,5.6,5,"Rain, Overcast",Cloudy skies throughout the day with a chance of rain throughout the day.,rain,obs
Meiktila,8/1/2018,27.7,81.3,100,28.4,1003.6,84.4,5.8,7,"Rain, Partially cloudy",Partly cloudy throughout the day with a chance of rain throughout the day.,rain,obs
Meiktila,8/2/2018,27.7,80.5,100,26.6,1004.7,97.1,5.8,7,"Rain, Overcast",Cloudy skies throughout the day with rain in the morning and afternoon.,rain,obs
Meiktila,8/3/2018,28.4,77.2,100,21.6,1003.6,98.1,5.5,8,"Rain, Overcast",Cloudy skies throughout the day with rain in the morning and afternoon.,rain,obs
Meiktila,8/4/2018,28.3,77.8,100,19.4,1002.7,97.8,6,7,"Rain, Overcast",Cloudy skies throughout the day with rain.,rain,obs
Meiktila,8/5/2018,27.8,81.4,100,16.2,1002.2,97.8,5.6,6,"Rain, Overcast",Cloudy skies throughout the day with a chance of rain throughout the day.,rain,obs
Meiktila,8/6/2018,28,77.7,100,16.9,1002.4,97.4,5.8,6,"Rain, Overcast",Cloudy skies throughout the day with afternoon rain.,rain,obs
Meiktila,8/7/2018,28.6,76.7,100,17.3,1003.1,85.8,6.2,7,"Rain, Partially cloudy",Partly cloudy throughout the day with afternoon rain.,rain,obs
Meiktila,8/8/2018,28.9,76,100,15.8,1004,94.4,5.8,8,"Rain, Overcast",Cloudy skies throughout the day with rain.,rain,obs
Meiktila,8/9/2018,28.8,78.5,100,15.5,1004.4,96.1,5.8,6,"Rain, Overcast",Cloudy skies throughout the day with rain.,rain,obs
Meiktila,8/10/2018,28.5,82.6,100,15.8,1003.8,97.7,5.3,5,"Rain, Overcast",Cloudy skies throughout the day with rain.,rain,obs
Meiktila,8/11/2018,28.6,78.4,100,20.5,1002.3,97,5.8,4,"Rain, Overcast",Cloudy skies throughout the day with a chance of rain throughout the day.,rain,obs
Meiktila,8/12/2018,28.9,75.7,100,20.9,1001.6,95.5,5.8,7,"Rain, Overcast",Cloudy skies throughout the day with a chance of rain throughout the day.,rain,obs
Meiktila,8/13/2018,28.5,77.4,100,20.5,1001.6,94.8,5.8,6,"Rain, Overcast",Cloudy skies throughout the day with rain.,rain,obs
Meiktila,8/14/2018,28.8,76.7,100,19.8,1001.9,93.7,5.8,6,"Rain, Overcast",Cloudy skies throughout the day with a chance of rain throughout the day.,rain,obs
Meiktila,8/15/2018,28.9,75.2,100,18,1004.6,92.1,6.2,7,"Rain, Overcast",Cloudy skies throughout the day with a chance of rain throughout the day.,rain,obs
Meiktila,8/16/2018,29,75.8,100,16.2,1004.9,97,6,7,"Rain, Overcast",Cloudy skies throughout the day with a chance of rain throughout the day.,rain,obs
Meiktila,8/17/2018,27.8,81.1,100,12.2,1001.4,97.2,5.4,4,"Rain, Overcast",Cloudy skies throughout the day with rain.,rain,obs
Meiktila,8/18/2018,27.1,89.7,100,15.1,998.7,99.7,4.4,5,"Rain, Overcast",Cloudy skies throughout the day with rain.,rain,obs
Meiktila,8/19/2018,28.2,79.8,100,20.5,1001,97.5,6.2,6,"Rain, Overcast",Cloudy skies throughout the day with a chance of rain throughout the day.,rain,obs
Meiktila,8/20/2018,28.3,80,100,23,1004.9,97.3,5.8,7,"Rain, Overcast",Cloudy skies throughout the day with a chance of rain throughout the day.,rain,obs
Meiktila,8/21/2018,27.7,84,100,21.6,1005.1,87.6,4.8,7,"Rain, Partially cloudy",Partly cloudy throughout the day with a chance of rain throughout the day.,rain,obs
Meiktila,8/22/2018,28.2,81.1,100,19.8,1003.8,90.1,6,5,"Rain, Overcast",Cloudy skies throughout the day with rain.,rain,obs
Meiktila,8/23/2018,28,82.2,100,18,1003.5,99.3,5.6,6,"Rain, Overcast",Cloudy skies throughout the day with rain.,rain,obs
Meiktila,8/24/2018,26.6,88.9,100,18,1003.9,98.5,5,4,"Rain, Overcast",Cloudy skies throughout the day with a chance of rain throughout the day.,rain,obs
Meiktila,8/25/2018,27.3,83.5,100,22,1003.9,89.4,5.8,5,"Rain, Partially cloudy",Partly cloudy throughout the day with a chance of rain throughout the day.,rain,obs
Meiktila,8/26/2018,27.6,81.2,100,20.5,1003.4,93.5,5.8,6,"Rain, Overcast",Cloudy skies throughout the day with rain.,rain,obs
Meiktila,8/27/2018,27.9,80.1,100,19.4,1004.4,88.4,5.8,7,"Rain, Partially cloudy",Partly cloudy throughout the day with a chance of rain throughout the day.,rain,obs
Meiktila,8/28/2018,27.2,85.2,100,19.4,1006.6,88,5,6,"Rain, Partially cloudy",Partly cloudy throughout the day with rain in the morning and afternoon.,rain,obs
Meiktila,8/29/2018,27.9,80.3,100,18.4,1006.5,94.7,5.8,5,"Rain, Overcast",Cloudy skies throughout the day with rain in the morning and afternoon.,rain,obs
Meiktila,8/30/2018,27.4,82.4,100,17.6,1004.3,96.8,6.2,5,"Rain, Overcast",Cloudy skies throughout the day with rain.,rain,obs
Meiktila,8/31/2018,27.8,82.5,100,17.3,1004.3,97.1,6,7,"Rain, Overcast",Cloudy skies throughout the day with rain.,rain,obs
Meiktila,9/1/2018,27.4,82,100,25.2,1007,98.2,6.2,5,"Rain, Overcast",Cloudy skies throughout the day with a chance of rain throughout the day.,rain,obs
Meiktila,9/2/2018,27.7,80.5,100,20.5,1006.9,90.8,5.4,8,"Rain, Overcast",Cloudy skies throughout the day with a chance of rain throughout the day.,rain,obs
Meiktila,9/3/2018,27.4,83.5,100,17.6,1005.5,97.7,5.6,5,"Rain, Overcast",Cloudy skies throughout the day with rain.,rain,obs
Meiktila,9/4/2018,26.1,89.8,100,16.9,1005.2,95.7,5.6,2,"Rain, Overcast",Cloudy skies throughout the day with a chance of rain throughout the day.,rain,obs
Meiktila,9/5/2018,27,80.5,100,23,1005.8,81.4,6,7,"Rain, Partially cloudy",Partly cloudy throughout the day with rain in the morning and afternoon.,rain,obs
Meiktila,9/6/2018,27.4,79.4,100,19.1,1006.8,70.4,5.6,5,"Rain, Partially cloudy",Partly cloudy throughout the day with a chance of rain throughout the day.,rain,obs
Meiktila,9/7/2018,28.3,77.3,100,14.4,1007.7,84.2,5.6,7,"Rain, Partially cloudy",Partly cloudy throughout the day with rain.,rain,obs
Meiktila,9/8/2018,28.7,77.7,100,8.3,1006.7,88.6,5.6,9,"Rain, Partially cloudy",Partly cloudy throughout the day with late afternoon rain.,rain,obs
Meiktila,9/9/2018,28.6,79.1,100,10.1,1008,96,6.3,5,"Rain, Overcast",Cloudy skies throughout the day with rain.,rain,obs
Meiktila,9/10/2018,28.7,78.1,100,15.5,1010.5,92.6,5.8,8,"Rain, Overcast",Cloudy skies throughout the day with rain in the morning and afternoon.,rain,obs
Meiktila,9/11/2018,29,75.2,100,17.6,1009.6,81.9,5.8,7,"Rain, Partially cloudy",Partly cloudy throughout the day with morning rain.,rain,obs
Meiktila,9/12/2018,29.5,72.7,100,18.7,1007.2,89.7,5.8,8,"Rain, Partially cloudy",Partly cloudy throughout the day with afternoon rain.,rain,obs
Meiktila,9/13/2018,30,71.7,100,16.2,1006,82.8,5.8,7,"Rain, Partially cloudy",Partly cloudy throughout the day with afternoon rain.,rain,obs
Meiktila,9/14/2018,28.7,79.3,100,10.4,1006.7,95.9,5.6,6,"Rain, Overcast",Cloudy skies throughout the day with rain.,rain,obs
Meiktila,9/15/2018,29.6,76,100,8.6,1006.8,79.1,6.4,8,"Rain, Partially cloudy",Partly cloudy throughout the day with afternoon rain.,rain,obs
Meiktila,9/16/2018,29.9,76.3,100,11.5,1004.8,36.4,6,9,"Rain, Partially cloudy",Partly cloudy throughout the day with afternoon rain.,rain,obs
Meiktila,9/17/2018,30.8,73.7,100,14,1003.1,32.5,5,9,"Rain, Partially cloudy",Partly cloudy throughout the day with rain.,rain,obs
Meiktila,9/18/2018,29.3,76.9,100,16.6,1004.2,92.6,6,7,"Rain, Overcast",Cloudy skies throughout the day with rain.,rain,obs
Meiktila,9/19/2018,28,81.2,100,9.4,1006.7,89.4,6,7,"Rain, Partially cloudy",Partly cloudy throughout the day with rain.,rain,obs
Meiktila,9/20/2018,27.6,81.7,100,9.7,1009.6,72,6.4,6,"Rain, Partially cloudy",Partly cloudy throughout the day with rain.,rain,obs
Meiktila,9/21/2018,29,73.7,0,6.8,1011.5,38.8,6.2,8,Partially cloudy,Partly cloudy throughout the day.,partly-cloudy-day,obs
Meiktila,9/22/2018,30,70.9,100,8.6,1011.4,46.2,7.4,9,"Rain, Partially cloudy",Partly cloudy throughout the day with afternoon rain.,rain,obs
Meiktila,9/23/2018,28.9,77.8,100,12.6,1011,84.5,6.4,7,"Rain, Partially cloudy",Partly cloudy throughout the day with afternoon rain.,rain,obs
Meiktila,9/24/2018,29.2,75.1,100,13.7,1009.9,91.5,6.2,8,"Rain, Overcast",Cloudy skies throughout the day with afternoon rain.,rain,obs
Meiktila,9/25/2018,29.5,73.6,100,19.1,1008.6,63.8,5.8,8,"Rain, Partially cloudy",Partly cloudy throughout the day with rain in the morning and afternoon.,rain,obs
Meiktila,9/26/2018,29.7,73.5,100,15.8,1007.9,48.8,6.2,7,"Rain, Partially cloudy",Partly cloudy throughout the day with rain.,rain,obs
Meiktila,9/27/2018,30.1,72.9,100,12.2,1008.3,75.3,6.4,7,"Rain, Partially cloudy",Partly cloudy throughout the day with rain.,rain,obs
Meiktila,9/28/2018,30.4,72.3,100,8.6,1008.3,71.7,6.2,8,"Rain, Partially cloudy",Partly cloudy throughout the day with rain in the morning and afternoon.,rain,obs
Meiktila,9/29/2018,29.3,77,100,7.9,1008.4,76.7,6.2,8,"Rain, Partially cloudy",Partly cloudy throughout the day with rain.,rain,obs
Meiktila,9/30/2018,29.5,76.8,100,10.4,1008,62,6.8,8,"Rain, Partially cloudy",Becoming cloudy in the afternoon with a chance of rain throughout the day.,rain,obs
Meiktila,10/1/2018,29.2,75.1,100,11.9,1009.2,72.6,5.8,8,"Rain, Partially cloudy",Partly cloudy throughout the day with rain in the morning and afternoon.,rain,obs
Meiktila,10/2/2018,27.8,80.8,100,12.2,1010.1,91,5.6,8,"Rain, Overcast",Cloudy skies throughout the day with a chance of rain throughout the day.,rain,obs
Meiktila,10/3/2018,26.4,85.6,100,7.9,1010.9,88.5,5.4,5,"Rain, Partially cloudy",Partly cloudy throughout the day with a chance of rain throughout the day.,rain,obs
Meiktila,10/4/2018,27.5,83.4,100,7.9,1011.4,75.6,5.8,5,"Rain, Partially cloudy",Partly cloudy throughout the day with rain.,rain,obs
Meiktila,10/5/2018,28.6,77.1,100,5.8,1011.6,83,5.4,8,"Rain, Partially cloudy",Partly cloudy throughout the day with rain.,rain,obs
Meiktila,10/6/2018,28.4,77.7,100,5.8,1010.8,76.5,5.2,7,"Rain, Partially cloudy",Partly cloudy throughout the day with rain in the morning and afternoon.,rain,obs
Meiktila,10/7/2018,27.7,82.4,100,6.1,1010.8,66.1,5.6,7,"Rain, Partially cloudy",Partly cloudy throughout the day with a chance of rain throughout the day.,rain,obs
Meiktila,10/8/2018,27.6,81.7,100,7.9,1010.5,58.9,6.7,7,"Rain, Partially cloudy",Partly cloudy throughout the day with rain.,rain,obs
Meiktila,10/9/2018,26.1,87.1,100,7.6,1010.7,98.7,5.4,5,"Rain, Overcast",Cloudy skies throughout the day with a chance of rain throughout the day.,rain,obs
Meiktila,10/10/2018,24.7,93.6,100,7.9,1011.9,100,4.8,3,"Rain, Overcast",Cloudy skies throughout the day with a chance of rain throughout the day.,rain,obs
Meiktila,10/11/2018,25.4,89,100,6.8,1012.8,99.1,5.3,5,"Rain, Overcast",Cloudy skies throughout the day with a chance of rain throughout the day.,rain,obs
Meiktila,10/12/2018,25.9,88.3,100,7.6,1013.3,97.2,5.4,3,"Rain, Overcast",Cloudy skies throughout the day with a chance of rain throughout the day.,rain,obs
Meiktila,10/13/2018,26.1,86.9,100,13.7,1013.2,98.5,5.6,6,"Rain, Overcast",Cloudy skies throughout the day with a chance of rain throughout the day.,rain,obs
Meiktila,10/14/2018,26.8,81.7,100,18.4,1011.8,78.1,5.6,8,"Rain, Partially cloudy",Partly cloudy throughout the day with afternoon rain.,rain,obs
Meiktila,10/15/2018,28.2,77.8,100,15.8,1011.5,80.2,5.8,8,"Rain, Partially cloudy",Partly cloudy throughout the day with late afternoon rain.,rain,obs
Meiktila,10/16/2018,27.8,81.2,100,7.9,1011.2,60.8,5,7,"Rain, Partially cloudy",Partly cloudy throughout the day with a chance of rain throughout the day.,rain,obs
Meiktila,10/17/2018,27.4,80.1,100,8.3,1010.2,69.3,4.7,7,"Rain, Partially cloudy",Partly cloudy throughout the day with rain in the morning and afternoon.,rain,obs
Meiktila,10/18/2018,27.5,79,100,9,1009.8,31.7,5,7,"Rain, Partially cloudy",Partly cloudy throughout the day with morning rain.,rain,obs
Meiktila,10/19/2018,26.7,80.9,100,9.4,1011,57.1,5,8,"Rain, Partially cloudy",Partly cloudy throughout the day with morning rain.,rain,obs
Meiktila,10/20/2018,26.8,78,0,8.6,1011.9,43.3,5,8,Partially cloudy,Partly cloudy throughout the day.,partly-cloudy-day,obs
Meiktila,10/21/2018,26.8,80.5,100,9.4,1012.1,91.2,5.4,8,"Rain, Overcast",Cloudy skies throughout the day with afternoon rain.,rain,obs
Meiktila,10/22/2018,26.8,83.2,100,6.5,1011.5,96.8,5.2,6,"Rain, Overcast",Cloudy skies throughout the day with rain.,rain,obs
Meiktila,10/23/2018,26.8,84.2,100,7.2,1011.8,87.9,4.8,6,"Rain, Partially cloudy",Partly cloudy throughout the day with rain in the morning and afternoon.,rain,obs
Meiktila,10/24/2018,27.1,81.6,100,7.2,1011.9,82.9,5.2,6,"Rain, Partially cloudy",Partly cloudy throughout the day with afternoon rain.,rain,obs
Meiktila,10/25/2018,27.6,80.2,100,6.8,1013.2,67.6,7.4,7,"Rain, Partially cloudy",Partly cloudy throughout the day with a chance of rain throughout the day.,rain,obs
Meiktila,10/26/2018,26.9,81.9,100,7.6,1014.1,56.8,5.2,7,"Rain, Partially cloudy",Partly cloudy throughout the day with rain clearing later.,rain,obs
Meiktila,10/27/2018,27.6,80.5,100,9.7,1014.2,59.7,5.6,8,"Rain, Partially cloudy",Partly cloudy throughout the day with afternoon rain.,rain,obs
Meiktila,10/28/2018,27.2,82.3,100,9.7,1014.1,62.4,6.2,7,"Rain, Partially cloudy",Partly cloudy throughout the day with rain.,rain,obs
Meiktila,10/29/2018,26.1,83.3,100,14.4,1013.6,67,5.6,7,"Rain, Partially cloudy",Partly cloudy throughout the day with afternoon rain.,rain,obs
Meiktila,10/30/2018,25.2,79.9,100,17.3,1013.6,93.1,5.2,5,"Rain, Overcast",Cloudy skies throughout the day with late afternoon rain.,rain,obs
Meiktila,10/31/2018,23.4,88.9,100,13.7,1014.6,98,5.2,3,"Rain, Overcast",Cloudy skies throughout the day with a chance of rain throughout the day.,rain,obs
Meiktila,11/1/2018,24.6,85,100,11.5,1014,66.3,5.4,6,"Rain, Partially cloudy",Partly cloudy throughout the day with a chance of rain throughout the day.,rain,obs
Meiktila,11/2/2018,24.5,80.5,0,7.6,1013.5,13.3,6.3,7,Clear,Clear conditions throughout the day.,clear-day,obs
Meiktila,11/3/2018,25.1,78.4,0,7.9,1013.9,8.7,4.6,7,Clear,Clear conditions throughout the day.,clear-day,obs
Meiktila,11/4/2018,25.8,75,0,8.3,1013.2,9.3,6.5,8,Clear,Clear conditions throughout the day.,clear-day,obs
Meiktila,11/5/2018,26.2,74.3,0,9.4,1012.3,10.8,5.2,8,Clear,Clear conditions throughout the day.,clear-day,obs
Meiktila,11/6/2018,26.3,73.3,0,9,1012.6,2.2,6.5,8,Clear,Clear conditions throughout the day.,clear-day,obs
Meiktila,11/7/2018,26.1,73.7,0,9,1013.2,4.8,5.4,8,Clear,Clear conditions throughout the day.,clear-day,obs
Meiktila,11/8/2018,25.7,80.9,0,13,1012.7,27.3,5,8,Partially cloudy,Clearing in the afternoon.,partly-cloudy-day,obs
Meiktila,11/9/2018,25.4,80.5,100,9.7,1011.6,1.3,4.6,8,Rain,Clear conditions throughout the day with late afternoon rain.,rain,obs
Meiktila,11/10/2018,26,78.6,100,9.4,1012.2,67.8,6,7,"Rain, Partially cloudy",Partly cloudy throughout the day with rain.,rain,obs
Meiktila,11/11/2018,26.6,73,100,9.4,1012.5,92.9,5.4,7,"Rain, Overcast",Cloudy skies throughout the day with rain.,rain,obs
Meiktila,11/12/2018,26.2,74.1,0,7.6,1011.6,80.1,5.2,7,Partially cloudy,Partly cloudy throughout the day.,partly-cloudy-day,obs
Meiktila,11/13/2018,26.3,73.6,100,5.4,1010.3,84.4,5.4,5,"Rain, Partially cloudy",Partly cloudy throughout the day with rain in the morning and afternoon.,rain,obs
Meiktila,11/14/2018,27.4,74.3,100,5.4,1010.1,66.6,5.4,7,"Rain, Partially cloudy",Partly cloudy throughout the day with afternoon rain.,rain,obs
Meiktila,11/15/2018,27.7,74.7,100,6.1,1011.6,62,5.6,6,"Rain, Partially cloudy",Partly cloudy throughout the day with a chance of rain throughout the day.,rain,obs
Meiktila,11/16/2018,26.3,72.5,100,9.7,1011.8,21,5.6,8,"Rain, Partially cloudy",Partly cloudy throughout the day with afternoon rain.,rain,obs
Meiktila,11/17/2018,26.1,68.1,0,7.2,1011.7,22.7,5.6,8,Partially cloudy,Clearing in the afternoon.,partly-cloudy-day,obs
Meiktila,11/18/2018,25.6,68,0,8.6,1012.6,3,5.2,8,Clear,Clear conditions throughout the day.,clear-day,obs
Meiktila,11/19/2018,24.6,70.8,0,9.4,1013.9,0,5.6,8,Clear,Clear conditions throughout the day.,clear-day,obs
Meiktila,11/20/2018,24.1,72.4,0,8.6,1013.7,12.1,5.4,8,Clear,Clear conditions throughout the day.,clear-day,obs
Meiktila,11/21/2018,24.1,70.8,0,10.4,1014,12.3,4.6,8,Clear,Clear conditions throughout the day.,clear-day,obs
Meiktila,11/22/2018,23.4,74.9,0,10.8,1014.4,0.1,6.2,8,Clear,Clear conditions throughout the day.,clear-day,obs
Meiktila,11/23/2018,23.6,72.4,0,7.6,1015.1,0.1,5.2,8,Clear,Clear conditions throughout the day.,clear-day,obs
Meiktila,11/24/2018,23.6,73.5,0,8.6,1014.1,15.9,5.2,8,Clear,Clear conditions throughout the day.,clear-day,obs
Meiktila,11/25/2018,23.3,69.8,0,9.4,1014.8,0.3,6.2,8,Clear,Clear conditions throughout the day.,clear-day,obs
Meiktila,11/26/2018,23.4,70,0,10.1,1014.6,0.4,6.4,8,Clear,Clear conditions throughout the day.,clear-day,obs
Meiktila,11/27/2018,23.7,72.4,0,9.4,1015.6,11.9,5.6,7,Clear,Clear conditions throughout the day.,clear-day,obs
Meiktila,11/28/2018,23.5,71.3,0,12.2,1016,0.3,6.4,8,Clear,Clear conditions throughout the day.,clear-day,obs
Meiktila,11/29/2018,23,69.2,0,9,1016.1,8.4,6,8,Clear,Clear conditions throughout the day.,clear-day,obs
Meiktila,11/30/2018,23.7,69.7,0,9.7,1016,32.6,5.6,7,Partially cloudy,Partly cloudy throughout the day.,partly-cloudy-day,obs
Meiktila,12/1/2018,23.3,69.1,0,8.3,1014,12.8,6.8,7,Clear,Clear conditions throughout the day.,clear-day,obs
Meiktila,12/2/2018,24.4,67.4,0,7.9,1012.4,62.2,5.3,7,Partially cloudy,Partly cloudy throughout the day.,partly-cloudy-day,obs
Meiktila,12/3/2018,25.3,71.6,100,7.9,1012.8,61.6,6.2,7,"Rain, Partially cloudy",Partly cloudy throughout the day with rain in the morning and afternoon.,rain,obs
Meiktila,12/4/2018,24.8,71.5,0,9,1013.7,51.5,5.6,7,Partially cloudy,Partly cloudy throughout the day.,partly-cloudy-day,obs
Meiktila,12/5/2018,24.2,71.9,0,8.6,1012.3,48.5,5.4,7,Partially cloudy,Partly cloudy throughout the day.,partly-cloudy-day,obs
Meiktila,12/6/2018,23.6,74.4,0,9.4,1011.4,74.9,5.4,7,Partially cloudy,Partly cloudy throughout the day.,partly-cloudy-day,obs
Meiktila,12/7/2018,23.6,72.3,0,8.6,1011.8,81.7,5.4,6,Partially cloudy,Partly cloudy throughout the day.,partly-cloudy-day,obs
Meiktila,12/8/2018,24.3,71.9,0,9,1012.6,6.3,6.2,7,Clear,Clear conditions throughout the day.,clear-day,obs
Meiktila,12/9/2018,24.5,76.2,100,7.6,1012.5,37.9,5.6,5,"Rain, Partially cloudy",Partly cloudy throughout the day with rain.,rain,obs
Meiktila,12/10/2018,25.2,74.3,100,9,1012.8,17.8,6,6,Rain,Clear conditions throughout the day with early morning rain.,rain,obs
Meiktila,12/11/2018,23.4,77.6,100,8.3,1013.3,42.2,5.4,6,"Rain, Partially cloudy",Partly cloudy throughout the day with rain.,rain,obs
Meiktila,12/12/2018,24.2,80.3,100,9,1014.7,64,5,7,"Rain, Partially cloudy",Partly cloudy throughout the day with a chance of rain throughout the day.,rain,obs
Meiktila,12/13/2018,24.3,76.9,100,10.1,1015.4,62.5,5.6,6,"Rain, Partially cloudy",Partly cloudy throughout the day with rain.,rain,obs
Meiktila,12/14/2018,24,81.6,100,9.4,1016.1,90,5,2,"Rain, Partially cloudy",Partly cloudy throughout the day with rain.,rain,obs
Meiktila,12/15/2018,24.9,75.4,0,9.7,1016.4,53.3,6,6,Partially cloudy,Partly cloudy throughout the day.,partly-cloudy-day,obs
Meiktila,12/16/2018,25.6,73.6,0,15.1,1017,17.1,6,7,Clear,Clear conditions throughout the day.,clear-day,obs
Meiktila,12/17/2018,26.2,68.7,0,11.5,1016,9.7,6,7,Clear,Clear conditions throughout the day.,clear-day,obs
Meiktila,12/18/2018,25.9,68.5,100,8.3,1014.5,17.7,6.4,7,Rain,Clear conditions throughout the day with late afternoon rain.,rain,obs
Meiktila,12/19/2018,24,82.7,100,12.6,1014.1,64.1,5,3,"Rain, Partially cloudy",Partly cloudy throughout the day with rain.,rain,obs
Meiktila,12/20/2018,23.2,85.5,100,9.4,1014.8,71.8,5.8,5,"Rain, Partially cloudy",Partly cloudy throughout the day with a chance of rain throughout the day.,rain,obs
Meiktila,12/21/2018,22.6,79.2,0,8.6,1013.7,26,5.2,7,Partially cloudy,Clearing in the afternoon.,partly-cloudy-day,obs
Meiktila,12/22/2018,23.1,74.8,0,7.6,1014,25.4,6.8,7,Partially cloudy,Partly cloudy throughout the day.,partly-cloudy-day,obs
Meiktila,12/23/2018,22.3,75.7,0,10.4,1014.2,0,6,7,Clear,Clear conditions throughout the day.,clear-day,obs
Meiktila,12/24/2018,21.5,73.9,0,8.3,1013.5,5.4,7.4,7,Clear,Clear conditions throughout the day.,clear-day,obs
Meiktila,12/25/2018,21.3,71,0,8.3,1012.5,13.5,6.4,7,Clear,Clear conditions throughout the day.,clear-day,obs
Meiktila,12/26/2018,21,69.1,0,10.1,1012.2,13.8,6,7,Clear,Clear conditions throughout the day.,clear-day,obs
Meiktila,12/27/2018,20.6,72,0,9,1011.6,32.2,5.2,7,Partially cloudy,Partly cloudy throughout the day.,partly-cloudy-day,obs
Meiktila,12/28/2018,21.2,68.6,0,9.7,1011.4,35.4,6.4,7,Partially cloudy,Partly cloudy throughout the day.,partly-cloudy-day,obs
Meiktila,12/29/2018,20.9,73.9,0,9,1013,43,6,7,Partially cloudy,Partly cloudy throughout the day.,partly-cloudy-day,obs
Meiktila,12/30/2018,21.9,64.9,0,11.9,1016.2,34.6,7.4,7,Partially cloudy,Partly cloudy throughout the day.,partly-cloudy-day,obs
Meiktila,12/31/2018,20.4,64.3,0,11.2,1017.4,4.2,7.3,7,Clear,Clear conditions throughout the day.,clear-day,obs
name,datetime,temp,humidity,precipprob,windspeed,sealevelpressure,cloudcover,visibility,uvindex,conditions,description,icon,source
Meiktila,1/1/2019,20.2,69.1,0,9.4,1017.9,1.4,6.4,8,Clear,Clear conditions throughout the day.,clear-day,obs
Meiktila,1/2/2019,20.3,65.1,0,10.1,1017.9,0,5,7,Clear,Clear conditions throughout the day.,clear-day,obs
Meiktila,1/3/2019,20.6,64.7,0,7.9,1017.9,6.8,6.4,8,Clear,Clear conditions throughout the day.,clear-day,obs
Meiktila,1/4/2019,21.9,59.7,0,9.4,1017.5,37.8,6.4,8,Partially cloudy,Partly cloudy throughout the day.,partly-cloudy-day,obs
Meiktila,1/5/2019,21.1,70.5,0,10.8,1016.6,14.8,6,7,Clear,Clear conditions throughout the day.,clear-day,obs
Meiktila,1/6/2019,21.9,68.8,0,11.5,1016,11.4,6.4,7,Clear,Clear conditions throughout the day.,clear-day,obs
Meiktila,1/7/2019,22.2,70.9,100,9.7,1014.8,74.9,5,6,"Rain, Partially cloudy",Partly cloudy throughout the day with rain.,rain,obs
Meiktila,1/8/2019,19.9,92.8,100,8.6,1013.4,89.8,3.8,1,"Rain, Partially cloudy",Partly cloudy throughout the day with a chance of rain throughout the day.,rain,obs
Meiktila,1/9/2019,21.6,80.9,100,7.9,1014.2,52.6,5,6,"Rain, Partially cloudy",Partly cloudy throughout the day with afternoon rain.,rain,obs
Meiktila,1/10/2019,21.6,78.7,100,8.6,1014.3,33,5.3,7,"Rain, Partially cloudy",Partly cloudy throughout the day with afternoon rain.,rain,obs
Meiktila,1/11/2019,21,78.9,0,9.7,1015.3,26.9,5.4,8,Partially cloudy,Partly cloudy throughout the day.,partly-cloudy-day,obs
Meiktila,1/12/2019,21,76.8,0,8.6,1015.5,40.9,6.2,8,Partially cloudy,Partly cloudy throughout the day.,partly-cloudy-day,obs
Meiktila,1/13/2019,20.5,76.2,0,9.7,1015.4,47,6.2,8,Partially cloudy,Becoming cloudy in the afternoon.,partly-cloudy-day,obs
Meiktila,1/14/2019,20.9,74.2,0,9.7,1013.3,83.7,5.8,8,Partially cloudy,Partly cloudy throughout the day.,partly-cloudy-day,obs
Meiktila,1/15/2019,21.2,71,0,10.1,1013.5,49.3,6.6,8,Partially cloudy,Partly cloudy throughout the day.,partly-cloudy-day,obs
Meiktila,1/16/2019,20.2,67,0,13.3,1014.8,16.4,6,8,Clear,Clear conditions throughout the day.,clear-day,obs
Meiktila,1/17/2019,20.3,67.8,0,9.7,1014.4,3,6,8,Clear,Clear conditions throughout the day.,clear-day,obs
Meiktila,1/18/2019,21.7,69.3,0,8.3,1013.7,5.1,6.2,8,Clear,Clear conditions throughout the day.,clear-day,obs
Meiktila,1/19/2019,22.5,67.8,0,9.4,1013.6,5.4,6.2,7,Clear,Clear conditions throughout the day.,clear-day,obs
Meiktila,1/20/2019,22.2,66.6,0,9,1013.9,5.6,6.3,8,Clear,Clear conditions throughout the day.,clear-day,obs
Meiktila,1/21/2019,21.1,68.4,0,9.4,1014.5,0.1,6,8,Clear,Clear conditions throughout the day.,clear-day,obs
Meiktila,1/22/2019,22,62.1,0,10.1,1015,2.6,6.4,8,Clear,Clear conditions throughout the day.,clear-day,obs
Meiktila,1/23/2019,22.2,58.4,0,10.4,1015.5,0,5.2,8,Clear,Clear conditions throughout the day.,clear-day,obs
Meiktila,1/24/2019,21.3,60.4,0,11.9,1015.5,0,6.4,8,Clear,Clear conditions throughout the day.,clear-day,obs
Meiktila,1/25/2019,21.4,60.4,0,10.1,1016.1,26.9,6.2,8,Partially cloudy,Becoming cloudy in the afternoon.,partly-cloudy-day,obs
Meiktila,1/26/2019,22.2,61.7,0,9.7,1016,1.8,5.6,8,Clear,Clear conditions throughout the day.,clear-day,obs
Meiktila,1/27/2019,24.4,55,0,9.4,1015.4,17.1,6,8,Clear,Clear conditions throughout the day.,clear-day,obs
Meiktila,1/28/2019,24.4,58.5,0,8.3,1014.7,17.8,5.4,8,Clear,Clear conditions throughout the day.,clear-day,obs
Meiktila,1/29/2019,23.9,63.2,0,13.7,1013.6,14.2,5.4,7,Clear,Clear conditions throughout the day.,clear-day,obs
Meiktila,1/30/2019,22.6,65.9,0,12.2,1015.6,4.4,6,8,Clear,Clear conditions throughout the day.,clear-day,obs
Meiktila,1/31/2019,21.5,60.4,0,12.2,1017.2,0,6,8,Clear,Clear conditions throughout the day.,clear-day,obs
Meiktila,2/1/2019,21.4,61.5,0,11.5,1015.8,0.1,6.4,8,Clear,Clear conditions throughout the day.,clear-day,obs
Meiktila,2/2/2019,22.6,61.5,0,9.4,1013.6,1.3,6.4,8,Clear,Clear conditions throughout the day.,clear-day,obs
Meiktila,2/3/2019,22.7,61.1,0,9.4,1014.5,0,7,8,Clear,Clear conditions throughout the day.,clear-day,obs
Meiktila,2/4/2019,23.2,58.4,0,10.8,1015.3,0,6.4,8,Clear,Clear conditions throughout the day.,clear-day,obs
Meiktila,2/5/2019,22.6,56.3,0,10.8,1014.4,0,6.6,9,Clear,Clear conditions throughout the day.,clear-day,obs
Meiktila,2/6/2019,22.8,52.9,0,9,1012.2,0.3,5.6,9,Clear,Clear conditions throughout the day.,clear-day,obs
Meiktila,2/7/2019,22.9,54.5,0,10.1,1013.1,0,6,9,Clear,Clear conditions throughout the day.,clear-day,obs
Meiktila,2/8/2019,23.8,55.1,0,9.7,1013.7,0,5.8,9,Clear,Clear conditions throughout the day.,clear-day,obs
Meiktila,2/9/2019,24.1,56.3,0,9.7,1012.7,0,5.4,8,Clear,Clear conditions throughout the day.,clear-day,obs
Meiktila,2/10/2019,25,56.7,0,10.8,1013.5,38.9,5.6,8,Partially cloudy,Partly cloudy throughout the day.,partly-cloudy-day,obs
Meiktila,2/11/2019,25.9,56.4,0,8.6,1014.9,3.4,5.2,9,Clear,Clear conditions throughout the day.,clear-day,obs
Meiktila,2/12/2019,25.7,59.8,0,9.4,1015.9,4.6,5,9,Clear,Clear conditions throughout the day.,clear-day,obs
Meiktila,2/13/2019,25.6,58.6,0,9.7,1015.9,0.1,5,9,Clear,Clear conditions throughout the day.,clear-day,obs
Meiktila,2/14/2019,25.7,54.5,0,10.1,1013.4,0,5,9,Clear,Clear conditions throughout the day.,clear-day,obs
Meiktila,2/15/2019,26.7,50.4,0,9.4,1012.6,1.4,5,9,Clear,Clear conditions throughout the day.,clear-day,obs
Meiktila,2/16/2019,26,50,0,15.8,1011.7,1.7,5.4,9,Clear,Clear conditions throughout the day.,clear-day,obs
Meiktila,2/17/2019,26.3,44.2,100,19.4,1010.1,20.9,5.4,9,"Rain, Partially cloudy",Partly cloudy throughout the day with afternoon rain.,rain,obs
Meiktila,2/18/2019,24.8,49.1,0,14.4,1010.5,7.6,5.3,8,Clear,Clear conditions throughout the day.,clear-day,obs
Meiktila,2/19/2019,25.3,49.8,0,14.4,1012.5,10.2,5.2,9,Clear,Clear conditions throughout the day.,clear-day,obs
Meiktila,2/20/2019,25.3,50.7,0,9.7,1015,0,5.2,9,Clear,Clear conditions throughout the day.,clear-day,obs
Meiktila,2/21/2019,25,47.5,0,9.4,1014.9,0,5,9,Clear,Clear conditions throughout the day.,clear-day,obs
Meiktila,2/22/2019,25.9,48.7,0,8.6,1012.3,0.3,5.2,9,Clear,Clear conditions throughout the day.,clear-day,obs
Meiktila,2/23/2019,27.4,47.1,0,10.4,1009.8,0.2,5.4,9,Clear,Clear conditions throughout the day.,clear-day,obs
Meiktila,2/24/2019,28.6,46.4,0,15.1,1009.3,0.6,5.4,9,Clear,Clear conditions throughout the day.,clear-day,obs
Meiktila,2/25/2019,28.3,47.4,0,23.8,1010,9.3,5,9,Clear,Clear conditions throughout the day.,clear-day,obs
Meiktila,2/26/2019,25.9,49.9,100,18.4,1010.9,13.7,5.2,9,Rain,Clear conditions throughout the day with afternoon rain.,rain,obs
Meiktila,2/27/2019,26.4,53,0,7.9,1010.6,6.2,5.2,9,Clear,Clear conditions throughout the day.,clear-day,obs
Meiktila,2/28/2019,26.1,54.5,0,9,1010.6,7.7,6.4,9,Clear,Clear conditions throughout the day.,clear-day,obs
Meiktila,3/1/2019,26.4,51.4,0,7.6,1010.8,8.6,5.8,9,Clear,Clear conditions throughout the day.,clear-day,obs
Meiktila,3/2/2019,25.9,54,0,11.5,1010.3,0,6,9,Clear,Clear conditions throughout the day.,clear-day,obs
Meiktila,3/3/2019,25.6,46.9,0,9.4,1008.8,0,6.3,9,Clear,Clear conditions throughout the day.,clear-day,obs
Meiktila,3/4/2019,27.1,41,0,15.5,1006.8,8.4,5.8,9,Clear,Clear conditions throughout the day.,clear-day,obs
Meiktila,3/5/2019,27.9,42.9,0,19.1,1007.7,43.8,5.5,9,Partially cloudy,Becoming cloudy in the afternoon.,partly-cloudy-day,obs
Meiktila,3/6/2019,24.4,64,100,15.5,1010.8,88,5,6,"Rain, Partially cloudy",Partly cloudy throughout the day with rain.,rain,obs
Meiktila,3/7/2019,24.6,71,100,8.6,1010.8,68.1,4.8,8,"Rain, Partially cloudy",Partly cloudy throughout the day with rain.,rain,obs
Meiktila,3/8/2019,26.9,66.8,100,14.4,1010.1,59.6,5.4,7,"Rain, Partially cloudy",Partly cloudy throughout the day with a chance of rain throughout the day.,rain,obs
Meiktila,3/9/2019,25.8,59.4,100,11.5,1010.9,21.2,5.4,7,"Rain, Partially cloudy",Partly cloudy throughout the day with morning rain.,rain,obs
Meiktila,3/10/2019,25.4,49.8,0,11.5,1012.3,0,5.6,10,Clear,Clear conditions throughout the day.,clear-day,obs
Meiktila,3/11/2019,26.3,41.2,0,11.2,1012.5,0,5.4,10,Clear,Clear conditions throughout the day.,clear-day,obs
Meiktila,3/12/2019,27.1,44,0,10.1,1011.2,0,5.4,10,Clear,Clear conditions throughout the day.,clear-day,obs
Meiktila,3/13/2019,27.6,38.9,0,10.1,1012,0.2,5,10,Clear,Clear conditions throughout the day.,clear-day,obs
Meiktila,3/14/2019,28.5,39.3,0,9.7,1011.8,0,5.8,10,Clear,Clear conditions throughout the day.,clear-day,obs
Meiktila,3/15/2019,29.1,43.6,0,9.4,1011.9,1.1,5.8,10,Clear,Clear conditions throughout the day.,clear-day,obs
Meiktila,3/16/2019,30.9,38.6,0,16.2,1011.6,5.2,5.8,10,Clear,Clear conditions throughout the day.,clear-day,obs
Meiktila,3/17/2019,30.3,38.9,0,10.1,1011.5,11.2,5.3,9,Clear,Clear conditions throughout the day.,clear-day,obs
Meiktila,3/18/2019,29.9,43.5,0,9.4,1010.2,10.8,5.2,9,Clear,Clear conditions throughout the day.,clear-day,obs
Meiktila,3/19/2019,30.3,41.2,0,12.6,1008.8,16.9,5.2,9,Clear,Clear conditions throughout the day.,clear-day,obs
Meiktila,3/20/2019,29.7,40.5,0,11.2,1009.4,25.6,5.2,9,Partially cloudy,Partly cloudy throughout the day.,partly-cloudy-day,obs
Meiktila,3/21/2019,28.7,44.9,0,9,1010.1,5.5,5.6,10,Clear,Clear conditions throughout the day.,clear-day,obs
Meiktila,3/22/2019,29.7,37.8,0,13,1009.9,0.2,6,10,Clear,Clear conditions throughout the day.,clear-day,obs
Meiktila,3/23/2019,28.9,38.3,0,8.6,1008.9,5.1,5.2,10,Clear,Clear conditions throughout the day.,clear-day,obs
Meiktila,3/24/2019,29.5,45.3,0,9.4,1008,0.3,5.2,10,Clear,Clear conditions throughout the day.,clear-day,obs
Meiktila,3/25/2019,30.4,44.6,0,7.6,1008.7,0.4,5.4,10,Clear,Clear conditions throughout the day.,clear-day,obs
Meiktila,3/26/2019,31.2,41.6,0,16.6,1009.9,2.5,5.8,10,Clear,Clear conditions throughout the day.,clear-day,obs
Meiktila,3/27/2019,31.5,32,0,18.7,1011,5.2,5.3,10,Clear,Clear conditions throughout the day.,clear-day,obs
Meiktila,3/28/2019,29.3,37.2,0,12.2,1011,1.1,5.4,10,Clear,Clear conditions throughout the day.,clear-day,obs
Meiktila,3/29/2019,29.2,39,0,9,1008.7,0,5.4,10,Clear,Clear conditions throughout the day.,clear-day,obs
Meiktila,3/30/2019,29.5,43.3,0,13.3,1007.7,2.5,5,10,Clear,Clear conditions throughout the day.,clear-day,obs
Meiktila,3/31/2019,31.2,37.8,0,19.1,1008.2,1.9,6,10,Clear,Clear conditions throughout the day.,clear-day,obs
Meiktila,4/1/2019,30.4,41.6,0,14.8,1010.4,9.5,5.2,10,Clear,Clear conditions throughout the day.,clear-day,obs
Meiktila,4/2/2019,31.6,42.7,100,15.1,1008.9,17.1,5,10,Rain,Clear conditions throughout the day with rain.,rain,obs
Meiktila,4/3/2019,30.2,43.9,0,9.4,1010.1,3,6,10,Clear,Clear conditions throughout the day.,clear-day,obs
Meiktila,4/4/2019,30.2,43.6,0,8.6,1010.5,19.7,5.6,10,Clear,Clear conditions throughout the day.,clear-day,obs
Meiktila,4/5/2019,31.4,41.6,0,13,1009.3,13.3,5.6,10,Clear,Clear conditions throughout the day.,clear-day,obs
Meiktila,4/6/2019,31.1,44.1,100,10.8,1009.5,19.4,5.6,10,Rain,Clear conditions throughout the day with late afternoon rain.,rain,obs
Meiktila,4/7/2019,31.8,43.9,100,15.1,1008.7,21.5,5.4,10,"Rain, Partially cloudy",Partly cloudy throughout the day with late afternoon rain.,rain,obs
Meiktila,4/8/2019,31.6,40.4,0,14.4,1007.9,16.7,5.2,10,Clear,Clear conditions throughout the day.,clear-day,obs
Meiktila,4/9/2019,30.3,48.7,100,8.6,1008.9,14.2,6,9,Rain,Clear conditions throughout the day with late afternoon rain.,rain,obs
Meiktila,4/10/2019,31,44.4,0,8.6,1009.2,13.4,5.5,10,Clear,Clear conditions throughout the day.,clear-day,obs
Meiktila,4/11/2019,31.2,43.2,0,8.3,1007.5,7.1,5.8,10,Clear,Clear conditions throughout the day.,clear-day,obs
Meiktila,4/12/2019,32,43,0,10.4,1006.5,48.1,6,10,Partially cloudy,Becoming cloudy in the afternoon.,partly-cloudy-day,obs
Meiktila,4/13/2019,33.3,42.7,0,11.9,1006.2,27.7,5.6,9,Partially cloudy,Partly cloudy throughout the day.,partly-cloudy-day,obs
Meiktila,4/14/2019,33.9,41,0,14.8,1006.7,9.3,6.2,10,Clear,Clear conditions throughout the day.,clear-day,obs
Meiktila,4/15/2019,34.2,45.6,100,13,1007.1,18.6,6.2,9,Rain,Clear conditions throughout the day with late afternoon rain.,rain,obs
Meiktila,4/16/2019,34.5,45.4,100,11.9,1007.3,21.1,5.8,10,"Rain, Partially cloudy",Partly cloudy throughout the day with late afternoon rain.,rain,obs
Meiktila,4/17/2019,33.7,49.4,100,12.6,1007.6,22.5,5.6,9,"Rain, Partially cloudy",Becoming cloudy in the afternoon with rain.,rain,obs
Meiktila,4/18/2019,33.2,52.4,100,11.9,1007,20,6.2,9,Rain,Partly cloudy throughout the day with late afternoon rain.,rain,obs
Meiktila,4/19/2019,33.2,52.5,100,15.1,1005.2,15.9,5.6,10,Rain,Clear conditions throughout the day with rain.,rain,obs
Meiktila,4/20/2019,32.6,51.5,100,10.8,1004.4,19.6,5,10,Rain,Clear conditions throughout the day with late afternoon rain.,rain,obs
Meiktila,4/21/2019,32.4,48,0,11.5,1004.2,18.4,5.4,10,Clear,Clear conditions throughout the day.,clear-day,obs
Meiktila,4/22/2019,31.8,48.8,0,9,1004.5,44.8,5.4,9,Partially cloudy,Partly cloudy throughout the day.,partly-cloudy-day,obs
Meiktila,4/23/2019,32,52.3,100,15.5,1006.8,42.8,5.2,9,"Rain, Partially cloudy",Partly cloudy throughout the day with rain.,rain,obs
Meiktila,4/24/2019,33.4,48.7,0,13.7,1007.2,43.8,5,9,Partially cloudy,Partly cloudy throughout the day.,partly-cloudy-day,obs
Meiktila,4/25/2019,33.6,43.2,0,10.1,1006.1,7.6,5.4,10,Clear,Clear conditions throughout the day.,clear-day,obs
Meiktila,4/26/2019,33.8,41.3,0,13,1005,7.3,5.4,10,Clear,Clear conditions throughout the day.,clear-day,obs
Meiktila,4/27/2019,34.6,41.8,0,19.1,1004.8,14.2,6,10,Clear,Clear conditions throughout the day.,clear-day,obs
Meiktila,4/28/2019,34.7,40,0,21.6,1005.8,19.3,5.6,10,Clear,Clear conditions throughout the day.,clear-day,obs
Meiktila,4/29/2019,34.8,43.1,0,19.1,1006.1,10.9,5.6,10,Clear,Clear conditions throughout the day.,clear-day,obs
Meiktila,4/30/2019,34.8,38.3,0,20.2,1005.9,4.9,5.5,10,Clear,Clear conditions throughout the day.,clear-day,obs
Meiktila,5/1/2019,34.6,42.4,0,22.7,1006.3,15.8,6.2,10,Clear,Clear conditions throughout the day.,clear-day,obs
Meiktila,5/2/2019,33.8,51.3,100,20.9,1006.8,33.4,5.6,10,"Rain, Partially cloudy",Partly cloudy throughout the day with late afternoon rain.,rain,obs
Meiktila,5/3/2019,33.6,52.9,100,21.6,1007.2,40.6,5.6,10,"Rain, Partially cloudy",Partly cloudy throughout the day with late afternoon rain.,rain,obs
Meiktila,5/4/2019,32.9,55.4,100,17.6,1007.9,45.6,5.8,9,"Rain, Partially cloudy",Partly cloudy throughout the day with afternoon rain.,rain,obs
Meiktila,5/5/2019,34.2,50.7,100,25.2,1006.3,52.1,5.6,10,"Rain, Partially cloudy",Partly cloudy throughout the day with afternoon rain.,rain,obs
Meiktila,5/6/2019,34.3,49.5,0,17.3,1004.9,24.5,5.6,9,Partially cloudy,Partly cloudy throughout the day.,partly-cloudy-day,obs
Meiktila,5/7/2019,34.2,48.9,100,15.1,1003.5,30,5.8,8,"Rain, Partially cloudy",Partly cloudy throughout the day with rain.,rain,obs
Meiktila,5/8/2019,34.3,46.9,0,15.5,1002.7,16.9,5.6,9,Clear,Clear conditions throughout the day.,clear-day,obs
Meiktila,5/9/2019,35.2,43.3,0,19.1,1002.2,12.9,5.6,10,Clear,Clear conditions throughout the day.,clear-day,obs
Meiktila,5/10/2019,35.7,41.5,0,21.2,1003.8,23.7,5.5,10,Partially cloudy,Partly cloudy throughout the day.,partly-cloudy-day,obs
Meiktila,5/11/2019,35.6,46.9,100,22.7,1005.5,29.8,5.8,10,"Rain, Partially cloudy",Partly cloudy throughout the day with late afternoon rain.,rain,obs
Meiktila,5/12/2019,36,48.4,100,18.7,1004.8,29.1,6.2,9,"Rain, Partially cloudy",Partly cloudy throughout the day with late afternoon rain.,rain,obs
Meiktila,5/13/2019,34.2,55.7,100,19.4,1005.1,64.6,5.6,10,"Rain, Partially cloudy",Partly cloudy throughout the day with rain.,rain,obs
Meiktila,5/14/2019,31.6,65.3,100,16.9,1005.5,59.7,5.8,9,"Rain, Partially cloudy",Partly cloudy throughout the day with rain.,rain,obs
Meiktila,5/15/2019,30.6,66.4,100,15.5,1006.5,59.1,5.6,9,"Rain, Partially cloudy",Partly cloudy throughout the day with late afternoon rain.,rain,obs
Meiktila,5/16/2019,30.6,66.6,100,12.2,1006.8,77.6,5.6,9,"Rain, Partially cloudy",Partly cloudy throughout the day with a chance of rain throughout the day.,rain,obs
Meiktila,5/17/2019,32.6,55.8,0,16.6,1005.5,27.4,5.6,9,Partially cloudy,Partly cloudy throughout the day.,partly-cloudy-day,obs
Meiktila,5/18/2019,34,52.9,0,17.6,1004.6,13.9,5.8,9,Clear,Clear conditions throughout the day.,clear-day,obs
Meiktila,5/19/2019,34.4,50.2,0,17.3,1005.5,17.4,6.4,10,Clear,Clear conditions throughout the day.,clear-day,obs
Meiktila,5/20/2019,33.4,55.2,100,17.6,1006.1,58.3,5.8,9,"Rain, Partially cloudy",Partly cloudy throughout the day with rain.,rain,obs
Meiktila,5/21/2019,33.7,57.9,100,18,1006,66.8,5.8,9,"Rain, Partially cloudy",Partly cloudy throughout the day with afternoon rain.,rain,obs
Meiktila,5/22/2019,32.7,60.2,100,19.1,1006,78.5,5.8,9,"Rain, Partially cloudy",Partly cloudy throughout the day with rain clearing later.,rain,obs
Meiktila,5/23/2019,32.4,61.8,100,20.9,1006.5,54,5.8,9,"Rain, Partially cloudy",Partly cloudy throughout the day with rain.,rain,obs
Meiktila,5/24/2019,28.9,74.6,100,18,1006.8,47.1,5.4,10,"Rain, Partially cloudy",Partly cloudy throughout the day with rain.,rain,obs
Meiktila,5/25/2019,30.5,67.3,100,23,1004.6,60.6,5.8,10,"Rain, Partially cloudy",Partly cloudy throughout the day with late afternoon rain.,rain,obs
Meiktila,5/26/2019,32,63.6,100,19.8,1004,32.2,5.8,9,"Rain, Partially cloudy",Partly cloudy throughout the day with late afternoon rain.,rain,obs
Meiktila,5/27/2019,32.4,63.1,0,16.6,1004.1,35.8,5.8,8,Partially cloudy,Partly cloudy throughout the day.,partly-cloudy-day,obs
Meiktila,5/28/2019,33,60.6,100,14,1003.6,51.7,5.8,9,"Rain, Partially cloudy",Partly cloudy throughout the day with rain.,rain,obs
Meiktila,5/29/2019,32.3,62.6,100,19.1,1003.7,86.4,5.8,9,"Rain, Partially cloudy",Partly cloudy throughout the day with rain.,rain,obs
Meiktila,5/30/2019,31,68.1,100,20.5,1004,88.2,5.8,7,"Rain, Partially cloudy",Partly cloudy throughout the day with rain.,rain,obs
Meiktila,5/31/2019,29.9,72.6,100,19.4,1005.1,83.7,6.2,7,"Rain, Partially cloudy",Partly cloudy throughout the day with a chance of rain throughout the day.,rain,obs
Meiktila,6/1/2019,30.6,67.1,100,19.4,1005.4,75.7,5.8,9,"Rain, Partially cloudy",Partly cloudy throughout the day with late afternoon rain.,rain,obs
Meiktila,6/2/2019,28,79.6,100,17.3,1006.7,86.1,5.6,8,"Rain, Partially cloudy",Partly cloudy throughout the day with a chance of rain throughout the day.,rain,obs
Meiktila,6/3/2019,29.7,71.7,100,17.3,1006.4,77.5,5.8,7,"Rain, Partially cloudy",Partly cloudy throughout the day with rain.,rain,obs
Meiktila,6/4/2019,29.8,71.2,100,22,1006.3,68.1,5.8,9,"Rain, Partially cloudy",Partly cloudy throughout the day with rain in the morning and afternoon.,rain,obs
Meiktila,6/5/2019,29.7,72.8,100,20.9,1005.6,67.5,5.8,9,"Rain, Partially cloudy",Partly cloudy throughout the day with rain.,rain,obs
Meiktila,6/6/2019,29.6,72.1,100,20.2,1006.7,87.4,6.2,8,"Rain, Partially cloudy",Partly cloudy throughout the day with rain.,rain,obs
Meiktila,6/7/2019,30,71.2,100,18,1007.7,83.4,6,7,"Rain, Partially cloudy",Partly cloudy throughout the day with rain.,rain,obs
Meiktila,6/8/2019,31.1,68.5,100,17.6,1006,87,5.8,9,"Rain, Partially cloudy",Partly cloudy throughout the day with late afternoon rain.,rain,obs
Meiktila,6/9/2019,31.3,68.4,100,21.2,1004.5,87.5,6.2,8,"Rain, Partially cloudy",Partly cloudy throughout the day with late afternoon rain.,rain,obs
Meiktila,6/10/2019,31.9,66,100,19.8,1003.2,70.7,6,8,"Rain, Partially cloudy",Partly cloudy throughout the day with rain.,rain,obs
Meiktila,6/11/2019,29.7,74.4,100,22.3,1003,87.7,5.8,7,"Rain, Partially cloudy",Partly cloudy throughout the day with a chance of rain throughout the day.,rain,obs
Meiktila,6/12/2019,29.3,76.4,100,11.9,1003.1,90.3,6,8,"Rain, Overcast",Cloudy skies throughout the day with rain.,rain,obs
Meiktila,6/13/2019,27.6,85.7,100,33.1,1002.1,97.9,5.2,4,"Rain, Overcast",Cloudy skies throughout the day with a chance of rain throughout the day.,rain,obs
Meiktila,6/14/2019,27.9,80.9,100,27.4,1002.8,97.4,5.4,6,"Rain, Overcast",Cloudy skies throughout the day with a chance of rain throughout the day.,rain,obs
Meiktila,6/15/2019,27.7,83.8,100,25.9,1003.4,95.3,5.4,4,"Rain, Overcast",Cloudy skies throughout the day with a chance of rain throughout the day.,rain,obs
Meiktila,6/16/2019,28.6,79.3,100,23.8,1003.2,91.5,5.8,8,"Rain, Overcast",Cloudy skies throughout the day with a chance of rain throughout the day.,rain,obs
Meiktila,6/17/2019,30,74.2,100,16.2,1002.3,91.8,5.8,7,"Rain, Overcast",Cloudy skies throughout the day with afternoon rain.,rain,obs
Meiktila,6/18/2019,29.6,74.6,100,16.6,1002.2,92.5,6.6,6,"Rain, Overcast",Cloudy skies throughout the day with rain in the morning and afternoon.,rain,obs
Meiktila,6/19/2019,29.4,72.7,100,23.8,1003,83.1,5.8,7,"Rain, Partially cloudy",Partly cloudy throughout the day with rain in the morning and afternoon.,rain,obs
Meiktila,6/20/2019,30.2,70.8,100,21.6,1004.4,85.8,6.2,8,"Rain, Partially cloudy",Partly cloudy throughout the day with rain clearing later.,rain,obs
Meiktila,6/21/2019,30.2,70.8,100,25.6,1005.5,55.5,6.2,8,"Rain, Partially cloudy",Partly cloudy throughout the day with rain in the morning and afternoon.,rain,obs
Meiktila,6/22/2019,31.3,68.1,100,18.7,1005.6,47.2,6.5,7,"Rain, Partially cloudy",Partly cloudy throughout the day with morning rain.,rain,obs
Meiktila,6/23/2019,32.8,64.1,0,15.5,1004.1,95.3,6.6,9,Overcast,Cloudy skies throughout the day.,cloudy,obs
Meiktila,6/24/2019,33.7,61.1,0,16.2,1004.4,88.9,6.2,9,Partially cloudy,Partly cloudy throughout the day.,partly-cloudy-day,obs
Meiktila,6/25/2019,32,67.3,100,23,1005.2,97.5,5.8,9,"Rain, Overcast",Cloudy skies throughout the day with afternoon rain.,rain,obs
Meiktila,6/26/2019,30.4,71,100,26.3,1005,92.9,6.3,7,"Rain, Overcast",Cloudy skies throughout the day with rain.,rain,obs
Meiktila,6/27/2019,30.7,69.1,100,24.8,1002.9,89.3,6.6,7,"Rain, Partially cloudy",Partly cloudy throughout the day with rain in the morning and afternoon.,rain,obs
Meiktila,6/28/2019,31,67.9,100,24.8,1001.5,91.1,6,8,"Rain, Overcast",Cloudy skies throughout the day with rain in the morning and afternoon.,rain,obs
Meiktila,6/29/2019,30.4,69,100,19.8,1001.2,91.7,6.8,7,"Rain, Overcast",Cloudy skies throughout the day with rain in the morning and afternoon.,rain,obs
Meiktila,6/30/2019,29,76.7,100,23.4,1001.7,92.1,6.2,5,"Rain, Overcast",Cloudy skies throughout the day with a chance of rain throughout the day.,rain,obs
Meiktila,7/1/2019,28.6,76.1,100,26.3,1003.7,89.8,6.4,7,"Rain, Partially cloudy",Partly cloudy throughout the day with a chance of rain throughout the day.,rain,obs
Meiktila,7/2/2019,27.6,77.1,100,21.6,1005.7,93.6,5.8,5,"Rain, Overcast",Cloudy skies throughout the day with a chance of rain throughout the day.,rain,obs
Meiktila,7/3/2019,29.2,74.2,100,22,1004.5,89.3,6,7,"Rain, Partially cloudy",Partly cloudy throughout the day with a chance of rain throughout the day.,rain,obs
Meiktila,7/4/2019,29.1,75.1,100,23,1002.9,98.1,6,6,"Rain, Overcast",Cloudy skies throughout the day with afternoon rain.,rain,obs
Meiktila,7/5/2019,28.4,77.6,100,29.5,1002.4,94.3,6.2,5,"Rain, Overcast",Cloudy skies throughout the day with rain in the morning and afternoon.,rain,obs
Meiktila,7/6/2019,27.7,80.3,100,33.1,1003.5,94.3,6,7,"Rain, Overcast",Cloudy skies throughout the day with a chance of rain throughout the day.,rain,obs
Meiktila,7/7/2019,27.5,81.7,100,29.2,1004.3,96.9,6.2,6,"Rain, Overcast",Cloudy skies throughout the day with a chance of rain throughout the day.,rain,obs
Meiktila,7/8/2019,27.7,82.4,100,28.8,1005.4,97.7,5.6,7,"Rain, Overcast",Cloudy skies throughout the day with a chance of rain throughout the day.,rain,obs
Meiktila,7/9/2019,27.9,79.2,100,24.8,1005.7,97.3,5.8,7,"Rain, Overcast",Cloudy skies throughout the day with a chance of rain throughout the day.,rain,obs
Meiktila,7/10/2019,28.1,80,100,28.4,1005.1,98.3,5.8,7,"Rain, Overcast",Cloudy skies throughout the day with a chance of rain throughout the day.,rain,obs
Meiktila,7/11/2019,27.8,82.2,100,28.8,1006.9,98.6,5.6,5,"Rain, Overcast",Cloudy skies throughout the day with a chance of rain throughout the day.,rain,obs
Meiktila,7/12/2019,27.5,82.7,100,27.4,1008,97.8,5.8,7,"Rain, Overcast",Cloudy skies throughout the day with a chance of rain throughout the day.,rain,obs
Meiktila,7/13/2019,27.8,79.3,100,28.1,1007.1,96.3,6,6,"Rain, Overcast",Cloudy skies throughout the day with rain.,rain,obs
Meiktila,7/14/2019,27.8,79.6,100,27,1005,94.8,5.8,5,"Rain, Overcast",Cloudy skies throughout the day with rain.,rain,obs
Meiktila,7/15/2019,28.4,77.4,100,23,1003.4,90.2,6,6,"Rain, Overcast",Cloudy skies throughout the day with afternoon rain.,rain,obs
Meiktila,7/16/2019,29.1,74.8,100,15.5,1003.4,90.5,5.8,6,"Rain, Overcast",Cloudy skies throughout the day with afternoon rain.,rain,obs
Meiktila,7/17/2019,29.9,74.8,100,12.6,1002.9,76.5,6,8,"Rain, Partially cloudy",Partly cloudy throughout the day with rain in the morning and afternoon.,rain,obs
Meiktila,7/18/2019,30.6,70.5,0,15.5,1003,59.3,6,8,Partially cloudy,Partly cloudy throughout the day.,partly-cloudy-day,obs
Meiktila,7/19/2019,31.2,66.8,100,18.7,1003.8,78.7,6,8,"Rain, Partially cloudy",Partly cloudy throughout the day with afternoon rain.,rain,obs
Meiktila,7/20/2019,31.4,68.9,0,17.6,1004.5,92.5,6.2,8,Overcast,Cloudy skies throughout the day.,cloudy,obs
Meiktila,7/21/2019,31.1,69.4,100,20.9,1005.3,94,6.2,8,"Rain, Overcast",Cloudy skies throughout the day with rain.,rain,obs
Meiktila,7/22/2019,29.6,72.8,100,25.9,1006,97.7,6.8,7,"Rain, Overcast",Cloudy skies throughout the day with rain.,rain,obs
Meiktila,7/23/2019,27,85.5,100,21.6,1005.7,98.6,5.4,5,"Rain, Overcast",Cloudy skies throughout the day with a chance of rain throughout the day.,rain,obs
Meiktila,7/24/2019,26.8,88.2,100,23,1005.5,96.4,5,5,"Rain, Overcast",Cloudy skies throughout the day with a chance of rain throughout the day.,rain,obs
Meiktila,7/25/2019,26.9,83.8,100,25.6,1006,98.4,5.6,4,"Rain, Overcast",Cloudy skies throughout the day with a chance of rain throughout the day.,rain,obs
Meiktila,7/26/2019,27.5,80.5,100,27.4,1005.7,90.5,6.4,6,"Rain, Overcast",Cloudy skies throughout the day with rain.,rain,obs
Meiktila,7/27/2019,26.8,82.6,100,20.2,1006.4,92.8,5.8,4,"Rain, Overcast",Cloudy skies throughout the day with a chance of rain throughout the day.,rain,obs
Meiktila,7/28/2019,28.6,74.1,100,20.2,1006.8,72.3,6.8,7,"Rain, Partially cloudy",Partly cloudy throughout the day with afternoon rain.,rain,obs
Meiktila,7/29/2019,28.7,76.7,100,22.3,1007.3,97.2,6.2,7,"Rain, Overcast",Cloudy skies throughout the day with rain.,rain,obs
Meiktila,7/30/2019,27.4,82.6,100,20.9,1006.8,99.2,5.8,4,"Rain, Overcast",Cloudy skies throughout the day with a chance of rain throughout the day.,rain,obs
Meiktila,7/31/2019,27.8,82.4,100,16.6,1005.1,98.2,6.4,4,"Rain, Overcast",Cloudy skies throughout the day with a chance of rain throughout the day.,rain,obs
Meiktila,8/1/2019,28.2,79.1,100,17.6,1004,97.7,6.2,7,"Rain, Overcast",Cloudy skies throughout the day with a chance of rain throughout the day.,rain,obs
Meiktila,8/2/2019,28.2,79.2,100,22.3,1003.9,88.7,5.8,6,"Rain, Partially cloudy",Partly cloudy throughout the day with rain.,rain,obs
Meiktila,8/3/2019,28.1,78.6,100,26.6,1003.8,97.2,6.6,6,"Rain, Overcast",Cloudy skies throughout the day with a chance of rain throughout the day.,rain,obs
Meiktila,8/4/2019,28.2,77.9,100,21.2,1001.2,98.1,6.2,4,"Rain, Overcast",Cloudy skies throughout the day with a chance of rain throughout the day.,rain,obs
Meiktila,8/5/2019,28.2,80.4,100,16.9,998.6,97.3,5.8,6,"Rain, Overcast",Cloudy skies throughout the day with rain in the morning and afternoon.,rain,obs
Meiktila,8/6/2019,28.4,77.2,100,31,1000.6,97.4,6.6,6,"Rain, Overcast",Cloudy skies throughout the day with a chance of rain throughout the day.,rain,obs
Meiktila,8/7/2019,27.4,82.1,100,21.6,1003.8,95.1,5.4,5,"Rain, Overcast",Cloudy skies throughout the day with a chance of rain throughout the day.,rain,obs
Meiktila,8/8/2019,28.7,78.8,100,22.7,1003.9,77.4,5.6,7,"Rain, Partially cloudy",Partly cloudy throughout the day with rain.,rain,obs
Meiktila,8/9/2019,30.1,75,100,16.2,1002.7,92.9,6.2,7,"Rain, Overcast",Cloudy skies throughout the day with rain in the morning and afternoon.,rain,obs
Meiktila,8/10/2019,28.5,84.3,100,14.4,1000.5,97.9,5,5,"Rain, Overcast",Cloudy skies throughout the day with rain.,rain,obs
Meiktila,8/11/2019,28.8,84.1,100,15.1,999.6,93.9,5.2,6,"Rain, Overcast",Cloudy skies throughout the day with a chance of rain throughout the day.,rain,obs
Meiktila,8/12/2019,28.4,77.9,100,22.3,1003,93.3,5.8,6,"Rain, Overcast",Cloudy skies throughout the day with rain.,rain,obs
Meiktila,8/13/2019,27.9,83.2,100,22,1006.3,97.4,5.8,4,"Rain, Overcast",Cloudy skies throughout the day with rain.,rain,obs
Meiktila,8/14/2019,28.2,83.9,100,18.4,1007.8,96.5,5.8,6,"Rain, Overcast",Cloudy skies throughout the day with rain.,rain,obs
Meiktila,8/15/2019,28.7,80,100,17.3,1006.8,95.2,6.5,4,"Rain, Overcast",Cloudy skies throughout the day with a chance of rain throughout the day.,rain,obs
Meiktila,8/16/2019,27.7,85,100,13.3,1005.1,95.1,5.8,5,"Rain, Overcast",Cloudy skies throughout the day with a chance of rain throughout the day.,rain,obs
Meiktila,8/17/2019,28.3,81.8,100,18.4,1005.1,65.1,5.8,7,"Rain, Partially cloudy",Partly cloudy throughout the day with rain.,rain,obs
Meiktila,8/18/2019,28.4,79.1,100,22,1007.6,91.5,6.6,7,"Rain, Overcast",Cloudy skies throughout the day with rain.,rain,obs
Meiktila,8/19/2019,29.1,76.8,100,18,1007.3,91.5,7,6,"Rain, Overcast",Cloudy skies throughout the day with rain.,rain,obs
Meiktila,8/20/2019,29.2,76.1,100,13.3,1005.1,93.7,6.2,7,"Rain, Overcast",Cloudy skies throughout the day with afternoon rain.,rain,obs
Meiktila,8/21/2019,27.9,82,100,40.7,1004,97.6,6.5,6,"Rain, Overcast",Cloudy skies throughout the day with a chance of rain throughout the day.,rain,obs
Meiktila,8/22/2019,27.7,83.2,100,15.8,1004.6,97.5,6.6,5,"Rain, Overcast",Cloudy skies throughout the day with a chance of rain throughout the day.,rain,obs
Meiktila,8/23/2019,27.6,82.6,100,16.2,1006.6,98.7,6,4,"Rain, Overcast",Cloudy skies throughout the day with rain.,rain,obs
Meiktila,8/24/2019,28.2,81.8,100,16.2,1006.4,94.7,6.4,6,"Rain, Overcast",Cloudy skies throughout the day with rain clearing later.,rain,obs
Meiktila,8/25/2019,28.5,80.5,100,13.3,1005.9,90.4,6.6,8,"Rain, Overcast",Cloudy skies throughout the day with rain clearing later.,rain,obs
Meiktila,8/26/2019,28.5,79.7,100,14.4,1005.6,74.9,5.8,8,"Rain, Partially cloudy",Partly cloudy throughout the day with afternoon rain.,rain,obs
Meiktila,8/27/2019,29.3,75.8,100,15.5,1004.7,87.4,7,7,"Rain, Partially cloudy",Partly cloudy throughout the day with rain.,rain,obs
Meiktila,8/28/2019,28.5,81.7,100,11.9,1005.7,94.4,6,7,"Rain, Overcast",Cloudy skies throughout the day with a chance of rain throughout the day.,rain,obs
Meiktila,8/29/2019,28.9,80.8,0,6.5,1005.6,80,5.8,8,Partially cloudy,Partly cloudy throughout the day.,partly-cloudy-day,obs
Meiktila,8/30/2019,29.3,79.9,100,9.7,1002.5,83.2,6.6,8,"Rain, Partially cloudy",Partly cloudy throughout the day with rain.,rain,obs
Meiktila,8/31/2019,27.6,88.8,100,13.3,1001.2,97.3,5.4,6,"Rain, Overcast",Cloudy skies throughout the day with a chance of rain throughout the day.,rain,obs
Meiktila,9/1/2019,27.2,84.4,100,14,1004.1,97.5,5.6,3,"Rain, Overcast",Cloudy skies throughout the day with a chance of rain throughout the day.,rain,obs
Meiktila,9/2/2019,27.3,82.6,100,20.9,1005.2,85.6,6,5,"Rain, Partially cloudy",Partly cloudy throughout the day with rain in the morning and afternoon.,rain,obs
Meiktila,9/3/2019,27.8,80.5,100,17.3,1005.4,81.2,6.3,5,"Rain, Partially cloudy",Partly cloudy throughout the day with a chance of rain throughout the day.,rain,obs
Meiktila,9/4/2019,28.8,77.8,100,15.5,1005.2,69.2,5.8,8,"Rain, Partially cloudy",Partly cloudy throughout the day with rain in the morning and afternoon.,rain,obs
Meiktila,9/5/2019,28.4,78.7,100,18,1005.3,92.9,6.8,7,"Rain, Overcast",Cloudy skies throughout the day with afternoon rain.,rain,obs
Meiktila,9/6/2019,28.2,79.9,100,19.8,1005.2,87.9,6,7,"Rain, Partially cloudy",Partly cloudy throughout the day with rain.,rain,obs
Meiktila,9/7/2019,28.1,79.7,100,24.1,1006.5,90,5.8,7,"Rain, Partially cloudy",Partly cloudy throughout the day with rain.,rain,obs
Meiktila,9/8/2019,28.1,79.6,100,25.2,1007.4,95.8,6.8,6,"Rain, Overcast",Cloudy skies throughout the day with a chance of rain throughout the day.,rain,obs
Meiktila,9/9/2019,28.4,78.7,100,25.2,1006,97.8,6.3,7,"Rain, Overcast",Cloudy skies throughout the day with rain in the morning and afternoon.,rain,obs
Meiktila,9/10/2019,28.2,78.6,100,24.1,1006,98.5,5.5,7,"Rain, Overcast",Cloudy skies throughout the day with rain.,rain,obs
Meiktila,9/11/2019,26.3,85.8,100,22.3,1009,99.9,5.4,2,"Rain, Overcast",Cloudy skies throughout the day with a chance of rain throughout the day.,rain,obs
Meiktila,9/12/2019,27.1,81.1,100,22.7,1011.4,82.7,5.4,7,"Rain, Partially cloudy",Partly cloudy throughout the day with a chance of rain throughout the day.,rain,obs
Meiktila,9/13/2019,28,78.5,100,16.6,1010.1,79.4,6.2,7,"Rain, Partially cloudy",Partly cloudy throughout the day with a chance of rain throughout the day.,rain,obs
Meiktila,9/14/2019,29.8,74.3,0,9,1007.7,65.2,5.8,8,Partially cloudy,Partly cloudy throughout the day.,partly-cloudy-day,obs
Meiktila,9/15/2019,30.4,75.3,100,10.4,1007.1,52.8,6.8,9,"Rain, Partially cloudy",Partly cloudy throughout the day with early morning rain.,rain,obs
Meiktila,9/16/2019,30.7,72.3,100,9.4,1006.8,38.1,6.5,9,"Rain, Partially cloudy",Partly cloudy throughout the day with late afternoon rain.,rain,obs
Meiktila,9/17/2019,30,73.7,100,6.1,1008,58.2,6,8,"Rain, Partially cloudy",Partly cloudy throughout the day with rain.,rain,obs
Meiktila,9/18/2019,30,74.1,0,7.2,1009.8,36.8,6.3,9,Partially cloudy,Partly cloudy throughout the day.,partly-cloudy-day,obs
Meiktila,9/19/2019,29.1,79,100,8.6,1009.9,58.9,5.6,9,"Rain, Partially cloudy",Becoming cloudy in the afternoon with afternoon rain.,rain,obs
Meiktila,9/20/2019,29.4,76.8,100,6.8,1008.6,78.1,6,8,"Rain, Partially cloudy",Partly cloudy throughout the day with rain.,rain,obs
Meiktila,9/21/2019,29.7,74.4,100,5.8,1008.4,84.5,5.5,8,"Rain, Partially cloudy",Partly cloudy throughout the day with rain clearing later.,rain,obs
Meiktila,9/22/2019,28.7,78.8,100,8.6,1011,92.6,6.2,7,"Rain, Overcast",Cloudy skies throughout the day with rain in the morning and afternoon.,rain,obs
Meiktila,9/23/2019,28.3,81,100,9,1013.1,85.5,5.8,7,"Rain, Partially cloudy",Partly cloudy throughout the day with a chance of rain throughout the day.,rain,obs
Meiktila,9/24/2019,28.9,75.5,100,9.4,1013.5,79.6,6,8,"Rain, Partially cloudy",Partly cloudy throughout the day with afternoon rain.,rain,obs
Meiktila,9/25/2019,27.8,81.7,100,7.9,1015.4,93.6,5.6,7,"Rain, Overcast",Cloudy skies throughout the day with a chance of rain throughout the day.,rain,obs
Meiktila,9/26/2019,26.8,86.5,100,9,1015.7,90.4,5.2,5,"Rain, Overcast",Cloudy skies throughout the day with a chance of rain throughout the day.,rain,obs
Meiktila,9/27/2019,28.4,77.6,100,6.1,1014.6,29.2,5.5,8,"Rain, Partially cloudy",Partly cloudy throughout the day with afternoon rain.,rain,obs
Meiktila,9/28/2019,29.1,71.3,0,7.2,1013.8,26.7,5.6,8,Partially cloudy,Partly cloudy throughout the day.,partly-cloudy-day,obs
Meiktila,9/29/2019,29,73.3,100,6.8,1014,84.5,5.8,8,"Rain, Partially cloudy",Partly cloudy throughout the day with rain.,rain,obs
Meiktila,9/30/2019,29.3,74.2,0,7.6,1011.2,80.4,5.8,7,Partially cloudy,Partly cloudy throughout the day.,partly-cloudy-day,obs
Meiktila,10/1/2019,29.1,75.5,100,13.7,1010.1,78.8,6,6,"Rain, Partially cloudy",Partly cloudy throughout the day with a chance of rain throughout the day.,rain,obs
Meiktila,10/2/2019,29.9,71.2,100,12.6,1010.2,90.5,6.2,6,"Rain, Overcast",Cloudy skies throughout the day with rain clearing later.,rain,obs
Meiktila,10/3/2019,29.7,72.6,100,10.4,1010.1,37.9,5.8,8,"Rain, Partially cloudy",Partly cloudy throughout the day with late afternoon rain.,rain,obs
Meiktila,10/4/2019,29.2,75.5,100,9.7,1009.7,53,5.8,8,"Rain, Partially cloudy",Becoming cloudy in the afternoon with a chance of rain throughout the day.,rain,obs
Meiktila,10/5/2019,28.5,75.5,100,10.4,1009.9,79.3,5.4,6,"Rain, Partially cloudy",Partly cloudy throughout the day with a chance of rain throughout the day.,rain,obs
Meiktila,10/6/2019,28.7,72.3,0,8.3,1011.2,86.4,5.6,7,Partially cloudy,Partly cloudy throughout the day.,partly-cloudy-day,obs
Meiktila,10/7/2019,28.5,72.8,100,7.9,1011.6,64.5,6,8,"Rain, Partially cloudy",Partly cloudy throughout the day with afternoon rain.,rain,obs
Meiktila,10/8/2019,28.3,76.3,100,7.6,1011.9,49.6,5.8,8,"Rain, Partially cloudy",Partly cloudy throughout the day with afternoon rain.,rain,obs
Meiktila,10/9/2019,28.7,74.4,100,6.1,1011.7,29.2,5.2,7,"Rain, Partially cloudy",Partly cloudy throughout the day with afternoon rain.,rain,obs
Meiktila,10/10/2019,29.2,74,100,9.4,1011.1,72.5,6,7,"Rain, Partially cloudy",Partly cloudy throughout the day with rain.,rain,obs
Meiktila,10/11/2019,28.7,76.7,100,10.1,1010.5,76.5,6,8,"Rain, Partially cloudy",Partly cloudy throughout the day with a chance of rain throughout the day.,rain,obs
Meiktila,10/12/2019,29.1,74.1,100,6.8,1010.1,64.7,5.6,7,"Rain, Partially cloudy",Partly cloudy throughout the day with afternoon rain.,rain,obs
Meiktila,10/13/2019,30.1,70.8,100,9.4,1010.2,42.9,5.8,8,"Rain, Partially cloudy",Partly cloudy throughout the day with rain.,rain,obs
Meiktila,10/14/2019,30.4,65.7,100,8.6,1011.9,71.6,5.5,7,"Rain, Partially cloudy",Partly cloudy throughout the day with rain.,rain,obs
Meiktila,10/15/2019,28.8,75.1,100,9.7,1013.9,92.8,6.5,5,"Rain, Overcast",Cloudy skies throughout the day with morning rain.,rain,obs
Meiktila,10/16/2019,29.4,68.3,0,12.6,1013.5,49,5.5,8,Partially cloudy,Partly cloudy throughout the day.,partly-cloudy-day,obs
Meiktila,10/17/2019,29.9,65,100,11.2,1012.8,32.2,7,8,"Rain, Partially cloudy",Partly cloudy throughout the day with afternoon rain.,rain,obs
Meiktila,10/18/2019,29.9,68.1,100,10.1,1012.9,37.5,6.2,7,"Rain, Partially cloudy",Partly cloudy throughout the day with afternoon rain.,rain,obs
Meiktila,10/19/2019,30.8,64.6,0,6.8,1012.9,28.2,6,8,Partially cloudy,Partly cloudy throughout the day.,partly-cloudy-day,obs
Meiktila,10/20/2019,31.1,63.8,100,7.2,1012.1,23.6,6,8,"Rain, Partially cloudy",Partly cloudy throughout the day with afternoon rain.,rain,obs
Meiktila,10/21/2019,30.4,70.2,100,7.6,1010.2,36.9,5.8,8,"Rain, Partially cloudy",Partly cloudy throughout the day with rain.,rain,obs
Meiktila,10/22/2019,30.9,68.4,100,14,1008.6,23,5.8,8,"Rain, Partially cloudy",Partly cloudy throughout the day with early morning rain.,rain,obs
Meiktila,10/23/2019,30.5,66.9,100,8.3,1008.5,34.8,6,7,"Rain, Partially cloudy",Partly cloudy throughout the day with rain clearing later.,rain,obs
Meiktila,10/24/2019,31.1,63.1,100,7.6,1009.9,30.7,6.3,7,"Rain, Partially cloudy",Partly cloudy throughout the day with rain.,rain,obs
Meiktila,10/25/2019,29,73.2,100,9,1011.5,59.9,5.6,7,"Rain, Partially cloudy",Partly cloudy throughout the day with afternoon rain.,rain,obs
Meiktila,10/26/2019,30.1,69,100,8.3,1011.7,78.6,6,8,"Rain, Partially cloudy",Partly cloudy throughout the day with afternoon rain.,rain,obs
Meiktila,10/27/2019,30.8,65.2,0,4,1010.7,46.7,6,8,Partially cloudy,Partly cloudy throughout the day.,partly-cloudy-day,obs
Meiktila,10/28/2019,29.8,68.6,100,8.6,1011.5,36.2,5.4,8,"Rain, Partially cloudy",Partly cloudy throughout the day with rain.,rain,obs
Meiktila,10/29/2019,29.7,66.7,100,10.8,1011.6,27.4,5.8,8,"Rain, Partially cloudy",Becoming cloudy in the afternoon with late afternoon rain.,rain,obs
Meiktila,10/30/2019,30.3,63.8,0,6.5,1010.6,30.5,6,8,Partially cloudy,Becoming cloudy in the afternoon.,partly-cloudy-day,obs
Meiktila,10/31/2019,30.4,64.4,0,6.5,1009.8,39.7,5.8,8,Partially cloudy,Partly cloudy throughout the day.,partly-cloudy-day,obs
Meiktila,11/1/2019,30.5,62.7,100,6.5,1009.3,44.4,6,7,"Rain, Partially cloudy",Partly cloudy throughout the day with late afternoon rain.,rain,obs
Meiktila,11/2/2019,30.2,65.3,0,7.9,1010.1,18.5,6,8,Clear,Clear conditions throughout the day.,clear-day,obs
Meiktila,11/3/2019,30.5,61.6,0,7.6,1010.4,17.8,5.8,7,Clear,Clear conditions throughout the day.,clear-day,obs
Meiktila,11/4/2019,29.9,67,100,8.6,1011,43.6,6,7,"Rain, Partially cloudy",Partly cloudy throughout the day with rain.,rain,obs
Meiktila,11/5/2019,28.5,73.6,100,8.3,1009.9,45.4,5.8,6,"Rain, Partially cloudy",Partly cloudy throughout the day with a chance of rain throughout the day.,rain,obs
Meiktila,11/6/2019,27.4,77.2,100,7.9,1009.1,64.4,5.2,6,"Rain, Partially cloudy",Partly cloudy throughout the day with a chance of rain throughout the day.,rain,obs
Meiktila,11/7/2019,27.7,73.7,100,7.6,1010.6,86.7,5.3,7,"Rain, Partially cloudy",Partly cloudy throughout the day with rain.,rain,obs
Meiktila,11/8/2019,26.3,82.3,100,6.8,1012.8,94.2,5.4,6,"Rain, Overcast",Cloudy skies throughout the day with rain.,rain,obs
Meiktila,11/9/2019,27,81.9,100,9.7,1012.9,74.9,5.6,6,"Rain, Partially cloudy",Partly cloudy throughout the day with rain.,rain,obs
Meiktila,11/10/2019,27,82.8,100,7.6,1011.9,52.8,5.4,5,"Rain, Partially cloudy",Partly cloudy throughout the day with a chance of rain throughout the day.,rain,obs
Meiktila,11/11/2019,28.1,76.9,100,12.6,1010.1,57,5.4,7,"Rain, Partially cloudy",Partly cloudy throughout the day with rain.,rain,obs
Meiktila,11/12/2019,28.2,76.6,100,6.5,1011.1,33.6,5.4,6,"Rain, Partially cloudy",Partly cloudy throughout the day with a chance of rain throughout the day.,rain,obs
Meiktila,11/13/2019,27.6,79.6,0,13,1013.1,25.2,5.4,7,Partially cloudy,Partly cloudy throughout the day.,partly-cloudy-day,obs
Meiktila,11/14/2019,27.6,76,100,13,1013.8,11.6,6.3,7,Rain,Clear conditions throughout the day with late afternoon rain.,rain,obs
Meiktila,11/15/2019,28.3,73.3,0,7.6,1012.6,19.7,6,7,Clear,Clear conditions throughout the day.,clear-day,obs
Meiktila,11/16/2019,27.7,72.3,0,8.6,1012.1,28.8,5.4,7,Partially cloudy,Partly cloudy throughout the day.,partly-cloudy-day,obs
Meiktila,11/17/2019,27,68,0,7.6,1011.8,11.6,5.8,7,Clear,Clear conditions throughout the day.,clear-day,obs
Meiktila,11/18/2019,26.8,67.6,0,8.3,1012.1,9.1,5.4,8,Clear,Clear conditions throughout the day.,clear-day,obs
Meiktila,11/19/2019,27.4,65,0,8.6,1012.1,8.3,5.4,7,Clear,Clear conditions throughout the day.,clear-day,obs
Meiktila,11/20/2019,27.3,64.6,0,6.1,1012.8,10,6,7,Clear,Clear conditions throughout the day.,clear-day,obs
Meiktila,11/21/2019,26.7,66.8,0,8.3,1013.4,15.3,5.6,8,Clear,Clear conditions throughout the day.,clear-day,obs
Meiktila,11/22/2019,26.5,69.3,0,8.3,1013.9,10.4,5.8,7,Clear,Clear conditions throughout the day.,clear-day,obs
Meiktila,11/23/2019,25.7,67.6,0,8.6,1013.5,6.8,6,8,Clear,Clear conditions throughout the day.,clear-day,obs
Meiktila,11/24/2019,25.7,63.4,0,7.2,1013.1,5.2,5.8,8,Clear,Clear conditions throughout the day.,clear-day,obs
Meiktila,11/25/2019,25.7,64.6,0,9,1014.2,3.3,5.8,7,Clear,Clear conditions throughout the day.,clear-day,obs
Meiktila,11/26/2019,25.5,69.4,0,8.3,1014.4,1.1,6,7,Clear,Clear conditions throughout the day.,clear-day,obs
Meiktila,11/27/2019,25.6,70.7,0,10.4,1014.2,0.1,6,7,Clear,Clear conditions throughout the day.,clear-day,obs
Meiktila,11/28/2019,25.8,72.9,0,10.1,1014.4,14.2,5.6,7,Clear,Clear conditions throughout the day.,clear-day,obs
Meiktila,11/29/2019,26.4,70,0,7.9,1013.8,4.2,6,7,Clear,Clear conditions throughout the day.,clear-day,obs
Meiktila,11/30/2019,26.6,64.7,0,5.8,1013.3,8.1,5.6,7,Clear,Clear conditions throughout the day.,clear-day,obs
Meiktila,12/1/2019,25.4,67.6,0,8.6,1013.3,31.2,5.8,7,Partially cloudy,Becoming cloudy in the afternoon.,partly-cloudy-day,obs
Meiktila,12/2/2019,25.2,70,0,6.8,1013.5,31.1,5.8,7,Partially cloudy,Clearing in the afternoon.,partly-cloudy-day,obs
Meiktila,12/3/2019,25.4,67.1,0,9.4,1013.2,17.2,6,7,Clear,Clear conditions throughout the day.,clear-day,obs
Meiktila,12/4/2019,25,66.7,100,7.9,1014.9,24.1,5.6,6,"Rain, Partially cloudy",Partly cloudy throughout the day with rain in the morning and afternoon.,rain,obs
Meiktila,12/5/2019,24.1,67.6,0,12.2,1017.3,31.6,5.8,7,Partially cloudy,Partly cloudy throughout the day.,partly-cloudy-day,obs
Meiktila,12/6/2019,23,63.6,0,10.8,1018.6,20.7,6,7,Partially cloudy,Partly cloudy throughout the day.,partly-cloudy-day,obs
Meiktila,12/7/2019,21.5,64.5,0,10.1,1017.5,12.2,6,7,Clear,Clear conditions throughout the day.,clear-day,obs
Meiktila,12/8/2019,21,57.4,0,8.3,1017.5,2.2,6,7,Clear,Clear conditions throughout the day.,clear-day,obs
Meiktila,12/9/2019,20.6,59.3,0,9.7,1016.5,1.7,5.8,7,Clear,Clear conditions throughout the day.,clear-day,obs
Meiktila,12/10/2019,20.7,62.7,0,9,1014.8,2.1,5.6,7,Clear,Clear conditions throughout the day.,clear-day,obs
Meiktila,12/11/2019,21,63.3,0,8.6,1013.8,0.6,5.6,7,Clear,Clear conditions throughout the day.,clear-day,obs
Meiktila,12/12/2019,21,65.5,0,9,1015,0.1,6,7,Clear,Clear conditions throughout the day.,clear-day,obs
Meiktila,12/13/2019,20.9,70.2,0,9.4,1016.8,0,5.6,7,Clear,Clear conditions throughout the day.,clear-day,obs
Meiktila,12/14/2019,21.2,73.4,0,10.1,1017.1,0.7,5.4,7,Clear,Clear conditions throughout the day.,clear-day,obs
Meiktila,12/15/2019,21.1,71.1,0,10.4,1016,12.1,6,7,Clear,Clear conditions throughout the day.,clear-day,obs
Meiktila,12/16/2019,21.3,71.2,0,10.4,1014.9,28.1,5.8,7,Partially cloudy,Partly cloudy throughout the day.,partly-cloudy-day,obs
Meiktila,12/17/2019,21,72.7,0,10.4,1015.2,0.2,6,7,Clear,Clear conditions throughout the day.,clear-day,obs
Meiktila,12/18/2019,21.4,70.2,0,10.1,1014.5,4.1,5.2,7,Clear,Clear conditions throughout the day.,clear-day,obs
Meiktila,12/19/2019,21.1,73.1,0,8.6,1013.7,35.5,6,7,Partially cloudy,Partly cloudy throughout the day.,partly-cloudy-day,obs
Meiktila,12/20/2019,22,69.5,0,10.4,1012.2,19.5,6,7,Clear,Clear conditions throughout the day.,clear-day,obs
Meiktila,12/21/2019,22.2,69,0,11.2,1012.6,32.1,6,7,Partially cloudy,Becoming cloudy in the afternoon.,partly-cloudy-day,obs
Meiktila,12/22/2019,22,69.3,0,7.9,1013.1,23.2,6,7,Partially cloudy,Partly cloudy throughout the day.,partly-cloudy-day,obs
Meiktila,12/23/2019,22.3,65.2,0,6.8,1013.5,2.9,6.4,7,Clear,Clear conditions throughout the day.,clear-day,obs
Meiktila,12/24/2019,22.8,63.1,0,7.9,1013.9,12.7,6,7,Clear,Clear conditions throughout the day.,clear-day,obs
Meiktila,12/25/2019,21.9,67.8,0,7.9,1013.1,0.9,6.4,7,Clear,Clear conditions throughout the day.,clear-day,obs
Meiktila,12/26/2019,22.1,65.8,0,7.6,1013.4,2.9,5.8,7,Clear,Clear conditions throughout the day.,clear-day,obs
Meiktila,12/27/2019,20,76.3,100,8.6,1013.7,74.3,5.2,3,"Rain, Partially cloudy",Partly cloudy throughout the day with rain in the morning and afternoon.,rain,obs
Meiktila,12/28/2019,20,79.2,100,11.5,1015.1,55.4,5.8,6,"Rain, Partially cloudy",Partly cloudy throughout the day with afternoon rain.,rain,obs
Meiktila,12/29/2019,20.5,73.8,0,13.3,1016,29,5.8,7,Partially cloudy,Partly cloudy throughout the day.,partly-cloudy-day,obs
Meiktila,12/30/2019,20.6,70.5,0,11.5,1016.9,43.4,5.8,7,Partially cloudy,Partly cloudy throughout the day.,partly-cloudy-day,obs
Meiktila,12/31/2019,21.7,66.5,0,11.9,1017.8,23.2,5.6,7,Partially cloudy,Partly cloudy throughout the day.,partly-cloudy-day,obs
name,datetime,temp,humidity,precipprob,windspeed,sealevelpressure,cloudcover,visibility,uvindex,conditions,description,icon,source
Meiktila,1/1/2020,21.6,70.4,100,14,1019.4,65.6,6.2,5,"Rain, Partially cloudy",Partly cloudy throughout the day with rain.,rain,obs
Meiktila,1/2/2020,21.9,78.6,100,12.6,1020.2,70.1,6.2,7,"Rain, Partially cloudy",Partly cloudy throughout the day with rain clearing later.,rain,obs
Meiktila,1/3/2020,22,80.6,100,11.9,1017.2,92.9,6,5,"Rain, Overcast",Cloudy skies throughout the day with rain clearing later.,rain,obs
Meiktila,1/4/2020,21.9,80.2,100,7.6,1015.1,75.8,6.2,6,"Rain, Partially cloudy",Partly cloudy throughout the day with rain clearing later.,rain,obs
Meiktila,1/5/2020,22.2,81.6,100,11.5,1013.5,72.6,6.2,5,"Rain, Partially cloudy",Partly cloudy throughout the day with rain.,rain,obs
Meiktila,1/6/2020,23,75.1,0,13.3,1014.9,30.8,5,7,Partially cloudy,Partly cloudy throughout the day.,partly-cloudy-day,obs
Meiktila,1/7/2020,20,77.3,0,8.6,1014.9,14,6.3,7,Clear,Clear conditions throughout the day.,clear-day,obs
Meiktila,1/8/2020,21.1,76.4,0,9.7,1014.1,0,5.8,8,Clear,Clear conditions throughout the day.,clear-day,obs
Meiktila,1/9/2020,21.2,76,0,10.1,1013.8,2,6.2,8,Clear,Clear conditions throughout the day.,clear-day,obs
Meiktila,1/10/2020,21.6,76.5,0,8.6,1012.8,14.3,6.3,8,Clear,Clear conditions throughout the day.,clear-day,obs
Meiktila,1/11/2020,22.3,74.7,0,8.6,1013.2,7.3,6.5,8,Clear,Clear conditions throughout the day.,clear-day,obs
Meiktila,1/12/2020,21.1,71.6,0,11.2,1012.3,2.2,6.5,8,Clear,Clear conditions throughout the day.,clear-day,obs
Meiktila,1/13/2020,21.9,63.6,0,7.2,1011.4,0,5.8,8,Clear,Clear conditions throughout the day.,clear-day,obs
Meiktila,1/14/2020,22.6,61.4,0,14.4,1011.8,0,6,8,Clear,Clear conditions throughout the day.,clear-day,obs
Meiktila,1/15/2020,22.3,64.3,0,9.7,1013.1,0,6,8,Clear,Clear conditions throughout the day.,clear-day,obs
Meiktila,1/16/2020,22.7,62.9,0,10.4,1013.6,0,6,8,Clear,Clear conditions throughout the day.,clear-day,obs
Meiktila,1/17/2020,22.3,63.5,0,11.2,1014.5,0,6.2,8,Clear,Clear conditions throughout the day.,clear-day,obs
Meiktila,1/18/2020,21.9,61.8,0,9.4,1014.1,0,6.2,8,Clear,Clear conditions throughout the day.,clear-day,obs
Meiktila,1/19/2020,22.6,57.9,0,9,1013.6,9.7,6.2,8,Clear,Clear conditions throughout the day.,clear-day,obs
Meiktila,1/20/2020,21.8,61.9,0,10.8,1013.7,12.6,6,8,Clear,Clear conditions throughout the day.,clear-day,obs
Meiktila,1/21/2020,23,57.1,0,11.5,1014.8,2.1,6.4,8,Clear,Clear conditions throughout the day.,clear-day,obs
Meiktila,1/22/2020,22.7,59.1,0,10.4,1015.1,40.9,5.6,8,Partially cloudy,Partly cloudy throughout the day.,partly-cloudy-day,obs
Meiktila,1/23/2020,21.9,59.9,0,9.7,1013.1,19.8,6,8,Clear,Clear conditions throughout the day.,clear-day,obs
Meiktila,1/24/2020,22.2,57.7,0,10.1,1012.2,58.6,6.4,8,Partially cloudy,Partly cloudy throughout the day.,partly-cloudy-day,obs
Meiktila,1/25/2020,19.5,61.4,0,13.3,1012.7,3.6,6,8,Clear,Clear conditions throughout the day.,clear-day,obs
Meiktila,1/26/2020,18.8,56.4,0,9.4,1011.8,0,6,8,Clear,Clear conditions throughout the day.,clear-day,obs
Meiktila,1/27/2020,18.7,59.8,0,9.7,1010.3,13.1,6,8,Clear,Clear conditions throughout the day.,clear-day,obs
Meiktila,1/28/2020,20.3,57.1,0,10.4,1011.8,0,5.6,8,Clear,Clear conditions throughout the day.,clear-day,obs
Meiktila,1/29/2020,20.8,57.2,0,9.7,1014.7,1.6,6.4,8,Clear,Clear conditions throughout the day.,clear-day,obs
Meiktila,1/30/2020,22.1,55.8,0,8.6,1012.8,7.9,6.2,8,Clear,Clear conditions throughout the day.,clear-day,obs
Meiktila,1/31/2020,23,60.1,0,14.8,1011.5,14.9,6,8,Clear,Clear conditions throughout the day.,clear-day,obs
Meiktila,2/1/2020,22.3,64,0,10.4,1013.2,0.3,6.4,8,Clear,Clear conditions throughout the day.,clear-day,obs
Meiktila,2/2/2020,22.1,60.3,0,12.6,1014.2,18.4,6.6,8,Clear,Clear conditions throughout the day.,clear-day,obs
Meiktila,2/3/2020,21.1,55.4,0,10.4,1014.4,0,5.8,8,Clear,Clear conditions throughout the day.,clear-day,obs
Meiktila,2/4/2020,21,51.3,0,8.6,1013.5,5.5,6,8,Clear,Clear conditions throughout the day.,clear-day,obs
Meiktila,2/5/2020,21.3,53.2,0,10.4,1012,12.8,6.4,8,Clear,Clear conditions throughout the day.,clear-day,obs
Meiktila,2/6/2020,22.2,55.5,0,10.8,1012.9,16.5,5.8,8,Clear,Clear conditions throughout the day.,clear-day,obs
Meiktila,2/7/2020,22.6,57.9,0,10.1,1014.3,27.2,6,8,Partially cloudy,Clearing in the afternoon.,partly-cloudy-day,obs
Meiktila,2/8/2020,23.3,56,0,10.4,1015.1,12.6,6.6,8,Clear,Clear conditions throughout the day.,clear-day,obs
Meiktila,2/9/2020,24,55.1,0,12.2,1015.2,2.5,6.4,8,Clear,Clear conditions throughout the day.,clear-day,obs
Meiktila,2/10/2020,23.2,58.2,0,11.2,1015.2,0.2,6.4,8,Clear,Clear conditions throughout the day.,clear-day,obs
Meiktila,2/11/2020,24.5,55.8,0,7.9,1014.5,0,6.6,8,Clear,Clear conditions throughout the day.,clear-day,obs
Meiktila,2/12/2020,23.8,57.4,0,8.6,1013.9,0.7,6.4,9,Clear,Clear conditions throughout the day.,clear-day,obs
Meiktila,2/13/2020,23.1,54,0,11.9,1011.6,0.4,6.4,9,Clear,Clear conditions throughout the day.,clear-day,obs
Meiktila,2/14/2020,22.6,47.5,0,17.3,1008.6,2.6,6.4,9,Clear,Clear conditions throughout the day.,clear-day,obs
Meiktila,2/15/2020,23.1,52.9,0,13.7,1010.9,0,6.2,9,Clear,Clear conditions throughout the day.,clear-day,obs
Meiktila,2/16/2020,24.1,53,0,9.7,1013,0,6.5,9,Clear,Clear conditions throughout the day.,clear-day,obs
Meiktila,2/17/2020,24.6,52.7,0,10.4,1013.3,0,6.2,9,Clear,Clear conditions throughout the day.,clear-day,obs
Meiktila,2/18/2020,25.4,51.3,0,18.7,1012.4,0,6.4,9,Clear,Clear conditions throughout the day.,clear-day,obs
Meiktila,2/19/2020,25.3,43.7,0,17.3,1014.1,21.3,6.4,9,Partially cloudy,Becoming cloudy in the afternoon.,partly-cloudy-day,obs
Meiktila,2/20/2020,24.7,46.3,0,11.2,1014.7,0.7,6.8,9,Clear,Clear conditions throughout the day.,clear-day,obs
Meiktila,2/21/2020,25.6,43.3,0,10.4,1016.6,0.1,6.4,9,Clear,Clear conditions throughout the day.,clear-day,obs
Meiktila,2/22/2020,26.5,43.4,0,9.7,1016.9,4.2,6.4,9,Clear,Clear conditions throughout the day.,clear-day,obs
Meiktila,2/23/2020,26.4,52.4,0,10.1,1015.3,35.2,5.8,8,Partially cloudy,Partly cloudy throughout the day.,partly-cloudy-day,obs
Meiktila,2/24/2020,26.5,50.2,0,10.4,1013.1,25.6,6,9,Partially cloudy,Partly cloudy throughout the day.,partly-cloudy-day,obs
Meiktila,2/25/2020,25.6,50.3,0,9.7,1012,47.4,6.2,9,Partially cloudy,Partly cloudy throughout the day.,partly-cloudy-day,obs
Meiktila,2/26/2020,26.1,49.9,0,11.9,1011.9,69.1,6,9,Partially cloudy,Partly cloudy throughout the day.,partly-cloudy-day,obs
Meiktila,2/27/2020,25,54,0,12.6,1012.8,37.5,6.2,9,Partially cloudy,Partly cloudy throughout the day.,partly-cloudy-day,obs
Meiktila,2/28/2020,25.3,54,0,9,1012.4,9.7,6.4,9,Clear,Clear conditions throughout the day.,clear-day,obs
Meiktila,2/29/2020,25.7,49.1,0,9,1011.1,1.3,6.6,9,Clear,Clear conditions throughout the day.,clear-day,obs
Meiktila,3/1/2020,26.3,48.7,0,10.1,1010.9,0.2,6.4,9,Clear,Clear conditions throughout the day.,clear-day,obs
Meiktila,3/2/2020,26.5,47.8,0,13,1010.1,17.9,6.3,9,Clear,Clear conditions throughout the day.,clear-day,obs
Meiktila,3/3/2020,28,36.6,0,16.9,1009.4,51,6.2,9,Partially cloudy,Partly cloudy throughout the day.,partly-cloudy-day,obs
Meiktila,3/4/2020,26.3,42.9,0,9.4,1010.9,0.5,6.2,9,Clear,Clear conditions throughout the day.,clear-day,obs
Meiktila,3/5/2020,26.6,44.6,0,9.4,1010.8,7.7,6.2,9,Clear,Clear conditions throughout the day.,clear-day,obs
Meiktila,3/6/2020,28,44.9,0,12.2,1011.5,9.8,6,9,Clear,Clear conditions throughout the day.,clear-day,obs
Meiktila,3/7/2020,28.2,44.7,0,7.9,1011.9,4.7,6.3,9,Clear,Clear conditions throughout the day.,clear-day,obs
Meiktila,3/8/2020,28.2,45.1,0,8.3,1010.4,14.5,6.4,9,Clear,Clear conditions throughout the day.,clear-day,obs
Meiktila,3/9/2020,27.5,44,0,8.6,1008.2,0.1,6,9,Clear,Clear conditions throughout the day.,clear-day,obs
Meiktila,3/10/2020,27.9,40.2,0,9.7,1008.4,0,6.6,10,Clear,Clear conditions throughout the day.,clear-day,obs
Meiktila,3/11/2020,27.6,45.5,0,9.7,1009,0,6.2,10,Clear,Clear conditions throughout the day.,clear-day,obs
Meiktila,3/12/2020,29.4,46.7,0,10.8,1010.5,0.4,6.2,10,Clear,Clear conditions throughout the day.,clear-day,obs
Meiktila,3/13/2020,29.4,48,0,9.7,1011.4,1.2,6.7,10,Clear,Clear conditions throughout the day.,clear-day,obs
Meiktila,3/14/2020,30.7,43.8,0,9,1010.1,42.8,6,9,Partially cloudy,Partly cloudy throughout the day.,partly-cloudy-day,obs
Meiktila,3/15/2020,30.3,46.8,0,8.6,1009.4,80.1,6,9,Partially cloudy,Partly cloudy throughout the day.,partly-cloudy-day,obs
Meiktila,3/16/2020,31.1,41.8,0,16.6,1009.4,44.8,6.4,10,Partially cloudy,Partly cloudy throughout the day.,partly-cloudy-day,obs
Meiktila,3/17/2020,29.9,43.1,0,11.9,1010.6,6.7,6.2,10,Clear,Clear conditions throughout the day.,clear-day,obs
Meiktila,3/18/2020,29,46.1,0,9,1009.6,0.2,6.2,10,Clear,Clear conditions throughout the day.,clear-day,obs
Meiktila,3/19/2020,28.7,43.4,0,9.4,1009,27.8,6.4,10,Partially cloudy,Partly cloudy throughout the day.,partly-cloudy-day,obs
Meiktila,3/20/2020,28.8,45.2,0,11.9,1008.5,11.1,6.2,10,Clear,Clear conditions throughout the day.,clear-day,obs
Meiktila,3/21/2020,29.1,40.1,0,18.7,1009.4,34.2,6,9,Partially cloudy,Clearing in the afternoon.,partly-cloudy-day,obs
Meiktila,3/22/2020,28,45.6,100,9,1010.3,15.7,6,10,Rain,Clear conditions throughout the day with late afternoon rain.,rain,obs
Meiktila,3/23/2020,28.3,43.7,0,9.7,1009.8,5.9,6.2,10,Clear,Clear conditions throughout the day.,clear-day,obs
Meiktila,3/24/2020,28,43.3,0,8.6,1008.4,13.9,6,10,Clear,Clear conditions throughout the day.,clear-day,obs
Meiktila,3/25/2020,28.5,40.8,0,9,1007.2,0,6.4,10,Clear,Clear conditions throughout the day.,clear-day,obs
Meiktila,3/26/2020,29.8,38.9,0,14.8,1008,0.2,6,10,Clear,Clear conditions throughout the day.,clear-day,obs
Meiktila,3/27/2020,30.8,39.1,0,16.2,1009,0,6,10,Clear,Clear conditions throughout the day.,clear-day,obs
Meiktila,3/28/2020,31.7,41.6,0,13.3,1007.3,1.9,6,10,Clear,Clear conditions throughout the day.,clear-day,obs
Meiktila,3/29/2020,32.8,44.1,0,20.5,1006.2,1.8,6,10,Clear,Clear conditions throughout the day.,clear-day,obs
Meiktila,3/30/2020,32.8,47.1,0,19.1,1006.5,1.5,6,10,Clear,Clear conditions throughout the day.,clear-day,obs
Meiktila,3/31/2020,32.6,48.7,0,12.2,1007.4,0.6,6,10,Clear,Clear conditions throughout the day.,clear-day,obs
Meiktila,4/1/2020,32.4,47.3,0,18,1006.6,6.6,6,10,Clear,Clear conditions throughout the day.,clear-day,obs
Meiktila,4/2/2020,31.7,42.7,0,19.1,1007.1,0,6,10,Clear,Clear conditions throughout the day.,clear-day,obs
Meiktila,4/3/2020,32.3,35.3,0,16.2,1008.4,4.3,6,10,Clear,Clear conditions throughout the day.,clear-day,obs
Meiktila,4/4/2020,32.1,41.2,0,13,1009,16.9,6,9,Clear,Clear conditions throughout the day.,clear-day,obs
Meiktila,4/5/2020,31.7,40.4,0,8.6,1009.2,9.7,6,10,Clear,Clear conditions throughout the day.,clear-day,obs
Meiktila,4/6/2020,32,37.3,0,9.4,1008.2,7.7,6.3,9,Clear,Clear conditions throughout the day.,clear-day,obs
Meiktila,4/7/2020,31.6,40.2,0,12.2,1007.7,37.9,6.2,9,Partially cloudy,Partly cloudy throughout the day.,partly-cloudy-day,obs
Meiktila,4/8/2020,30.8,43.3,0,8.3,1008.6,82.6,6.2,9,Partially cloudy,Partly cloudy throughout the day.,partly-cloudy-day,obs
Meiktila,4/9/2020,32.1,42,100,14,1008.7,32.1,6,9,"Rain, Partially cloudy",Partly cloudy throughout the day with rain.,rain,obs
Meiktila,4/10/2020,32.7,43.8,0,16.9,1009.8,30.9,6.2,9,Partially cloudy,Partly cloudy throughout the day.,partly-cloudy-day,obs
Meiktila,4/11/2020,32.1,43.9,0,9.4,1010.6,76.8,6.4,9,Partially cloudy,Partly cloudy throughout the day.,partly-cloudy-day,obs
Meiktila,4/12/2020,32.4,42.2,0,8.6,1008.5,43.3,6.4,9,Partially cloudy,Partly cloudy throughout the day.,partly-cloudy-day,obs
Meiktila,4/13/2020,32.3,39.5,0,10.1,1008.1,32.9,6.4,9,Partially cloudy,Partly cloudy throughout the day.,partly-cloudy-day,obs
Meiktila,4/14/2020,32.8,40.2,0,14,1008.7,35.8,6.4,10,Partially cloudy,Partly cloudy throughout the day.,partly-cloudy-day,obs
Meiktila,4/15/2020,34,37.9,0,17.3,1008.7,5.3,6.4,10,Clear,Clear conditions throughout the day.,clear-day,obs
Meiktila,4/16/2020,32.8,38,0,20.2,1007.2,9.8,6.4,10,Clear,Clear conditions throughout the day.,clear-day,obs
Meiktila,4/17/2020,32,47.4,100,19.1,1007.7,28.6,6.4,10,"Rain, Partially cloudy",Partly cloudy throughout the day with late afternoon rain.,rain,obs
Meiktila,4/18/2020,32.6,43.4,0,11.9,1009,13.1,6.4,10,Clear,Clear conditions throughout the day.,clear-day,obs
Meiktila,4/19/2020,33.2,38.8,0,13.3,1008.2,8.1,6.4,10,Clear,Clear conditions throughout the day.,clear-day,obs
Meiktila,4/20/2020,33.9,40.3,0,15.5,1008.2,25.1,6,10,Partially cloudy,Partly cloudy throughout the day.,partly-cloudy-day,obs
Meiktila,4/21/2020,34.5,36.6,0,14.8,1007.4,21.3,6.2,10,Partially cloudy,Partly cloudy throughout the day.,partly-cloudy-day,obs
Meiktila,4/22/2020,32.7,40.7,0,10.4,1007.9,39,6.4,10,Partially cloudy,Partly cloudy throughout the day.,partly-cloudy-day,obs
Meiktila,4/23/2020,31.9,46.1,100,8.3,1007.9,31.7,6,10,"Rain, Partially cloudy",Partly cloudy throughout the day with late afternoon rain.,rain,obs
Meiktila,4/24/2020,32.4,42.9,0,13.3,1007.4,67.4,6,9,Partially cloudy,Partly cloudy throughout the day.,partly-cloudy-day,obs
Meiktila,4/25/2020,30.2,53.1,100,13.3,1008.9,69,6,8,"Rain, Partially cloudy",Partly cloudy throughout the day with afternoon rain.,rain,obs
Meiktila,4/26/2020,29.7,57.8,100,11.2,1010.8,57.6,6.4,8,"Rain, Partially cloudy",Partly cloudy throughout the day with rain.,rain,obs
Meiktila,4/27/2020,28,66.9,100,9,1013.2,74.1,6.2,9,"Rain, Partially cloudy",Partly cloudy throughout the day with late afternoon rain.,rain,obs
Meiktila,4/28/2020,27.2,74.7,100,7.9,1012.8,79.1,6,8,"Rain, Partially cloudy",Partly cloudy throughout the day with a chance of rain throughout the day.,rain,obs
Meiktila,4/29/2020,27.9,73.5,100,10.8,1010.7,73.7,5.8,9,"Rain, Partially cloudy",Partly cloudy throughout the day with a chance of rain throughout the day.,rain,obs
Meiktila,4/30/2020,28,76.2,100,14.8,1011,49.8,6.4,8,"Rain, Partially cloudy",Partly cloudy throughout the day with a chance of rain throughout the day.,rain,obs
Meiktila,5/1/2020,28.3,75.9,100,7.9,1010.1,44.5,6.2,8,"Rain, Partially cloudy",Partly cloudy throughout the day with rain.,rain,obs
Meiktila,5/2/2020,29.2,72.3,100,11.9,1007.8,33.3,6.4,9,"Rain, Partially cloudy",Partly cloudy throughout the day with a chance of rain throughout the day.,rain,obs
Meiktila,5/3/2020,30.2,64.1,100,17.6,1008.1,30,6.4,9,"Rain, Partially cloudy",Partly cloudy throughout the day with early morning rain.,rain,obs
Meiktila,5/4/2020,31.3,58.8,0,12.2,1008.5,20.2,6.6,10,Partially cloudy,Partly cloudy throughout the day.,partly-cloudy-day,obs
Meiktila,5/5/2020,32.1,56.8,0,11.5,1007.3,7,6.8,9,Clear,Clear conditions throughout the day.,clear-day,obs
Meiktila,5/6/2020,33.1,55.8,0,13,1006.1,16.1,6.8,9,Clear,Clear conditions throughout the day.,clear-day,obs
Meiktila,5/7/2020,33,53.5,0,8.3,1005.8,4.7,6.8,10,Clear,Clear conditions throughout the day.,clear-day,obs
Meiktila,5/8/2020,34,49.7,0,9.4,1005.1,8.9,6.8,10,Clear,Clear conditions throughout the day.,clear-day,obs
Meiktila,5/9/2020,33.5,49.2,0,11.2,1006.4,9.7,6.6,9,Clear,Clear conditions throughout the day.,clear-day,obs
Meiktila,5/10/2020,33.1,53.4,0,18,1007.3,25.5,6.2,8,Partially cloudy,Partly cloudy throughout the day.,partly-cloudy-day,obs
Meiktila,5/11/2020,31.5,64.1,100,18.4,1007.6,55.3,6.2,9,"Rain, Partially cloudy",Partly cloudy throughout the day with rain.,rain,obs
Meiktila,5/12/2020,33,56.9,0,19.1,1007,53.9,6.2,10,Partially cloudy,Partly cloudy throughout the day.,partly-cloudy-day,obs
Meiktila,5/13/2020,33.4,49.5,0,19.4,1006.2,58.4,6.4,10,Partially cloudy,Partly cloudy throughout the day.,partly-cloudy-day,obs
Meiktila,5/14/2020,33.8,49.6,0,19.8,1006.4,14.6,6.8,10,Clear,Clear conditions throughout the day.,clear-day,obs
Meiktila,5/15/2020,34,47,0,15.1,1004.9,29.7,6.6,10,Partially cloudy,Partly cloudy throughout the day.,partly-cloudy-day,obs
Meiktila,5/16/2020,34.9,43.1,0,17.6,1003.5,18.5,6.2,10,Clear,Clear conditions throughout the day.,clear-day,obs
Meiktila,5/17/2020,35.4,42.5,0,15.8,1003.2,55.2,6.4,10,Partially cloudy,Partly cloudy throughout the day.,partly-cloudy-day,obs
Meiktila,5/18/2020,33.7,56.2,100,25.6,1003.2,60.1,6.6,8,"Rain, Partially cloudy",Partly cloudy throughout the day with rain.,rain,obs
Meiktila,5/19/2020,30.7,68.4,100,19.8,1003.7,80.4,5.8,9,"Rain, Partially cloudy",Partly cloudy throughout the day with a chance of rain throughout the day.,rain,obs
Meiktila,5/20/2020,30.2,69,100,25.2,1004,76.7,5.8,8,"Rain, Partially cloudy",Partly cloudy throughout the day with rain.,rain,obs
Meiktila,5/21/2020,28.9,75.6,100,26.3,1005.6,95.8,5.8,8,"Rain, Overcast",Cloudy skies throughout the day with a chance of rain throughout the day.,rain,obs
Meiktila,5/22/2020,31.2,65.6,100,22.7,1005.9,87.8,6.2,9,"Rain, Partially cloudy",Partly cloudy throughout the day with afternoon rain.,rain,obs
Meiktila,5/23/2020,32.4,61.6,100,19.1,1006.1,72.3,6,10,"Rain, Partially cloudy",Partly cloudy throughout the day with late afternoon rain.,rain,obs
Meiktila,5/24/2020,33.8,53.3,0,20.2,1006.1,35.5,6,9,Partially cloudy,Partly cloudy throughout the day.,partly-cloudy-day,obs
Meiktila,5/25/2020,34.1,51.6,0,25.9,1007,26.5,6,10,Partially cloudy,Partly cloudy throughout the day.,partly-cloudy-day,obs
Meiktila,5/26/2020,33.7,50.8,0,25.9,1007.4,7.6,6,10,Clear,Clear conditions throughout the day.,clear-day,obs
Meiktila,5/27/2020,31.6,61.3,100,24.1,1007.9,41.7,5.4,9,"Rain, Partially cloudy",Partly cloudy throughout the day with late afternoon rain.,rain,obs
Meiktila,5/28/2020,28.1,73.2,100,17.6,1008,63,5.4,8,"Rain, Partially cloudy",Partly cloudy throughout the day with a chance of rain throughout the day.,rain,obs
Meiktila,5/29/2020,28.6,76.5,100,16.6,1008,77.5,6.2,7,"Rain, Partially cloudy",Partly cloudy throughout the day with a chance of rain throughout the day.,rain,obs
Meiktila,5/30/2020,28.7,77.5,100,16.2,1008.7,78.6,6.8,6,"Rain, Partially cloudy",Partly cloudy throughout the day with a chance of rain throughout the day.,rain,obs
Meiktila,5/31/2020,29.2,75.5,100,16.2,1009.4,56.5,6.8,8,"Rain, Partially cloudy",Partly cloudy throughout the day with rain.,rain,obs
Meiktila,6/1/2020,30,72.8,100,17.3,1009.2,52.5,6,8,"Rain, Partially cloudy",Partly cloudy throughout the day with rain.,rain,obs
Meiktila,6/2/2020,30.8,69.3,100,18.7,1007.2,55,6.4,9,"Rain, Partially cloudy",Partly cloudy throughout the day with rain.,rain,obs
Meiktila,6/3/2020,30.7,69.2,100,18.7,1006.4,77.8,6.6,9,"Rain, Partially cloudy",Partly cloudy throughout the day with rain.,rain,obs
Meiktila,6/4/2020,30.8,71.1,100,18,1005.5,91.8,6.4,9,"Rain, Overcast",Cloudy skies throughout the day with rain.,rain,obs
Meiktila,6/5/2020,30.5,68.7,0,16.2,1006.1,96.3,6.4,8,Overcast,Cloudy skies throughout the day.,cloudy,obs
Meiktila,6/6/2020,31,66.1,100,18,1004.9,79.8,6.6,9,"Rain, Partially cloudy",Partly cloudy throughout the day with rain.,rain,obs
Meiktila,6/7/2020,30.4,68.8,0,17.3,1004.5,96.1,6.4,8,Overcast,Cloudy skies throughout the day.,cloudy,obs
Meiktila,6/8/2020,30.3,69.9,100,17.6,1003.6,93.3,7,6,"Rain, Overcast",Cloudy skies throughout the day with afternoon rain.,rain,obs
Meiktila,6/9/2020,30.5,67.1,0,13,1004.2,90.8,6.6,6,Overcast,Cloudy skies throughout the day.,cloudy,obs
Meiktila,6/10/2020,31.1,64.3,0,19.4,1005.1,94,6.8,8,Overcast,Cloudy skies throughout the day.,cloudy,obs
Meiktila,6/11/2020,29.9,69,100,23.4,1005.5,96.5,6.4,7,"Rain, Overcast",Cloudy skies throughout the day with a chance of rain throughout the day.,rain,obs
Meiktila,6/12/2020,30.5,68.1,100,22.7,1004.7,94.2,6.4,8,"Rain, Overcast",Cloudy skies throughout the day with morning rain.,rain,obs
Meiktila,6/13/2020,30.9,68.6,100,20.2,1004.6,87.5,6,8,"Rain, Partially cloudy",Partly cloudy throughout the day with rain.,rain,obs
Meiktila,6/14/2020,31.5,68.3,100,19.4,1004.4,79.6,6.2,8,"Rain, Partially cloudy",Partly cloudy throughout the day with late afternoon rain.,rain,obs
Meiktila,6/15/2020,30.3,72.3,100,22.3,1004.4,88.6,6.8,8,"Rain, Partially cloudy",Partly cloudy throughout the day with a chance of rain throughout the day.,rain,obs
Meiktila,6/16/2020,29.6,70.7,100,28.1,1004.9,93.8,6,7,"Rain, Overcast",Cloudy skies throughout the day with a chance of rain throughout the day.,rain,obs
Meiktila,6/17/2020,28.7,75.8,100,25.6,1004.8,98.1,6.2,6,"Rain, Overcast",Cloudy skies throughout the day with rain in the morning and afternoon.,rain,obs
Meiktila,6/18/2020,29.1,74.2,100,24.1,1006,98.2,6.4,3,"Rain, Overcast",Cloudy skies throughout the day with early morning rain.,rain,obs
Meiktila,6/19/2020,29.6,72.3,100,23,1005.8,89.6,6.6,7,"Rain, Partially cloudy",Partly cloudy throughout the day with rain.,rain,obs
Meiktila,6/20/2020,29.8,68.7,100,24.1,1006.2,84.4,6.5,8,"Rain, Partially cloudy",Partly cloudy throughout the day with rain in the morning and afternoon.,rain,obs
Meiktila,6/21/2020,30.4,66.9,100,23,1005.1,74.6,6.4,7,"Rain, Partially cloudy",Partly cloudy throughout the day with afternoon rain.,rain,obs
Meiktila,6/22/2020,31.3,64.6,0,20.9,1005,59.7,6.6,8,Partially cloudy,Partly cloudy throughout the day.,partly-cloudy-day,obs
Meiktila,6/23/2020,31.8,65,100,20.5,1006.5,84.1,6.2,8,"Rain, Partially cloudy",Partly cloudy throughout the day with rain.,rain,obs
Meiktila,6/24/2020,31.7,64.9,100,20.2,1006.5,92.7,6.6,9,"Rain, Overcast",Cloudy skies throughout the day with afternoon rain.,rain,obs
Meiktila,6/25/2020,30.8,69.2,100,20.9,1005.6,93.9,6.4,7,"Rain, Overcast",Cloudy skies throughout the day with rain.,rain,obs
Meiktila,6/26/2020,29.2,76.5,100,24.1,1005.4,97.5,7.2,5,"Rain, Overcast",Cloudy skies throughout the day with a chance of rain throughout the day.,rain,obs
Meiktila,6/27/2020,30.1,71.3,100,23.4,1005.2,89.1,7,7,"Rain, Partially cloudy",Partly cloudy throughout the day with rain.,rain,obs
Meiktila,6/28/2020,30.4,68.1,100,21.2,1004.8,84.9,7.4,7,"Rain, Partially cloudy",Partly cloudy throughout the day with rain in the morning and afternoon.,rain,obs
Meiktila,6/29/2020,30.9,66.9,100,20.5,1004.9,74.3,7.2,7,"Rain, Partially cloudy",Partly cloudy throughout the day with rain.,rain,obs
Meiktila,6/30/2020,32,62.7,0,19.4,1004.3,80.8,7.4,8,Partially cloudy,Partly cloudy throughout the day.,partly-cloudy-day,obs
Meiktila,7/1/2020,30.5,71.4,100,22,1003.8,96.5,7.2,6,"Rain, Overcast",Cloudy skies throughout the day with a chance of rain throughout the day.,rain,obs
Meiktila,7/2/2020,30.1,72.4,100,21.2,1003,96,7.2,6,"Rain, Overcast",Cloudy skies throughout the day with a chance of rain throughout the day.,rain,obs
Meiktila,7/3/2020,29.8,72.9,100,18.4,1003.4,97.2,7,8,"Rain, Overcast",Cloudy skies throughout the day with rain.,rain,obs
Meiktila,7/4/2020,29.2,75.7,100,25.9,1004.5,97.2,6.6,5,"Rain, Overcast",Cloudy skies throughout the day with a chance of rain throughout the day.,rain,obs
Meiktila,7/5/2020,28.8,75.2,100,26.6,1004.8,94.2,6.4,7,"Rain, Overcast",Cloudy skies throughout the day with a chance of rain throughout the day.,rain,obs
Meiktila,7/6/2020,30,68.7,100,25.9,1004.6,90,7,8,"Rain, Partially cloudy",Partly cloudy throughout the day with a chance of rain throughout the day.,rain,obs
Meiktila,7/7/2020,31,65.9,100,19.8,1006.7,94.7,6.8,7,"Rain, Overcast",Cloudy skies throughout the day with afternoon rain.,rain,obs
Meiktila,7/8/2020,31.2,66.8,100,19.4,1006.3,93.5,6.5,8,"Rain, Overcast",Cloudy skies throughout the day with a chance of rain throughout the day.,rain,obs
Meiktila,7/9/2020,30.9,67.9,100,23.8,1005,96.4,7,8,"Rain, Overcast",Cloudy skies throughout the day with rain.,rain,obs
Meiktila,7/10/2020,30.2,69,100,26.3,1005.4,97.1,6.8,5,"Rain, Overcast",Cloudy skies throughout the day with afternoon rain.,rain,obs
Meiktila,7/11/2020,30.4,69.8,0,26.6,1004.8,93.8,7.4,6,Overcast,Cloudy skies throughout the day.,cloudy,obs
Meiktila,7/12/2020,30.7,68.4,100,25.6,1004.4,92.7,7,8,"Rain, Overcast",Cloudy skies throughout the day with rain in the morning and afternoon.,rain,obs
Meiktila,7/13/2020,28.5,76.6,100,25.9,1004.2,97.9,6.6,2,"Rain, Overcast",Cloudy skies throughout the day with rain.,rain,obs
Meiktila,7/14/2020,29.9,67.7,100,23,1005.6,84.2,7.2,7,"Rain, Partially cloudy",Partly cloudy throughout the day with rain.,rain,obs
Meiktila,7/15/2020,30.7,65.4,0,18.7,1005.8,58.9,7,6,Partially cloudy,Partly cloudy throughout the day.,partly-cloudy-day,obs
Meiktila,7/16/2020,31.7,63,100,18.7,1004.3,78.7,6.8,8,"Rain, Partially cloudy",Partly cloudy throughout the day with late afternoon rain.,rain,obs
Meiktila,7/17/2020,31.6,64.7,100,19.8,1004.4,91.8,7,8,"Rain, Overcast",Cloudy skies throughout the day with afternoon rain.,rain,obs
Meiktila,7/18/2020,30.5,68.3,100,26.3,1006.3,98.5,6.4,6,"Rain, Overcast",Cloudy skies throughout the day with rain in the morning and afternoon.,rain,obs
Meiktila,7/19/2020,29.2,75.3,100,21.6,1006.6,97.7,6.2,5,"Rain, Overcast",Cloudy skies throughout the day with a chance of rain throughout the day.,rain,obs
Meiktila,7/20/2020,28.6,77.4,100,18.4,1006.6,98.8,6.4,3,"Rain, Overcast",Cloudy skies throughout the day with a chance of rain throughout the day.,rain,obs
Meiktila,7/21/2020,28.2,79.6,100,21.6,1007,99.2,6.4,3,"Rain, Overcast",Cloudy skies throughout the day with a chance of rain throughout the day.,rain,obs
Meiktila,7/22/2020,29.5,73.2,100,23,1005.7,93.5,7,7,"Rain, Overcast",Cloudy skies throughout the day with afternoon rain.,rain,obs
Meiktila,7/23/2020,29.4,74.2,100,21.2,1006.5,82.7,7,8,"Rain, Partially cloudy",Partly cloudy throughout the day with rain.,rain,obs
Meiktila,7/24/2020,30.8,69.7,100,15.1,1007.8,59.7,7,8,"Rain, Partially cloudy",Partly cloudy throughout the day with afternoon rain.,rain,obs
Meiktila,7/25/2020,32.7,64.4,100,11.5,1006.5,33.9,7,9,"Rain, Partially cloudy",Partly cloudy throughout the day with afternoon rain.,rain,obs
Meiktila,7/26/2020,32.1,66.4,0,11.5,1006,92.9,6.6,8,Overcast,Cloudy skies throughout the day.,cloudy,obs
Meiktila,7/27/2020,30.7,73,100,14.4,1005.2,98.4,5.8,8,"Rain, Overcast",Cloudy skies throughout the day with a chance of rain throughout the day.,rain,obs
Meiktila,7/28/2020,29.6,73.7,100,18.4,1006,92.9,6.2,6,"Rain, Overcast",Cloudy skies throughout the day with rain clearing later.,rain,obs
Meiktila,7/29/2020,29.6,73.9,100,22,1007.2,82.9,6.6,7,"Rain, Partially cloudy",Partly cloudy throughout the day with rain clearing later.,rain,obs
Meiktila,7/30/2020,30.4,68.1,100,23.4,1007.2,78.1,6.4,8,"Rain, Partially cloudy",Partly cloudy throughout the day with afternoon rain.,rain,obs
Meiktila,7/31/2020,31.6,64.1,0,14.4,1004.9,90.4,7,8,Overcast,Cloudy skies throughout the day.,cloudy,obs
Meiktila,8/1/2020,31.5,67.9,100,13.7,1002.8,95,6.6,8,"Rain, Overcast",Cloudy skies throughout the day with rain.,rain,obs
Meiktila,8/2/2020,31.4,69.9,100,14.8,999.8,94.7,6.6,9,"Rain, Overcast",Cloudy skies throughout the day with afternoon rain.,rain,obs
Meiktila,8/3/2020,27.4,88,100,13.3,996.6,100,4.6,3,"Rain, Overcast",Cloudy skies throughout the day with a chance of rain throughout the day.,rain,obs
Meiktila,8/4/2020,28.7,79.4,100,23,996.6,97.2,6.6,7,"Rain, Overcast",Cloudy skies throughout the day with a chance of rain throughout the day.,rain,obs
Meiktila,8/5/2020,29.4,74,100,28.8,1001.5,93,6.6,7,"Rain, Overcast",Cloudy skies throughout the day with rain.,rain,obs
Meiktila,8/6/2020,29.2,77.3,100,20.5,1005.5,94.9,6.6,5,"Rain, Overcast",Cloudy skies throughout the day with a chance of rain throughout the day.,rain,obs
Meiktila,8/7/2020,28.7,80.8,100,19.4,1005,98.6,6.2,4,"Rain, Overcast",Cloudy skies throughout the day with a chance of rain throughout the day.,rain,obs
Meiktila,8/8/2020,29.2,75.7,100,20.9,1003.6,96.6,6.4,6,"Rain, Overcast",Cloudy skies throughout the day with a chance of rain throughout the day.,rain,obs
Meiktila,8/9/2020,30,72,100,23.4,1004.1,97,6.6,6,"Rain, Overcast",Cloudy skies throughout the day with rain in the morning and afternoon.,rain,obs
Meiktila,8/10/2020,30.1,71.1,100,24.1,1004.7,96.6,6.6,8,"Rain, Overcast",Cloudy skies throughout the day with afternoon rain.,rain,obs
Meiktila,8/11/2020,29.4,75.9,100,24.5,1004.6,95.5,6.8,7,"Rain, Overcast",Cloudy skies throughout the day with a chance of rain throughout the day.,rain,obs
Meiktila,8/12/2020,30,71.7,100,22.3,1004.6,91,6.6,8,"Rain, Overcast",Cloudy skies throughout the day with rain in the morning and afternoon.,rain,obs
Meiktila,8/13/2020,30.3,69.8,100,18,1003.7,97.8,6.4,7,"Rain, Overcast",Cloudy skies throughout the day with rain.,rain,obs
Meiktila,8/14/2020,28.4,77,100,28.1,1003.5,98.2,6.2,5,"Rain, Overcast",Cloudy skies throughout the day with a chance of rain throughout the day.,rain,obs
Meiktila,8/15/2020,27.6,79.8,100,27,1005.1,98,6.5,5,"Rain, Overcast",Cloudy skies throughout the day with a chance of rain throughout the day.,rain,obs
Meiktila,8/16/2020,28.2,77,100,25.6,1005.9,98.6,6.6,6,"Rain, Overcast",Cloudy skies throughout the day with a chance of rain throughout the day.,rain,obs
Meiktila,8/17/2020,27.6,79.3,100,26.6,1005.6,98.5,6,4,"Rain, Overcast",Cloudy skies throughout the day with rain.,rain,obs
Meiktila,8/18/2020,26.5,81.8,100,24.1,1005.5,99.9,6,3,"Rain, Overcast",Cloudy skies throughout the day with a chance of rain throughout the day.,rain,obs
Meiktila,8/19/2020,26.7,81.5,100,27,1005.3,99.5,6,5,"Rain, Overcast",Cloudy skies throughout the day with a chance of rain throughout the day.,rain,obs
Meiktila,8/20/2020,28.2,77,100,18.7,1007.1,90.9,6.6,6,"Rain, Overcast",Cloudy skies throughout the day with a chance of rain throughout the day.,rain,obs
Meiktila,8/21/2020,28.7,78.8,100,16.6,1008.4,85.8,6.4,7,"Rain, Partially cloudy",Partly cloudy throughout the day with rain.,rain,obs
Meiktila,8/22/2020,28.4,81.7,100,11.5,1006.8,96.8,5.8,7,"Rain, Overcast",Cloudy skies throughout the day with rain in the morning and afternoon.,rain,obs
Meiktila,8/23/2020,27.9,84.6,100,16.2,1005.2,99.6,6,6,"Rain, Overcast",Cloudy skies throughout the day with a chance of rain throughout the day.,rain,obs
Meiktila,8/24/2020,26.6,86.5,100,22.3,1006.6,99.5,6.2,3,"Rain, Overcast",Cloudy skies throughout the day with a chance of rain throughout the day.,rain,obs
Meiktila,8/25/2020,27,81.3,100,21.2,1007.6,97.3,6.4,2,"Rain, Overcast",Cloudy skies throughout the day with a chance of rain throughout the day.,rain,obs
Meiktila,8/26/2020,27.8,79,100,20.9,1008.1,79.8,5.8,6,"Rain, Partially cloudy",Partly cloudy throughout the day with afternoon rain.,rain,obs
Meiktila,8/27/2020,28.4,79.7,100,17.6,1007.1,63.3,6,7,"Rain, Partially cloudy",Partly cloudy throughout the day with rain in the morning and afternoon.,rain,obs
Meiktila,8/28/2020,29.6,75.5,100,17.3,1005.2,54.1,6.6,6,"Rain, Partially cloudy",Partly cloudy throughout the day with rain.,rain,obs
Meiktila,8/29/2020,30.1,74.3,100,18.7,1005,89.3,6.8,7,"Rain, Partially cloudy",Partly cloudy throughout the day with rain.,rain,obs
Meiktila,8/30/2020,29.8,75.1,100,15.5,1004.8,95.8,6.4,7,"Rain, Overcast",Cloudy skies throughout the day with afternoon rain.,rain,obs
Meiktila,8/31/2020,28.4,81.1,100,14.4,1005.8,99.5,5.8,5,"Rain, Overcast",Cloudy skies throughout the day with a chance of rain throughout the day.,rain,obs
Meiktila,9/1/2020,28.4,79.1,100,6.8,1007.5,80.6,6.2,4,"Rain, Partially cloudy",Partly cloudy throughout the day with early morning rain.,rain,obs
Meiktila,9/2/2020,29.1,76.9,100,6.1,1009,31.7,6,8,"Rain, Partially cloudy",Partly cloudy throughout the day with afternoon rain.,rain,obs
Meiktila,9/3/2020,30.4,74.2,100,6.8,1008.5,52.9,6.2,9,"Rain, Partially cloudy",Partly cloudy throughout the day with afternoon rain.,rain,obs
Meiktila,9/4/2020,31.4,71.6,0,11.9,1007.2,82,6.6,9,Partially cloudy,Partly cloudy throughout the day.,partly-cloudy-day,obs
Meiktila,9/5/2020,30.8,75.2,100,15.5,1006.3,80.6,6.2,8,"Rain, Partially cloudy",Partly cloudy throughout the day with rain.,rain,obs
Meiktila,9/6/2020,30.3,73.8,100,18.4,1006.2,89.8,6.6,9,"Rain, Partially cloudy",Partly cloudy throughout the day with afternoon rain.,rain,obs
Meiktila,9/7/2020,30.1,74.9,100,16.6,1006.5,92.3,6.8,7,"Rain, Overcast",Cloudy skies throughout the day with rain.,rain,obs
Meiktila,9/8/2020,29.6,76,100,15.5,1006.9,95.5,6.6,5,"Rain, Overcast",Cloudy skies throughout the day with rain in the morning and afternoon.,rain,obs
Meiktila,9/9/2020,28.6,78.3,100,16.6,1007.3,96.8,6.4,3,"Rain, Overcast",Cloudy skies throughout the day with a chance of rain throughout the day.,rain,obs
Meiktila,9/10/2020,29.4,71.4,0,21.6,1005.5,90.9,6.8,7,Overcast,Cloudy skies throughout the day.,cloudy,obs
Meiktila,9/11/2020,30.3,69.3,100,18,1006.2,87.7,7,8,"Rain, Partially cloudy",Partly cloudy throughout the day with rain in the morning and afternoon.,rain,obs
Meiktila,9/12/2020,30.7,71.6,100,15.5,1008.2,92.5,6.2,7,"Rain, Overcast",Cloudy skies throughout the day with afternoon rain.,rain,obs
Meiktila,9/13/2020,30.5,71.6,100,14.8,1008.9,96.2,6.6,6,"Rain, Overcast",Cloudy skies throughout the day with rain.,rain,obs
Meiktila,9/14/2020,30.1,71.5,100,14.8,1008,91.9,7,6,"Rain, Overcast",Cloudy skies throughout the day with a chance of rain throughout the day.,rain,obs
Meiktila,9/15/2020,30.2,70.5,100,20.2,1007.3,89.7,6.4,7,"Rain, Partially cloudy",Partly cloudy throughout the day with rain in the morning and afternoon.,rain,obs
Meiktila,9/16/2020,30.3,71.1,100,22,1006.9,93.9,7,7,"Rain, Overcast",Cloudy skies throughout the day with a chance of rain throughout the day.,rain,obs
Meiktila,9/17/2020,30.5,73.7,100,16.9,1005.5,86.5,6.6,8,"Rain, Partially cloudy",Partly cloudy throughout the day with a chance of rain throughout the day.,rain,obs
Meiktila,9/18/2020,30.2,75.3,100,9,1003.7,95.3,6.2,7,"Rain, Overcast",Cloudy skies throughout the day with rain.,rain,obs
Meiktila,9/19/2020,31.2,71.9,0,12.6,1000,77.5,6.6,8,Partially cloudy,Partly cloudy throughout the day.,partly-cloudy-day,obs
Meiktila,9/20/2020,29.4,77.6,100,19.8,1002.1,84.9,6.6,7,"Rain, Partially cloudy",Partly cloudy throughout the day with a chance of rain throughout the day.,rain,obs
Meiktila,9/21/2020,28.2,77.8,100,25.2,1006.3,91.1,6.2,7,"Rain, Overcast",Cloudy skies throughout the day with rain.,rain,obs
Meiktila,9/22/2020,28.7,77.9,100,23.8,1008.1,95,6.8,6,"Rain, Overcast",Cloudy skies throughout the day with rain.,rain,obs
Meiktila,9/23/2020,28.6,78.7,100,19.4,1008.3,96.5,7,6,"Rain, Overcast",Cloudy skies throughout the day with rain.,rain,obs
Meiktila,9/24/2020,28.9,75.8,100,20.2,1008.5,98.2,6.6,5,"Rain, Overcast",Cloudy skies throughout the day with afternoon rain.,rain,obs
Meiktila,9/25/2020,29.2,73.2,100,22.7,1007.5,90.5,6.6,5,"Rain, Overcast",Cloudy skies throughout the day with afternoon rain.,rain,obs
Meiktila,9/26/2020,29.5,71.5,100,22.3,1007.5,89.6,6.6,6,"Rain, Partially cloudy",Partly cloudy throughout the day with afternoon rain.,rain,obs
Meiktila,9/27/2020,29.9,68.1,0,18,1007.4,89.7,6.8,6,Partially cloudy,Partly cloudy throughout the day.,partly-cloudy-day,obs
Meiktila,9/28/2020,30.9,67.9,0,9.7,1006.1,79.3,6.8,7,Partially cloudy,Partly cloudy throughout the day.,partly-cloudy-day,obs
Meiktila,9/29/2020,29.7,75.2,100,8.3,1005.4,80.1,6.2,7,"Rain, Partially cloudy",Partly cloudy throughout the day with rain.,rain,obs
Meiktila,9/30/2020,29.6,74.9,100,11.5,1005.5,85.1,6.4,7,"Rain, Partially cloudy",Partly cloudy throughout the day with morning rain.,rain,obs
Meiktila,10/1/2020,29.5,72.5,0,12.6,1005.4,80.3,6.6,7,Partially cloudy,Partly cloudy throughout the day.,partly-cloudy-day,obs
Meiktila,10/2/2020,29.9,70.9,0,13.7,1006.3,76.6,6.4,7,Partially cloudy,Partly cloudy throughout the day.,partly-cloudy-day,obs
Meiktila,10/3/2020,30.5,69.1,0,10.4,1006.8,90.8,6.6,7,Overcast,Cloudy skies throughout the day.,cloudy,obs
Meiktila,10/4/2020,29.6,74.3,100,13.7,1007.6,91.3,6.4,7,"Rain, Overcast",Cloudy skies throughout the day with late afternoon rain.,rain,obs
Meiktila,10/5/2020,29.3,72.6,0,16.9,1008,91,6.6,6,Overcast,Cloudy skies throughout the day.,cloudy,obs
Meiktila,10/6/2020,29.9,70,100,14.8,1008.7,85.8,6.4,7,"Rain, Partially cloudy",Partly cloudy throughout the day with afternoon rain.,rain,obs
Meiktila,10/7/2020,30.9,67.9,0,9.4,1009.1,70.2,6.6,7,Partially cloudy,Partly cloudy throughout the day.,partly-cloudy-day,obs
Meiktila,10/8/2020,31.9,64,0,13.3,1008,43.5,6.4,8,Partially cloudy,Partly cloudy throughout the day.,partly-cloudy-day,obs
Meiktila,10/9/2020,32,63.4,0,8.6,1007.6,48.2,6.4,9,Partially cloudy,Partly cloudy throughout the day.,partly-cloudy-day,obs
Meiktila,10/10/2020,32.1,60.3,0,8.6,1007.1,25,6.4,9,Partially cloudy,Partly cloudy throughout the day.,partly-cloudy-day,obs
Meiktila,10/11/2020,32.1,59.8,100,7.6,1006,33.4,6.8,8,"Rain, Partially cloudy",Partly cloudy throughout the day with afternoon rain.,rain,obs
Meiktila,10/12/2020,32,61.7,100,9.4,1005.1,26.6,6.6,8,"Rain, Partially cloudy",Partly cloudy throughout the day with afternoon rain.,rain,obs
Meiktila,10/13/2020,31.7,63.1,100,12.2,1005.9,25.6,6.6,8,"Rain, Partially cloudy",Partly cloudy throughout the day with afternoon rain.,rain,obs
Meiktila,10/14/2020,31.3,64.4,100,11.2,1006.8,30.3,6.2,8,"Rain, Partially cloudy",Partly cloudy throughout the day with afternoon rain.,rain,obs
Meiktila,10/15/2020,31.8,63,0,9,1005.6,50.6,6.6,8,Partially cloudy,Partly cloudy throughout the day.,partly-cloudy-day,obs
Meiktila,10/16/2020,31.1,66.4,100,10.1,1005.8,64.7,6.4,7,"Rain, Partially cloudy",Partly cloudy throughout the day with early morning rain.,rain,obs
Meiktila,10/17/2020,30.5,66,100,11.2,1006.8,77.7,6.2,5,"Rain, Partially cloudy",Partly cloudy throughout the day with afternoon rain.,rain,obs
Meiktila,10/18/2020,29.7,72.4,100,6.8,1007.3,94.5,6.4,3,"Rain, Overcast",Cloudy skies throughout the day with rain in the morning and afternoon.,rain,obs
Meiktila,10/19/2020,30.6,63.1,100,7.9,1006.8,88,6.6,7,"Rain, Partially cloudy",Partly cloudy throughout the day with afternoon rain.,rain,obs
Meiktila,10/20/2020,29.9,66.6,100,8.3,1008.6,86.4,6.8,7,"Rain, Partially cloudy",Partly cloudy throughout the day with afternoon rain.,rain,obs
Meiktila,10/21/2020,29.6,67.6,100,5.4,1010,89.7,6.6,4,"Rain, Partially cloudy",Partly cloudy throughout the day with afternoon rain.,rain,obs
Meiktila,10/22/2020,28.9,73.6,100,6.1,1008.9,93.4,6.2,7,"Rain, Overcast",Cloudy skies throughout the day with rain.,rain,obs
Meiktila,10/23/2020,28.7,74.3,100,13.7,1008.6,87,6.4,6,"Rain, Partially cloudy",Partly cloudy throughout the day with a chance of rain throughout the day.,rain,obs
Meiktila,10/24/2020,28.7,72.1,0,20.2,1009.5,94.4,6.6,7,Overcast,Cloudy skies throughout the day.,cloudy,obs
Meiktila,10/25/2020,29.7,68.9,0,10.8,1010.7,67.3,6.4,7,Partially cloudy,Partly cloudy throughout the day.,partly-cloudy-day,obs
Meiktila,10/26/2020,29.8,68.2,0,10.4,1010.1,51.4,6,6,Partially cloudy,Partly cloudy throughout the day.,partly-cloudy-day,obs
Meiktila,10/27/2020,29.7,68.8,100,8.3,1008.9,56.7,6.4,8,"Rain, Partially cloudy",Partly cloudy throughout the day with late afternoon rain.,rain,obs
Meiktila,10/28/2020,29.4,70.7,100,7.2,1009.8,83.5,6.2,7,"Rain, Partially cloudy",Partly cloudy throughout the day with rain.,rain,obs
Meiktila,10/29/2020,30.2,68.3,100,14,1008.9,78.1,6.4,7,"Rain, Partially cloudy",Partly cloudy throughout the day with afternoon rain.,rain,obs
Meiktila,10/30/2020,28.9,75.5,100,10.4,1009.1,82.9,5.8,5,"Rain, Partially cloudy",Partly cloudy throughout the day with rain.,rain,obs
Meiktila,10/31/2020,28.3,76.7,100,6.1,1011.5,79.7,6.2,5,"Rain, Partially cloudy",Partly cloudy throughout the day with rain.,rain,obs
Meiktila,11/1/2020,27.8,81.1,100,7.2,1012.4,88.6,5.8,6,"Rain, Partially cloudy",Partly cloudy throughout the day with rain.,rain,obs
Meiktila,11/2/2020,27.2,85.1,100,6.1,1012.5,96,5.6,4,"Rain, Overcast",Cloudy skies throughout the day with a chance of rain throughout the day.,rain,obs
Meiktila,11/3/2020,28.9,74.5,100,6.1,1012.1,60,5.8,7,"Rain, Partially cloudy",Partly cloudy throughout the day with a chance of rain throughout the day.,rain,obs
Meiktila,11/4/2020,28.2,79.7,100,12.6,1011.5,58,6,7,"Rain, Partially cloudy",Partly cloudy throughout the day with rain.,rain,obs
Meiktila,11/5/2020,27.3,76.7,100,11.5,1012.4,36.3,6,7,"Rain, Partially cloudy",Partly cloudy throughout the day with a chance of rain throughout the day.,rain,obs
Meiktila,11/6/2020,27.9,75.6,0,12.6,1013.4,11.2,5.8,7,Clear,Clear conditions throughout the day.,clear-day,obs
Meiktila,11/7/2020,27.5,74.7,0,10.8,1014.1,15.6,5.6,7,Clear,Clear conditions throughout the day.,clear-day,obs
Meiktila,11/8/2020,27.4,74.9,100,11.5,1014.5,15.2,5.8,7,Rain,Clear conditions throughout the day with afternoon rain.,rain,obs
Meiktila,11/9/2020,27.2,74.3,0,10.8,1013.7,21.1,6.4,8,Partially cloudy,Partly cloudy throughout the day.,partly-cloudy-day,obs
Meiktila,11/10/2020,27.4,73.2,0,12.2,1013.1,19.5,6.6,8,Clear,Clear conditions throughout the day.,clear-day,obs
Meiktila,11/11/2020,27.4,71.3,0,11.9,1014.3,13.1,6.8,8,Clear,Clear conditions throughout the day.,clear-day,obs
Meiktila,11/12/2020,27.4,66.6,0,10.1,1014.6,2.8,6.4,8,Clear,Clear conditions throughout the day.,clear-day,obs
Meiktila,11/13/2020,27.1,69.1,0,11.5,1013.6,2.2,7,8,Clear,Clear conditions throughout the day.,clear-day,obs
Meiktila,11/14/2020,27,71.7,0,11.9,1012.7,5.3,5.6,8,Clear,Clear conditions throughout the day.,clear-day,obs
Meiktila,11/15/2020,27.8,69.4,0,11.5,1012.8,6.8,6.8,8,Clear,Clear conditions throughout the day.,clear-day,obs
Meiktila,11/16/2020,27.1,69,0,12.2,1012.8,8.6,6.8,8,Clear,Clear conditions throughout the day.,clear-day,obs
Meiktila,11/17/2020,27.7,64.5,0,9.7,1011,2.9,6.4,8,Clear,Clear conditions throughout the day.,clear-day,obs
Meiktila,11/18/2020,27.6,63.8,0,7.6,1010.7,13.8,6.2,7,Clear,Clear conditions throughout the day.,clear-day,obs
Meiktila,11/19/2020,25.8,62,0,12.6,1011.3,2.9,6.8,8,Clear,Clear conditions throughout the day.,clear-day,obs
Meiktila,11/20/2020,24.7,58,0,11.2,1011.9,1.3,6.8,8,Clear,Clear conditions throughout the day.,clear-day,obs
Meiktila,11/21/2020,24.4,61.1,0,9.7,1012,11.2,6.8,8,Clear,Clear conditions throughout the day.,clear-day,obs
Meiktila,11/22/2020,25.6,55.9,0,7.9,1012.8,1.4,6,8,Clear,Clear conditions throughout the day.,clear-day,obs
Meiktila,11/23/2020,25.4,61.1,0,8.3,1013.7,35.3,6.2,8,Partially cloudy,Partly cloudy throughout the day.,partly-cloudy-day,obs
Meiktila,11/24/2020,25,71.4,0,9,1013.9,53.9,5.8,7,Partially cloudy,Partly cloudy throughout the day.,partly-cloudy-day,obs
Meiktila,11/25/2020,25.2,68.1,0,13.3,1014.2,42.5,6.8,8,Partially cloudy,Becoming cloudy in the afternoon.,partly-cloudy-day,obs
Meiktila,11/26/2020,24.9,68.4,0,11.5,1014.8,10.2,6.4,8,Clear,Clear conditions throughout the day.,clear-day,obs
Meiktila,11/27/2020,24.8,64.5,0,12.6,1015.4,5.3,6.6,7,Clear,Clear conditions throughout the day.,clear-day,obs
Meiktila,11/28/2020,24.6,65.7,0,10.4,1015.3,2,6.8,7,Clear,Clear conditions throughout the day.,clear-day,obs
Meiktila,11/29/2020,25.1,64.2,0,11.9,1014.9,7,6.6,7,Clear,Clear conditions throughout the day.,clear-day,obs
Meiktila,11/30/2020,25.6,65.5,0,9,1014.6,2.4,6.4,7,Clear,Clear conditions throughout the day.,clear-day,obs
Meiktila,12/1/2020,25.7,68.9,0,9,1014.7,5.9,6.8,7,Clear,Clear conditions throughout the day.,clear-day,obs
Meiktila,12/2/2020,25.8,65.7,0,9,1013.4,20.4,6.6,7,Partially cloudy,Partly cloudy throughout the day.,partly-cloudy-day,obs
Meiktila,12/3/2020,25.1,69.2,0,9.4,1012.6,13.5,5.8,7,Clear,Clear conditions throughout the day.,clear-day,obs
Meiktila,12/4/2020,25,66.4,0,9.4,1011.8,8.2,6,7,Clear,Clear conditions throughout the day.,clear-day,obs
Meiktila,12/5/2020,25.1,64.8,0,10.8,1013,10.9,6,6,Clear,Clear conditions throughout the day.,clear-day,obs
Meiktila,12/6/2020,24.7,66.9,0,9.4,1014.1,9.6,6.2,7,Clear,Clear conditions throughout the day.,clear-day,obs
Meiktila,12/7/2020,23.6,67.2,0,7.6,1015,9.9,6,7,Clear,Clear conditions throughout the day.,clear-day,obs
Meiktila,12/8/2020,22.9,66.1,0,9.7,1015,6.4,6,7,Clear,Clear conditions throughout the day.,clear-day,obs
Meiktila,12/9/2020,22.9,64.2,0,7.9,1013.5,0.2,5.8,7,Clear,Clear conditions throughout the day.,clear-day,obs
Meiktila,12/10/2020,23.5,61.1,0,7.6,1012.7,0.8,5.4,7,Clear,Clear conditions throughout the day.,clear-day,obs
Meiktila,12/11/2020,23.4,64.8,0,9.7,1013.1,0,5.8,7,Clear,Clear conditions throughout the day.,clear-day,obs
Meiktila,12/12/2020,23.5,63.6,0,7.9,1012.1,0,5.8,7,Clear,Clear conditions throughout the day.,clear-day,obs
Meiktila,12/13/2020,22.9,66.9,0,9.7,1011,0,5.6,7,Clear,Clear conditions throughout the day.,clear-day,obs
Meiktila,12/14/2020,23.3,68.6,0,9.7,1011.7,0,5.8,7,Clear,Clear conditions throughout the day.,clear-day,obs
Meiktila,12/15/2020,24.3,69.8,0,9.4,1013.2,0.1,5.8,7,Clear,Clear conditions throughout the day.,clear-day,obs
Meiktila,12/16/2020,24.4,71.1,0,10.1,1014.1,0.3,5.8,7,Clear,Clear conditions throughout the day.,clear-day,obs
Meiktila,12/17/2020,24.6,68.8,0,8.6,1012.9,4.5,6.2,7,Clear,Clear conditions throughout the day.,clear-day,obs
Meiktila,12/18/2020,24.6,66.8,0,8.3,1012.9,2.5,6.2,7,Clear,Clear conditions throughout the day.,clear-day,obs
Meiktila,12/19/2020,23.5,67,0,9.4,1013.8,0.4,6,7,Clear,Clear conditions throughout the day.,clear-day,obs
Meiktila,12/20/2020,22.5,65.3,0,9,1014.9,2,6.2,7,Clear,Clear conditions throughout the day.,clear-day,obs
Meiktila,12/21/2020,22.3,64.7,0,9.4,1014.2,13.1,6.4,6,Clear,Clear conditions throughout the day.,clear-day,obs
Meiktila,12/22/2020,22.7,65,0,8.3,1013.5,13.6,8.6,7,Clear,Clear conditions throughout the day.,clear-day,obs
Meiktila,12/23/2020,22.1,66.2,0,9.4,1012.7,0.2,6.2,7,Clear,Clear conditions throughout the day.,clear-day,obs
Meiktila,12/24/2020,21.9,67.4,0,9.7,1012.7,1.6,6.2,7,Clear,Clear conditions throughout the day.,clear-day,obs
Meiktila,12/25/2020,21.9,68.9,0,7.6,1012.1,0,6.2,7,Clear,Clear conditions throughout the day.,clear-day,obs
Meiktila,12/26/2020,22.5,67.2,0,9.4,1012.9,3.8,5.6,7,Clear,Clear conditions throughout the day.,clear-day,obs
Meiktila,12/27/2020,21.9,69.5,0,9.7,1012.4,0,6.6,7,Clear,Clear conditions throughout the day.,clear-day,obs
Meiktila,12/28/2020,22,65.5,0,8.3,1012.1,0,6.6,8,Clear,Clear conditions throughout the day.,clear-day,obs
Meiktila,12/29/2020,21.5,66,0,10.4,1012.4,0,6.6,8,Clear,Clear conditions throughout the day.,clear-day,obs
Meiktila,12/30/2020,21.5,69.9,0,10.8,1013.5,18.1,6.6,8,Clear,Clear conditions throughout the day.,clear-day,obs
Meiktila,12/31/2020,21.7,69.9,0,9.7,1014,0.1,6.4,7,Clear,Clear conditions throughout the day.,clear-day,obs
name,datetime,temp,humidity,precipprob,windspeed,sealevelpressure,cloudcover,visibility,uvindex,conditions,description,icon,source
Meiktila,1/1/2021,22.6,70.3,0,9.4,1014.6,28.5,6.9,7,Partially cloudy,Partly cloudy throughout the day.,partly-cloudy-day,obs
Meiktila,1/2/2021,22.1,73.1,0,9.7,1014.1,26.1,6.6,7,Partially cloudy,Partly cloudy throughout the day.,partly-cloudy-day,obs
Meiktila,1/3/2021,22.3,70,0,10.1,1013.3,1,6.4,7,Clear,Clear conditions throughout the day.,clear-day,obs
Meiktila,1/4/2021,22.6,70.3,0,9.7,1014.1,0.1,6.4,7,Clear,Clear conditions throughout the day.,clear-day,obs
Meiktila,1/5/2021,22.6,69.5,0,9.7,1013.7,9,6.6,8,Clear,Clear conditions throughout the day.,clear-day,obs
Meiktila,1/6/2021,23.7,66.6,0,8.3,1011.7,4.9,6.4,8,Clear,Clear conditions throughout the day.,clear-day,obs
Meiktila,1/7/2021,24.5,64.2,0,7.6,1010.3,26.5,6.4,7,Partially cloudy,Partly cloudy throughout the day.,partly-cloudy-day,obs
Meiktila,1/8/2021,25.3,59.4,0,9.4,1010,1.6,6.6,7,Clear,Clear conditions throughout the day.,clear-day,obs
Meiktila,1/9/2021,26.3,66.8,0,10.8,1009.9,9.4,6.4,7,Clear,Clear conditions throughout the day.,clear-day,obs
Meiktila,1/10/2021,27.1,64.2,0,18,1009.8,8.4,6.4,7,Clear,Clear conditions throughout the day.,clear-day,obs
Meiktila,1/11/2021,26.4,62.8,0,15.1,1011.1,19.5,6.6,7,Clear,Clear conditions throughout the day.,clear-day,obs
Meiktila,1/12/2021,26,68.7,100,14,1011.8,33.8,5.8,7,"Rain, Partially cloudy",Partly cloudy throughout the day with rain.,rain,obs
Meiktila,1/13/2021,25.5,63.4,100,18,1012,30.3,6,7,"Rain, Partially cloudy",Partly cloudy throughout the day with early morning rain.,rain,obs
Meiktila,1/14/2021,24,62.3,100,11.2,1012.3,23.9,6,7,"Rain, Partially cloudy",Partly cloudy throughout the day with rain clearing later.,rain,obs
Meiktila,1/15/2021,22.9,60.4,0,9.4,1010.9,2.3,5.6,8,Clear,Clear conditions throughout the day.,clear-day,obs
Meiktila,1/16/2021,22.4,61.7,0,10.8,1010.2,0.2,5.8,8,Clear,Clear conditions throughout the day.,clear-day,obs
Meiktila,1/17/2021,23,59.9,0,8.6,1013.4,1.4,5.6,8,Clear,Clear conditions throughout the day.,clear-day,obs
Meiktila,1/18/2021,23,63.3,0,11.2,1013.8,10.9,5.4,8,Clear,Clear conditions throughout the day.,clear-day,obs
Meiktila,1/19/2021,24.4,62.2,0,22,1011.7,31.1,5.4,6,Partially cloudy,Partly cloudy throughout the day.,partly-cloudy-day,obs
Meiktila,1/20/2021,24.2,60.6,0,15.5,1011.8,5.1,5.6,8,Clear,Clear conditions throughout the day.,clear-day,obs
Meiktila,1/21/2021,24.2,58.2,0,14.4,1011.1,18.4,5.2,8,Clear,Clear conditions throughout the day.,clear-day,obs
Meiktila,1/22/2021,23.1,60.9,0,9,1012,7.8,5.4,8,Clear,Clear conditions throughout the day.,clear-day,obs
Meiktila,1/23/2021,22.2,65.5,0,9.7,1011.5,38.3,5.8,8,Partially cloudy,Partly cloudy throughout the day.,partly-cloudy-day,obs
Meiktila,1/24/2021,22.9,62.5,0,10.1,1012.1,32.8,5.4,8,Partially cloudy,Partly cloudy throughout the day.,partly-cloudy-day,obs
Meiktila,1/25/2021,23.2,60.7,0,7.2,1012.8,34.7,5.2,8,Partially cloudy,Partly cloudy throughout the day.,partly-cloudy-day,obs
Meiktila,1/26/2021,23.3,62.6,0,9,1012.1,19.1,5.2,8,Clear,Clear conditions throughout the day.,clear-day,obs
Meiktila,1/27/2021,23.7,62.8,0,9,1012.2,48.8,5.4,8,Partially cloudy,Partly cloudy throughout the day.,partly-cloudy-day,obs
Meiktila,1/28/2021,23.6,62.6,0,10.1,1013.4,31.1,5.2,8,Partially cloudy,Partly cloudy throughout the day.,partly-cloudy-day,obs
Meiktila,1/29/2021,23.8,61.8,0,9.7,1013,0.7,5.8,8,Clear,Clear conditions throughout the day.,clear-day,obs
Meiktila,1/30/2021,24.7,59.2,0,12.2,1011.5,25.8,5.8,8,Partially cloudy,Becoming cloudy in the afternoon.,partly-cloudy-day,obs
Meiktila,1/31/2021,25.1,57.1,0,15.8,1012.8,20,5.4,8,Clear,Partly cloudy throughout the day.,clear-day,obs
Meiktila,2/1/2021,23.5,49.6,0,10.8,1014.2,0.2,5,8,Clear,Clear conditions throughout the day.,clear-day,obs
Meiktila,2/2/2021,22.7,48.5,0,9,1014.3,0,5.4,8,Clear,Clear conditions throughout the day.,clear-day,obs
Meiktila,2/3/2021,22.7,48.6,0,10.1,1014.3,0,5.4,9,Clear,Clear conditions throughout the day.,clear-day,obs
Meiktila,2/4/2021,22.9,51.7,0,10.1,1014.5,0,5.2,9,Clear,Clear conditions throughout the day.,clear-day,obs
Meiktila,2/5/2021,24.1,53.4,0,8.6,1013.7,0.1,5.2,8,Clear,Clear conditions throughout the day.,clear-day,obs
Meiktila,2/6/2021,24.6,52.8,0,8.3,1012.3,33.8,6,7,Partially cloudy,Partly cloudy throughout the day.,partly-cloudy-day,obs
Meiktila,2/7/2021,25,60.7,100,9,1011.7,46.8,5,8,"Rain, Partially cloudy",Partly cloudy throughout the day with rain.,rain,obs
Meiktila,2/8/2021,23.6,58.8,100,10.1,1011.8,16.9,5.2,8,Rain,Clear conditions throughout the day with early morning rain.,rain,obs
Meiktila,2/9/2021,22.2,53.9,0,13.7,1013,0.1,5.3,8,Clear,Clear conditions throughout the day.,clear-day,obs
Meiktila,2/10/2021,23.4,49.5,0,10.1,1012,0,5.3,9,Clear,Clear conditions throughout the day.,clear-day,obs
Meiktila,2/11/2021,24,49.9,0,10.8,1011.4,0,5,9,Clear,Clear conditions throughout the day.,clear-day,obs
Meiktila,2/12/2021,24.8,50.4,0,10.8,1011.8,57.8,,9,Partially cloudy,Partly cloudy throughout the day.,partly-cloudy-day,obs
Meiktila,2/13/2021,24.8,54.4,0,10.1,1012.2,25.2,6,9,Partially cloudy,Partly cloudy throughout the day.,partly-cloudy-day,obs
Meiktila,2/14/2021,24.9,52.1,0,13,1011.9,0,5.4,9,Clear,Clear conditions throughout the day.,clear-day,obs
Meiktila,2/15/2021,25.4,45.4,0,12.6,1010.7,4,5,9,Clear,Clear conditions throughout the day.,clear-day,obs
Meiktila,2/16/2021,24.9,48.9,0,10.1,1010.5,0.1,5.3,9,Clear,Clear conditions throughout the day.,clear-day,obs
Meiktila,2/17/2021,26.5,43.6,0,10.1,1011.7,0,5.5,9,Clear,Clear conditions throughout the day.,clear-day,obs
Meiktila,2/18/2021,27.7,45.9,0,9.4,1013.6,19,5,7,Clear,Clear conditions throughout the day.,clear-day,obs
Meiktila,2/19/2021,28.1,56.5,100,14.4,1015.3,65.5,5.3,7,"Rain, Partially cloudy",Partly cloudy throughout the day with late afternoon rain.,rain,obs
Meiktila,2/20/2021,26.7,65.2,100,9.7,1015.2,92.8,,5,"Rain, Overcast",Cloudy skies throughout the day with rain.,rain,obs
Meiktila,2/21/2021,26.8,60.6,100,16.2,1014.2,34.1,5,8,"Rain, Partially cloudy",Partly cloudy throughout the day with early morning rain.,rain,obs
Meiktila,2/22/2021,27.1,45.9,0,8.6,1012.2,0.7,5.5,9,Clear,Clear conditions throughout the day.,clear-day,obs
Meiktila,2/23/2021,28.7,46.6,0,10.1,1010,5,5.8,9,Clear,Clear conditions throughout the day.,clear-day,obs
Meiktila,2/24/2021,29.1,42.8,0,15.5,1008,0.5,5,9,Clear,Clear conditions throughout the day.,clear-day,obs
Meiktila,2/25/2021,28.4,40,0,14,1007.5,2.4,5.8,9,Clear,Clear conditions throughout the day.,clear-day,obs
Meiktila,2/26/2021,27.8,42.5,0,12.2,1006.8,2,5.8,9,Clear,Clear conditions throughout the day.,clear-day,obs
Meiktila,2/27/2021,27.5,42.5,0,12.2,1007,7.8,5,9,Clear,Clear conditions throughout the day.,clear-day,obs
Meiktila,2/28/2021,28,37.7,0,12.2,1008.1,1.1,5,9,Clear,Clear conditions throughout the day.,clear-day,obs
Meiktila,3/1/2021,28.5,37,0,9.7,1011.1,2.3,5.2,9,Clear,Clear conditions throughout the day.,clear-day,obs
Meiktila,3/2/2021,28.8,36.5,0,13.3,1011.1,2.7,5.8,9,Clear,Clear conditions throughout the day.,clear-day,obs
Meiktila,3/3/2021,29.2,31.3,0,10.8,1010.2,0,5,9,Clear,Clear conditions throughout the day.,clear-day,obs
Meiktila,3/4/2021,28.9,29.1,0,15.8,1010.6,0,5,9,Clear,Clear conditions throughout the day.,clear-day,obs
Meiktila,3/5/2021,29.2,26.1,0,13.3,1011.2,0.4,6.5,10,Clear,Clear conditions throughout the day.,clear-day,obs
Meiktila,3/6/2021,29,29.5,0,13.3,1011.7,0,5,10,Clear,Clear conditions throughout the day.,clear-day,obs
Meiktila,3/7/2021,28.1,30,0,9,1011.7,0,5.3,10,Clear,Clear conditions throughout the day.,clear-day,obs
Meiktila,3/8/2021,27.7,34.4,0,9.7,1011.6,0.2,6,10,Clear,Clear conditions throughout the day.,clear-day,obs
Meiktila,3/9/2021,28.4,35.4,0,9.4,1011.5,0.8,5,10,Clear,Clear conditions throughout the day.,clear-day,obs
Meiktila,3/10/2021,29,36.7,0,9.4,1011.8,7.3,5.4,10,Clear,Clear conditions throughout the day.,clear-day,obs
Meiktila,3/11/2021,29.4,37,0,9.7,1012,6.4,5.3,10,Clear,Clear conditions throughout the day.,clear-day,obs
Meiktila,3/12/2021,29.9,37.3,0,11.5,1012.9,1.2,5,10,Clear,Clear conditions throughout the day.,clear-day,obs
Meiktila,3/13/2021,30.5,33.3,0,9,1011.4,0.1,5.3,10,Clear,Clear conditions throughout the day.,clear-day,obs
Meiktila,3/14/2021,30.4,39.4,0,11.9,1008.7,7.5,5.3,10,Clear,Clear conditions throughout the day.,clear-day,obs
Meiktila,3/15/2021,30.5,42.6,0,13.3,1008.1,3.1,5,10,Clear,Clear conditions throughout the day.,clear-day,obs
Meiktila,3/16/2021,29.9,41.1,0,9.7,1008.1,0,5.2,10,Clear,Clear conditions throughout the day.,clear-day,obs
Meiktila,3/17/2021,30.3,40.8,0,11.9,1007.8,0,5.6,10,Clear,Clear conditions throughout the day.,clear-day,obs
Meiktila,3/18/2021,30.9,37.2,0,10.8,1007.6,19.7,5,10,Clear,Clear conditions throughout the day.,clear-day,obs
Meiktila,3/19/2021,30.8,36.9,0,12.2,1006.8,22.5,5.3,10,Partially cloudy,Becoming cloudy in the afternoon.,partly-cloudy-day,obs
Meiktila,3/20/2021,31,35.8,0,13.3,1005.2,28.4,5.8,10,Partially cloudy,Partly cloudy throughout the day.,partly-cloudy-day,obs
Meiktila,3/21/2021,32.3,33.5,0,13.3,1005.9,23.5,5.5,10,Partially cloudy,Partly cloudy throughout the day.,partly-cloudy-day,obs
Meiktila,3/22/2021,31.7,34.9,0,9,1008.2,4.5,5,10,Clear,Clear conditions throughout the day.,clear-day,obs
Meiktila,3/23/2021,33,40.9,0,18.4,1009.6,9.8,5.4,10,Clear,Clear conditions throughout the day.,clear-day,obs
Meiktila,3/24/2021,33,43.4,0,14.4,1008.4,7.1,5,9,Clear,Clear conditions throughout the day.,clear-day,obs
Meiktila,3/25/2021,32.6,41.3,0,10.4,1007.6,11.6,5,9,Clear,Clear conditions throughout the day.,clear-day,obs
Meiktila,3/26/2021,32.6,38.7,0,13,1007.6,25.2,5.8,9,Partially cloudy,Partly cloudy throughout the day.,partly-cloudy-day,obs
Meiktila,3/27/2021,31.4,45.5,0,7.9,1007.2,12.7,5,9,Clear,Clear conditions throughout the day.,clear-day,obs
Meiktila,3/28/2021,32,43.8,0,12.2,1006,34.8,5,9,Partially cloudy,Partly cloudy throughout the day.,partly-cloudy-day,obs
Meiktila,3/29/2021,31.3,44.6,0,14,1005.8,76,5,7,Partially cloudy,Partly cloudy throughout the day.,partly-cloudy-day,obs
Meiktila,3/30/2021,31.9,38.1,0,17.6,1003.4,10.6,5,10,Clear,Clear conditions throughout the day.,clear-day,obs
Meiktila,3/31/2021,32.5,39.5,0,21.6,1002.7,12.8,4.8,10,Clear,Clear conditions throughout the day.,clear-day,obs
Meiktila,4/1/2021,32.6,37.5,0,20.9,1003.7,7.3,5,10,Clear,Clear conditions throughout the day.,clear-day,obs
Meiktila,4/2/2021,32.8,38.3,0,13.3,1005.2,3.5,5.3,10,Clear,Clear conditions throughout the day.,clear-day,obs
Meiktila,4/3/2021,32.5,37.7,0,11.9,1005.6,59.7,5.3,9,Partially cloudy,Partly cloudy throughout the day.,partly-cloudy-day,obs
Meiktila,4/4/2021,29.7,52.5,100,15.5,1008.6,94.8,5,5,"Rain, Overcast",Cloudy skies throughout the day with rain.,rain,obs
Meiktila,4/5/2021,27,53.9,100,13.3,1011.1,91.7,5,5,"Rain, Overcast",Cloudy skies throughout the day with late afternoon rain.,rain,obs
Meiktila,4/6/2021,26.5,63,100,15.5,1011.7,50.1,5.8,9,"Rain, Partially cloudy",Clearing in the afternoon with rain clearing later.,rain,obs
Meiktila,4/7/2021,28.9,60.5,100,12.2,1011.4,29.2,6.5,9,"Rain, Partially cloudy",Partly cloudy throughout the day with afternoon rain.,rain,obs
Meiktila,4/8/2021,31.6,53.6,0,17.3,1008.8,20.5,5.4,9,Partially cloudy,Partly cloudy throughout the day.,partly-cloudy-day,obs
Meiktila,4/9/2021,33.1,46.4,0,11.5,1008.1,19.4,6,9,Clear,Clear conditions throughout the day.,clear-day,obs
Meiktila,4/10/2021,34.1,43,0,14,1008.9,16.6,5.5,9,Clear,Clear conditions throughout the day.,clear-day,obs
Meiktila,4/11/2021,34.1,43,0,18,1009.7,26.3,5.8,9,Partially cloudy,Partly cloudy throughout the day.,partly-cloudy-day,obs
Meiktila,4/12/2021,34.3,42.8,100,16.2,1010.1,31.6,5.8,9,"Rain, Partially cloudy",Partly cloudy throughout the day with late afternoon rain.,rain,obs
Meiktila,4/13/2021,34,43.9,0,16.6,1009.6,42,6,10,Partially cloudy,Partly cloudy throughout the day.,partly-cloudy-day,obs
Meiktila,4/14/2021,32.3,47.5,100,12.2,1008.7,60.6,5.5,10,"Rain, Partially cloudy",Partly cloudy throughout the day with rain.,rain,obs
Meiktila,4/15/2021,32.8,49.2,100,14.4,1007.8,44.9,6.5,9,"Rain, Partially cloudy",Partly cloudy throughout the day with late afternoon rain.,rain,obs
Meiktila,4/16/2021,30.4,58.7,100,14.8,1008.6,82.8,5,7,"Rain, Partially cloudy",Partly cloudy throughout the day with rain.,rain,obs
Meiktila,4/17/2021,27.4,70.9,100,7.9,1011.1,70.2,5.8,8,"Rain, Partially cloudy",Partly cloudy throughout the day with a chance of rain throughout the day.,rain,obs
Meiktila,4/18/2021,29.6,59.1,0,8.3,1010,7.7,6,10,Clear,Clear conditions throughout the day.,clear-day,obs
Meiktila,4/19/2021,31.2,56.2,0,18.4,1007.3,19,6.8,10,Clear,Clear conditions throughout the day.,clear-day,obs
Meiktila,4/20/2021,31.9,52,0,15.5,1007.2,18,5.5,8,Clear,Clear conditions throughout the day.,clear-day,obs
Meiktila,4/21/2021,33.1,47.2,0,12.2,1007.7,18.4,6,9,Clear,Clear conditions throughout the day.,clear-day,obs
Meiktila,4/22/2021,34.4,47,0,14,1007,22.9,5,9,Partially cloudy,Partly cloudy throughout the day.,partly-cloudy-day,obs
Meiktila,4/23/2021,34.9,47.3,0,15.5,1005.3,24.8,5.3,9,Partially cloudy,Partly cloudy throughout the day.,partly-cloudy-day,obs
Meiktila,4/24/2021,35.1,50.4,0,14.8,1005,35.5,6,9,Partially cloudy,Partly cloudy throughout the day.,partly-cloudy-day,obs
Meiktila,4/25/2021,34.7,55.2,100,20.2,1005.8,29.2,5,8,"Rain, Partially cloudy",Partly cloudy throughout the day with rain.,rain,obs
Meiktila,4/26/2021,33.6,56,100,19.8,1006.3,19.6,5.3,9,Rain,Clear conditions throughout the day with rain.,rain,obs
Meiktila,4/27/2021,31.9,62.3,100,17.6,1007.7,34.3,5,9,"Rain, Partially cloudy",Partly cloudy throughout the day with late afternoon rain.,rain,obs
Meiktila,4/28/2021,31,61.7,100,15.1,1009.6,44.5,5.4,9,"Rain, Partially cloudy",Partly cloudy throughout the day with rain.,rain,obs
Meiktila,4/29/2021,28.9,68.6,100,10.4,1010,41.2,5.2,9,"Rain, Partially cloudy",Partly cloudy throughout the day with rain.,rain,obs
Meiktila,4/30/2021,30.2,66.9,100,13.7,1009,39.9,6.4,8,"Rain, Partially cloudy",Partly cloudy throughout the day with a chance of rain throughout the day.,rain,obs
Meiktila,5/1/2021,28.8,71.8,100,14,1009.8,39.2,5.8,8,"Rain, Partially cloudy",Partly cloudy throughout the day with a chance of rain throughout the day.,rain,obs
Meiktila,5/2/2021,30.2,66.5,100,13,1009.5,30.3,6,9,"Rain, Partially cloudy",Partly cloudy throughout the day with rain.,rain,obs
Meiktila,5/3/2021,31.4,60.6,0,13,1007.5,22.8,6,9,Partially cloudy,Partly cloudy throughout the day.,partly-cloudy-day,obs
Meiktila,5/4/2021,32,55.9,100,14.4,1007.5,23.3,6,10,"Rain, Partially cloudy",Partly cloudy throughout the day with late afternoon rain.,rain,obs
Meiktila,5/5/2021,31.2,58.4,0,7.9,1008.1,22.9,6,10,Partially cloudy,Partly cloudy throughout the day.,partly-cloudy-day,obs
Meiktila,5/6/2021,30.5,62.8,100,19.8,1009.8,33.1,6,10,"Rain, Partially cloudy",Partly cloudy throughout the day with rain.,rain,obs
Meiktila,5/7/2021,30.1,64.3,0,11.2,1011.2,19.5,6.4,10,Clear,Clear conditions throughout the day.,clear-day,obs
Meiktila,5/8/2021,30.8,62.8,100,8.6,1009.3,33.1,6,10,"Rain, Partially cloudy",Partly cloudy throughout the day with rain.,rain,obs
Meiktila,5/9/2021,31.4,61,100,14.8,1007.8,29.7,6,9,"Rain, Partially cloudy",Partly cloudy throughout the day with rain clearing later.,rain,obs
Meiktila,5/10/2021,31.4,61.6,100,16.6,1006.8,30,6.2,9,"Rain, Partially cloudy",Becoming cloudy in the afternoon with late afternoon rain.,rain,obs
Meiktila,5/11/2021,32.4,56.7,0,14.4,1005.8,35.4,6,9,Partially cloudy,Partly cloudy throughout the day.,partly-cloudy-day,obs
Meiktila,5/12/2021,30.9,64,100,19.1,1005,54,6.4,9,"Rain, Partially cloudy",Partly cloudy throughout the day with rain.,rain,obs
Meiktila,5/13/2021,29.2,73.5,100,8.6,1005.6,52.7,6.4,9,"Rain, Partially cloudy",Partly cloudy throughout the day with rain.,rain,obs
Meiktila,5/14/2021,31.2,62.7,100,18.4,1004.4,35.1,6,9,"Rain, Partially cloudy",Partly cloudy throughout the day with late afternoon rain.,rain,obs
Meiktila,5/15/2021,31.8,59.8,0,16.2,1005.5,17,6,9,Clear,Clear conditions throughout the day.,clear-day,obs
Meiktila,5/16/2021,32.7,58,100,9,1006.1,26.5,6.4,9,"Rain, Partially cloudy",Partly cloudy throughout the day with late afternoon rain.,rain,obs
Meiktila,5/17/2021,33.6,58.9,100,10.8,1005.5,34.4,6,8,"Rain, Partially cloudy",Partly cloudy throughout the day with late afternoon rain.,rain,obs
Meiktila,5/18/2021,34.4,55.3,100,17.6,1005.4,74.5,6,9,"Rain, Partially cloudy",Partly cloudy throughout the day with late afternoon rain.,rain,obs
Meiktila,5/19/2021,34.6,54.8,0,20.5,1004.9,86.2,7,10,Partially cloudy,Partly cloudy throughout the day.,partly-cloudy-day,obs
Meiktila,5/20/2021,35,53.1,0,22.3,1004.5,75.7,6,10,Partially cloudy,Partly cloudy throughout the day.,partly-cloudy-day,obs
Meiktila,5/21/2021,35.2,52.1,0,20.2,1004.3,40.7,6,10,Partially cloudy,Partly cloudy throughout the day.,partly-cloudy-day,obs
Meiktila,5/22/2021,34.5,57,100,20.2,1003.4,45.1,6.6,9,"Rain, Partially cloudy",Partly cloudy throughout the day with late afternoon rain.,rain,obs
Meiktila,5/23/2021,33.7,56.6,100,22.3,1003.5,67.2,6,8,"Rain, Partially cloudy",Partly cloudy throughout the day with afternoon rain.,rain,obs
Meiktila,5/24/2021,33.3,54.1,0,20.5,1004.8,56.5,6.4,8,Partially cloudy,Partly cloudy throughout the day.,partly-cloudy-day,obs
Meiktila,5/25/2021,32.4,55.9,100,22.7,1004,69.6,6,6,"Rain, Partially cloudy",Partly cloudy throughout the day with late afternoon rain.,rain,obs
Meiktila,5/26/2021,30.2,69.4,100,26.6,1004.1,83.8,6,6,"Rain, Partially cloudy",Partly cloudy throughout the day with a chance of rain throughout the day.,rain,obs
Meiktila,5/27/2021,32.3,56.9,0,17.6,1005.9,50.8,6,9,Partially cloudy,Partly cloudy throughout the day.,partly-cloudy-day,obs
Meiktila,5/28/2021,33.4,54,0,14,1006.6,55.8,6.4,8,Partially cloudy,Partly cloudy throughout the day.,partly-cloudy-day,obs
Meiktila,5/29/2021,32.8,59.8,0,18,1006,73.1,6,8,Partially cloudy,Partly cloudy throughout the day.,partly-cloudy-day,obs
Meiktila,5/30/2021,31.3,66.6,100,17.3,1005.3,84.7,6,7,"Rain, Partially cloudy",Partly cloudy throughout the day with rain.,rain,obs
Meiktila,5/31/2021,31.3,65.7,100,20.9,1004.7,80.4,5.8,6,"Rain, Partially cloudy",Partly cloudy throughout the day with a chance of rain throughout the day.,rain,obs
Meiktila,6/1/2021,32,64.2,100,20.9,1005,71.4,6.2,9,"Rain, Partially cloudy",Partly cloudy throughout the day with late afternoon rain.,rain,obs
Meiktila,6/2/2021,33.2,59.3,100,20.2,1005.2,42.2,6.4,9,"Rain, Partially cloudy",Partly cloudy throughout the day with late afternoon rain.,rain,obs
Meiktila,6/3/2021,34.2,54.1,100,18.4,1005.5,48.4,6,9,"Rain, Partially cloudy",Partly cloudy throughout the day with late afternoon rain.,rain,obs
Meiktila,6/4/2021,32.6,61.4,100,19.1,1006.3,60.1,6.3,9,"Rain, Partially cloudy",Partly cloudy throughout the day with late afternoon rain.,rain,obs
Meiktila,6/5/2021,30.6,69.2,100,18.4,1006.6,94.9,,6,"Rain, Overcast",Cloudy skies throughout the day with a chance of rain throughout the day.,rain,obs
Meiktila,6/6/2021,30.8,71.1,100,20.2,1005.7,85.5,6,8,"Rain, Partially cloudy",Partly cloudy throughout the day with a chance of rain throughout the day.,rain,obs
Meiktila,6/7/2021,31.7,66.7,0,17.3,1004.1,93.5,6,8,Overcast,Cloudy skies throughout the day.,cloudy,obs
Meiktila,6/8/2021,31.3,65.5,100,18,1003.2,90.5,6.6,8,"Rain, Overcast",Cloudy skies throughout the day with late afternoon rain.,rain,obs
Meiktila,6/9/2021,29.5,74.4,100,17.6,1002.7,92.9,6,5,"Rain, Overcast",Cloudy skies throughout the day with a chance of rain throughout the day.,rain,obs
Meiktila,6/10/2021,28,79.6,100,23,1002.2,98.6,5.8,4,"Rain, Overcast",Cloudy skies throughout the day with a chance of rain throughout the day.,rain,obs
Meiktila,6/11/2021,28.8,74,100,24.8,1002.2,96.5,6.6,7,"Rain, Overcast",Cloudy skies throughout the day with a chance of rain throughout the day.,rain,obs
Meiktila,6/12/2021,29.8,66.1,100,22.3,1003.8,89,6,8,"Rain, Partially cloudy",Partly cloudy throughout the day with afternoon rain.,rain,obs
Meiktila,6/13/2021,29.6,69.7,100,22.7,1003.9,89.2,6.4,6,"Rain, Partially cloudy",Partly cloudy throughout the day with rain.,rain,obs
Meiktila,6/14/2021,28.8,73.5,100,25.2,1003.2,96.2,6.4,6,"Rain, Overcast",Cloudy skies throughout the day with afternoon rain.,rain,obs
Meiktila,6/15/2021,29,74.3,100,26.6,1002.3,86.9,6.6,7,"Rain, Partially cloudy",Partly cloudy throughout the day with a chance of rain throughout the day.,rain,obs
Meiktila,6/16/2021,28.4,75.7,100,25.9,1003.7,91.6,6.4,5,"Rain, Overcast",Cloudy skies throughout the day with rain.,rain,obs
Meiktila,6/17/2021,28,77.4,100,26.6,1006.1,91,6.4,7,"Rain, Overcast",Cloudy skies throughout the day with a chance of rain throughout the day.,rain,obs
Meiktila,6/18/2021,28.5,72.6,100,25.2,1008.3,74.5,6.6,8,"Rain, Partially cloudy",Partly cloudy throughout the day with rain.,rain,obs
Meiktila,6/19/2021,27.6,76,100,27,1008.4,68.7,6,6,"Rain, Partially cloudy",Partly cloudy throughout the day with rain.,rain,obs
Meiktila,6/20/2021,28.2,74.7,100,26.3,1007,65.4,5.6,7,"Rain, Partially cloudy",Partly cloudy throughout the day with a chance of rain throughout the day.,rain,obs
Meiktila,6/21/2021,29.4,71.7,100,23.4,1004.8,62.7,6.2,7,"Rain, Partially cloudy",Partly cloudy throughout the day with rain.,rain,obs
Meiktila,6/22/2021,30.2,68,100,24.8,1005.7,85.8,6.4,8,"Rain, Partially cloudy",Partly cloudy throughout the day with rain in the morning and afternoon.,rain,obs
Meiktila,6/23/2021,29.5,72.5,100,23,1006.7,93.8,6.4,8,"Rain, Overcast",Cloudy skies throughout the day with rain.,rain,obs
Meiktila,6/24/2021,29.2,72.2,100,25.9,1006,92.4,6.6,7,"Rain, Overcast",Cloudy skies throughout the day with rain.,rain,obs
Meiktila,6/25/2021,30.1,67.2,100,22.7,1004.5,85.1,6.4,6,"Rain, Partially cloudy",Partly cloudy throughout the day with afternoon rain.,rain,obs
Meiktila,6/26/2021,30.7,64.8,100,21.2,1005.5,82.2,6.4,8,"Rain, Partially cloudy",Partly cloudy throughout the day with rain.,rain,obs
Meiktila,6/27/2021,30.4,69.3,100,21.2,1007.8,95.5,5.8,6,"Rain, Overcast",Cloudy skies throughout the day with a chance of rain throughout the day.,rain,obs
Meiktila,6/28/2021,30.2,71.5,100,25.2,1007.1,98.3,6,6,"Rain, Overcast",Cloudy skies throughout the day with rain in the morning and afternoon.,rain,obs
Meiktila,6/29/2021,29.8,71.9,100,22.7,1005.5,95.6,6.4,7,"Rain, Overcast",Cloudy skies throughout the day with a chance of rain throughout the day.,rain,obs
Meiktila,6/30/2021,28.8,75.9,100,24.5,1004.9,98.2,5.6,4,"Rain, Overcast",Cloudy skies throughout the day with rain.,rain,obs
Meiktila,7/1/2021,28.2,78.9,100,28.8,1004.6,95.9,5.6,7,"Rain, Overcast",Cloudy skies throughout the day with a chance of rain throughout the day.,rain,obs
Meiktila,7/2/2021,27.9,80.6,100,30.2,1005.4,91.7,6.4,7,"Rain, Overcast",Cloudy skies throughout the day with a chance of rain throughout the day.,rain,obs
Meiktila,7/3/2021,28.1,78.6,100,24.5,1006.4,94.5,6,5,"Rain, Overcast",Cloudy skies throughout the day with a chance of rain throughout the day.,rain,obs
Meiktila,7/4/2021,30.1,70.2,100,21.6,1006,73.7,6,8,"Rain, Partially cloudy",Partly cloudy throughout the day with rain in the morning and afternoon.,rain,obs
Meiktila,7/5/2021,31.3,64.8,0,17.6,1005.2,90.6,6.4,6,Overcast,Cloudy skies throughout the day.,cloudy,obs
Meiktila,7/6/2021,30.4,70.6,100,17.3,1003.5,92.4,6.4,8,"Rain, Overcast",Cloudy skies throughout the day with rain.,rain,obs
Meiktila,7/7/2021,29.2,77.5,100,17.6,1004.6,88.8,6,6,"Rain, Partially cloudy",Partly cloudy throughout the day with a chance of rain throughout the day.,rain,obs
Meiktila,7/8/2021,29.5,73.5,100,14.4,1004.8,90.7,6,6,"Rain, Overcast",Cloudy skies throughout the day with early morning rain.,rain,obs
Meiktila,7/9/2021,29.7,75.4,100,12.6,1003.4,94.8,6,7,"Rain, Overcast",Cloudy skies throughout the day with a chance of rain throughout the day.,rain,obs
Meiktila,7/10/2021,30.6,72,100,9.7,1004,81.1,6.6,9,"Rain, Partially cloudy",Partly cloudy throughout the day with early morning rain.,rain,obs
Meiktila,7/11/2021,29.3,79,100,9.7,1005.6,77.8,6,7,"Rain, Partially cloudy",Partly cloudy throughout the day with rain.,rain,obs
Meiktila,7/12/2021,29.4,76.9,0,14.4,1007.2,81.2,5.8,6,Partially cloudy,Partly cloudy throughout the day.,partly-cloudy-day,obs
Meiktila,7/13/2021,30,68.6,0,17.6,1007.6,64.9,6.8,7,Partially cloudy,Partly cloudy throughout the day.,partly-cloudy-day,obs
Meiktila,7/14/2021,31.4,64.9,100,14.8,1006.3,49.3,6.4,8,"Rain, Partially cloudy",Partly cloudy throughout the day with late afternoon rain.,rain,obs
Meiktila,7/15/2021,31.1,67.8,100,14.4,1006.2,81.3,6,8,"Rain, Partially cloudy",Partly cloudy throughout the day with rain in the morning and afternoon.,rain,obs
Meiktila,7/16/2021,28.7,77.8,100,17.3,1007.8,98.2,6,5,"Rain, Overcast",Cloudy skies throughout the day with a chance of rain throughout the day.,rain,obs
Meiktila,7/17/2021,30,70.7,100,16.6,1006.6,91.1,6,7,"Rain, Overcast",Cloudy skies throughout the day with rain.,rain,obs
Meiktila,7/18/2021,30.8,68.1,100,19.1,1004.2,94.1,6.3,6,"Rain, Overcast",Cloudy skies throughout the day with rain in the morning and afternoon.,rain,obs
Meiktila,7/19/2021,29.7,74.4,100,18,1002.3,94.6,6.4,6,"Rain, Overcast",Cloudy skies throughout the day with rain.,rain,obs
Meiktila,7/20/2021,28.6,80.8,100,19.4,1002.5,93.6,6.2,4,"Rain, Overcast",Cloudy skies throughout the day with a chance of rain throughout the day.,rain,obs
Meiktila,7/21/2021,29.3,73.8,100,25.2,1001.7,95.1,6.4,4,"Rain, Overcast",Cloudy skies throughout the day with rain.,rain,obs
Meiktila,7/22/2021,28.2,79.9,100,24.5,1002,93.7,5.8,6,"Rain, Overcast",Cloudy skies throughout the day with rain.,rain,obs
Meiktila,7/23/2021,27.8,83.1,100,26.3,1003.5,93.2,5.4,6,"Rain, Overcast",Cloudy skies throughout the day with a chance of rain throughout the day.,rain,obs
Meiktila,7/24/2021,28.6,78.9,100,21.6,1004,88.6,6,8,"Rain, Partially cloudy",Partly cloudy throughout the day with rain.,rain,obs
Meiktila,7/25/2021,28.6,80.5,100,23.4,1003.3,97.3,6.4,5,"Rain, Overcast",Cloudy skies throughout the day with a chance of rain throughout the day.,rain,obs
Meiktila,7/26/2021,27.6,84,100,23.8,1001.6,95,6.4,5,"Rain, Overcast",Cloudy skies throughout the day with a chance of rain throughout the day.,rain,obs
Meiktila,7/27/2021,28,79.3,100,23.8,1001,80.7,6.6,6,"Rain, Partially cloudy",Partly cloudy throughout the day with a chance of rain throughout the day.,rain,obs
Meiktila,7/28/2021,27.4,83.1,100,25.6,1002.2,87.9,5.8,4,"Rain, Partially cloudy",Partly cloudy throughout the day with a chance of rain throughout the day.,rain,obs
Meiktila,7/29/2021,28,82.5,100,25.9,1003,93.9,6,7,"Rain, Overcast",Cloudy skies throughout the day with rain.,rain,obs
Meiktila,7/30/2021,28.8,79.4,100,24.8,1004.7,85,5.8,7,"Rain, Partially cloudy",Partly cloudy throughout the day with rain.,rain,obs
Meiktila,7/31/2021,28.7,79.7,100,22.7,1005.4,96.2,5.8,8,"Rain, Overcast",Cloudy skies throughout the day with rain.,rain,obs
Meiktila,8/1/2021,27.9,83,100,24.8,1003.6,95.4,5.8,5,"Rain, Overcast",Cloudy skies throughout the day with rain.,rain,obs
Meiktila,8/2/2021,27.3,85.2,100,19.8,1003.5,97.8,6,4,"Rain, Overcast",Cloudy skies throughout the day with a chance of rain throughout the day.,rain,obs
Meiktila,8/3/2021,26.5,88.5,100,19.4,1003.7,91.9,6,3,"Rain, Overcast",Cloudy skies throughout the day with a chance of rain throughout the day.,rain,obs
Meiktila,8/4/2021,26.9,85.6,100,16.9,1004.5,83.8,6,4,"Rain, Partially cloudy",Partly cloudy throughout the day with a chance of rain throughout the day.,rain,obs
Meiktila,8/5/2021,27.4,82.9,100,19.4,1002.5,95.2,6,3,"Rain, Overcast",Cloudy skies throughout the day with a chance of rain throughout the day.,rain,obs
Meiktila,8/6/2021,26.8,88.3,100,25.2,1003.5,92.4,5.4,5,"Rain, Overcast",Cloudy skies throughout the day with a chance of rain throughout the day.,rain,obs
Meiktila,8/7/2021,27.7,83.4,100,22,1006.3,88.8,6,7,"Rain, Partially cloudy",Partly cloudy throughout the day with a chance of rain throughout the day.,rain,obs
Meiktila,8/8/2021,29.1,77.7,100,22.7,1007.3,81.2,6,8,"Rain, Partially cloudy",Partly cloudy throughout the day with rain.,rain,obs
Meiktila,8/9/2021,29.8,75.8,100,19.4,1006.4,93.8,6,6,"Rain, Overcast",Cloudy skies throughout the day with rain in the morning and afternoon.,rain,obs
Meiktila,8/10/2021,30.6,73.3,100,19.4,1003.9,91.9,6.4,8,"Rain, Overcast",Cloudy skies throughout the day with afternoon rain.,rain,obs
Meiktila,8/11/2021,29.8,77.8,100,20.5,1004.6,97.7,6,6,"Rain, Overcast",Cloudy skies throughout the day with rain.,rain,obs
Meiktila,8/12/2021,29.5,76.9,100,21.6,1007.1,96.8,6,4,"Rain, Overcast",Cloudy skies throughout the day with a chance of rain throughout the day.,rain,obs
Meiktila,8/13/2021,29.4,77.1,100,21.6,1005.9,96.4,6.2,7,"Rain, Overcast",Cloudy skies throughout the day with a chance of rain throughout the day.,rain,obs
Meiktila,8/14/2021,28.8,78.3,100,21.6,1004.1,96.4,6,4,"Rain, Overcast",Cloudy skies throughout the day with a chance of rain throughout the day.,rain,obs
Meiktila,8/15/2021,28.8,77.7,100,19.4,1004.5,97.5,7.2,8,"Rain, Overcast",Cloudy skies throughout the day with a chance of rain throughout the day.,rain,obs
Meiktila,8/16/2021,27,85.1,100,19.4,1008.6,99.9,6.2,3,"Rain, Overcast",Cloudy skies throughout the day with a chance of rain throughout the day.,rain,obs
Meiktila,8/17/2021,27.5,80,100,23.4,1010.1,98.5,6,6,"Rain, Overcast",Cloudy skies throughout the day with rain.,rain,obs
Meiktila,8/18/2021,25.5,90.3,100,18,1009.4,100,6,2,"Rain, Overcast",Cloudy skies throughout the day with a chance of rain throughout the day.,rain,obs
Meiktila,8/19/2021,27.2,80.9,100,14.8,1008.3,95.7,6,4,"Rain, Overcast",Cloudy skies throughout the day with a chance of rain throughout the day.,rain,obs
Meiktila,8/20/2021,27.5,82.2,100,14.8,1009.5,82.4,6,9,"Rain, Partially cloudy",Partly cloudy throughout the day with rain.,rain,obs
Meiktila,8/21/2021,27.8,82.4,0,11.9,1009.6,78.4,6.8,8,Partially cloudy,Partly cloudy throughout the day.,partly-cloudy-day,obs
Meiktila,8/22/2021,29.3,77.2,0,18.4,1007.9,75,6.8,8,Partially cloudy,Partly cloudy throughout the day.,partly-cloudy-day,obs
Meiktila,8/23/2021,30.1,74.4,100,21.2,1006,97.6,7,6,"Rain, Overcast",Cloudy skies throughout the day with rain in the morning and afternoon.,rain,obs
Meiktila,8/24/2021,29.9,73,0,18.7,1005.1,97,6.8,7,Overcast,Cloudy skies throughout the day.,cloudy,obs
Meiktila,8/25/2021,29.9,73.9,100,18,1003.3,95.9,6.8,6,"Rain, Overcast",Cloudy skies throughout the day with afternoon rain.,rain,obs
Meiktila,8/26/2021,30.3,70.5,0,17.6,1004,95.5,6.6,8,Overcast,Cloudy skies throughout the day.,cloudy,obs
Meiktila,8/27/2021,30.3,73.1,100,12.2,1005.4,93.1,6.8,8,"Rain, Overcast",Cloudy skies throughout the day with afternoon rain.,rain,obs
Meiktila,8/28/2021,29.2,78.4,100,9.7,1005.7,95.9,5.8,8,"Rain, Overcast",Cloudy skies throughout the day with afternoon rain.,rain,obs
Meiktila,8/29/2021,28.9,79.7,100,9.4,1006.5,95.6,5.6,8,"Rain, Overcast",Cloudy skies throughout the day with afternoon rain.,rain,obs
Meiktila,8/30/2021,29,77.7,100,9,1008.4,65.7,6.4,7,"Rain, Partially cloudy",Partly cloudy throughout the day with rain.,rain,obs
Meiktila,8/31/2021,28.1,81.5,0,10.1,1009.7,82.7,5,8,Partially cloudy,Partly cloudy throughout the day.,partly-cloudy-day,obs
Meiktila,9/1/2021,29.2,78.4,100,8.6,1008.6,88,6.4,6,"Rain, Partially cloudy",Partly cloudy throughout the day with rain in the morning and afternoon.,rain,obs
Meiktila,9/2/2021,28.8,78.3,100,7.9,1007.5,87.2,6.2,7,"Rain, Partially cloudy",Partly cloudy throughout the day with rain.,rain,obs
Meiktila,9/3/2021,29.1,76.6,0,11.9,1005.8,87.5,6.4,7,Partially cloudy,Partly cloudy throughout the day.,partly-cloudy-day,obs
Meiktila,9/4/2021,29.4,74.3,0,15.8,1005.1,93.2,6.4,6,Overcast,Cloudy skies throughout the day.,cloudy,obs
Meiktila,9/5/2021,29,72.6,0,17.6,1006.4,94.5,6,7,Overcast,Cloudy skies throughout the day.,cloudy,obs
Meiktila,9/6/2021,29.2,71.1,100,13.7,1009.2,77.5,6,7,"Rain, Partially cloudy",Partly cloudy throughout the day with afternoon rain.,rain,obs
Meiktila,9/7/2021,29.4,72.6,0,8.3,1010,79.3,6,7,Partially cloudy,Partly cloudy throughout the day.,partly-cloudy-day,obs
Meiktila,9/8/2021,29.1,75.7,100,5.8,1007.2,75.2,6,8,"Rain, Partially cloudy",Partly cloudy throughout the day with rain clearing later.,rain,obs
Meiktila,9/9/2021,30.3,71.3,100,12.6,1004.7,83.9,6,9,"Rain, Partially cloudy",Partly cloudy throughout the day with afternoon rain.,rain,obs
Meiktila,9/10/2021,29.6,78.1,100,11.9,1005.2,93.4,6.2,5,"Rain, Overcast",Cloudy skies throughout the day with a chance of rain throughout the day.,rain,obs
Meiktila,9/11/2021,28.7,81.2,100,16.6,1006.4,95.7,6,6,"Rain, Overcast",Cloudy skies throughout the day with rain.,rain,obs
Meiktila,9/12/2021,28.9,71.9,0,19.1,1005.6,64.8,7,7,Partially cloudy,Partly cloudy throughout the day.,partly-cloudy-day,obs
Meiktila,9/13/2021,28.9,73.2,100,18.7,1006.7,61.7,5.6,7,"Rain, Partially cloudy",Partly cloudy throughout the day with afternoon rain.,rain,obs
Meiktila,9/14/2021,29.3,71,100,9,1008.1,79.7,5.4,7,"Rain, Partially cloudy",Partly cloudy throughout the day with late afternoon rain.,rain,obs
Meiktila,9/15/2021,29.3,77.2,100,5.4,1007.4,93.7,5.6,7,"Rain, Overcast",Cloudy skies throughout the day with rain.,rain,obs
Meiktila,9/16/2021,29.8,75.5,0,10.1,1007,96,5.6,8,Overcast,Cloudy skies throughout the day.,cloudy,obs
Meiktila,9/17/2021,27.7,80.8,100,14.8,1007.6,98.6,5.8,6,"Rain, Overcast",Cloudy skies throughout the day with a chance of rain throughout the day.,rain,obs
Meiktila,9/18/2021,28.9,73,100,22.3,1008.8,95.3,6.3,8,"Rain, Overcast",Cloudy skies throughout the day with a chance of rain throughout the day.,rain,obs
Meiktila,9/19/2021,28.4,78.8,100,18.4,1009.6,97.3,5.6,5,"Rain, Overcast",Cloudy skies throughout the day with rain.,rain,obs
Meiktila,9/20/2021,28.4,80.4,100,7.6,1008.5,95,6.2,6,"Rain, Overcast",Cloudy skies throughout the day with a chance of rain throughout the day.,rain,obs
Meiktila,9/21/2021,28.5,79.3,100,5.4,1007.6,94.6,6.2,4,"Rain, Overcast",Cloudy skies throughout the day with rain in the morning and afternoon.,rain,obs
Meiktila,9/22/2021,29.2,74.8,100,11.5,1006.1,74.9,6.4,9,"Rain, Partially cloudy",Partly cloudy throughout the day with early morning rain.,rain,obs
Meiktila,9/23/2021,29.5,77.1,100,9.4,1006.7,89.9,6.4,8,"Rain, Partially cloudy",Partly cloudy throughout the day with a chance of rain throughout the day.,rain,obs
Meiktila,9/24/2021,28.5,80.8,100,11.5,1008.4,92,5.4,5,"Rain, Overcast",Cloudy skies throughout the day with rain in the morning and afternoon.,rain,obs
Meiktila,9/25/2021,28.4,79,100,8.3,1007.3,89.9,6.4,6,"Rain, Partially cloudy",Partly cloudy throughout the day with afternoon rain.,rain,obs
Meiktila,9/26/2021,28.6,79.8,100,10.4,1005.9,92.5,5.8,6,"Rain, Overcast",Cloudy skies throughout the day with rain.,rain,obs
Meiktila,9/27/2021,28.3,82.7,100,9,1007.3,96.9,6.4,6,"Rain, Overcast",Cloudy skies throughout the day with rain.,rain,obs
Meiktila,9/28/2021,28.3,77.6,100,6.5,1010.1,96.2,6.4,6,"Rain, Overcast",Cloudy skies throughout the day with a chance of rain throughout the day.,rain,obs
Meiktila,9/29/2021,29.4,73.2,100,7.2,1009.6,82,6,8,"Rain, Partially cloudy",Partly cloudy throughout the day with morning rain.,rain,obs
Meiktila,9/30/2021,30.5,70.2,100,6.5,1009,42.8,5.6,9,"Rain, Partially cloudy",Partly cloudy throughout the day with rain.,rain,obs
Meiktila,10/1/2021,29.5,77.4,100,7.6,1008.5,50.7,6,9,"Rain, Partially cloudy",Partly cloudy throughout the day with rain.,rain,obs
Meiktila,10/2/2021,27.9,79.7,100,17.6,1009.1,62.2,6,7,"Rain, Partially cloudy",Partly cloudy throughout the day with rain clearing later.,rain,obs
Meiktila,10/3/2021,29.1,71.7,100,16.2,1008,58.9,6.4,8,"Rain, Partially cloudy",Partly cloudy throughout the day with rain in the morning and afternoon.,rain,obs
Meiktila,10/4/2021,29.9,71.4,0,12.2,1007.7,49.7,6.2,7,Partially cloudy,Partly cloudy throughout the day.,partly-cloudy-day,obs
Meiktila,10/5/2021,29.7,74.3,100,7.6,1008.8,54,6.2,7,"Rain, Partially cloudy",Partly cloudy throughout the day with afternoon rain.,rain,obs
Meiktila,10/6/2021,30.4,71,0,8.3,1007.2,66.1,5.8,8,Partially cloudy,Partly cloudy throughout the day.,partly-cloudy-day,obs
Meiktila,10/7/2021,31.4,65.6,100,8.6,1005,61.9,6.6,8,"Rain, Partially cloudy",Partly cloudy throughout the day with afternoon rain.,rain,obs
Meiktila,10/8/2021,30.7,71.4,100,8.6,1004.7,67.2,6.6,7,"Rain, Partially cloudy",Partly cloudy throughout the day with late afternoon rain.,rain,obs
Meiktila,10/9/2021,30.8,71,100,7.9,1005.2,37.8,6.4,8,"Rain, Partially cloudy",Partly cloudy throughout the day with afternoon rain.,rain,obs
Meiktila,10/10/2021,31.1,67.6,100,9.7,1005,42.9,6.6,8,"Rain, Partially cloudy",Partly cloudy throughout the day with morning rain.,rain,obs
Meiktila,10/11/2021,30.3,69.8,100,6.5,1003.8,81.9,6.2,7,"Rain, Partially cloudy",Partly cloudy throughout the day with afternoon rain.,rain,obs
Meiktila,10/12/2021,29.9,72.2,0,5.8,1003.9,76.9,6,6,Partially cloudy,Partly cloudy throughout the day.,partly-cloudy-day,obs
Meiktila,10/13/2021,31.3,66.9,100,5,1003.7,59.8,6.2,7,"Rain, Partially cloudy",Partly cloudy throughout the day with afternoon rain.,rain,obs
Meiktila,10/14/2021,30.8,71.2,100,7.6,1003.3,54,6.6,8,"Rain, Partially cloudy",Partly cloudy throughout the day with rain.,rain,obs
Meiktila,10/15/2021,28.9,78.3,100,8.3,1003.7,91.2,6,5,"Rain, Overcast",Cloudy skies throughout the day with a chance of rain throughout the day.,rain,obs
Meiktila,10/16/2021,28.7,76.3,100,9,1006.2,78,6.6,5,"Rain, Partially cloudy",Partly cloudy throughout the day with rain.,rain,obs
Meiktila,10/17/2021,28,80.7,100,10.8,1009.6,93.9,6.4,5,"Rain, Overcast",Cloudy skies throughout the day with rain.,rain,obs
Meiktila,10/18/2021,29,75.1,100,7.6,1011.3,79,6.4,7,"Rain, Partially cloudy",Partly cloudy throughout the day with rain.,rain,obs
Meiktila,10/19/2021,28.9,77.6,100,6.1,1012.5,77,5.2,7,"Rain, Partially cloudy",Partly cloudy throughout the day with afternoon rain.,rain,obs
Meiktila,10/20/2021,28.5,76.4,100,18.4,1012.9,68.2,5.6,7,"Rain, Partially cloudy",Partly cloudy throughout the day with early morning rain.,rain,obs
Meiktila,10/21/2021,28.3,78.2,100,24.5,1011.2,83.1,6,7,"Rain, Partially cloudy",Partly cloudy throughout the day with rain.,rain,obs
Meiktila,10/22/2021,28.6,74.9,100,18,1011.2,69.1,5.8,7,"Rain, Partially cloudy",Partly cloudy throughout the day with rain clearing later.,rain,obs
Meiktila,10/23/2021,28.4,75.8,100,9.4,1012.5,52.7,6.3,7,"Rain, Partially cloudy",Partly cloudy throughout the day with rain in the morning and afternoon.,rain,obs
Meiktila,10/24/2021,26.6,83.5,100,6.8,1013.4,72.5,5.4,5,"Rain, Partially cloudy",Partly cloudy throughout the day with rain.,rain,obs
Meiktila,10/25/2021,26.8,82,100,5.8,1012.2,84.5,5.6,4,"Rain, Partially cloudy",Partly cloudy throughout the day with a chance of rain throughout the day.,rain,obs
Meiktila,10/26/2021,27.7,77.9,0,6.5,1011.5,64.5,5.6,7,Partially cloudy,Partly cloudy throughout the day.,partly-cloudy-day,obs
Meiktila,10/27/2021,28.9,72.2,100,12.2,1011.9,59.6,5.6,8,"Rain, Partially cloudy",Partly cloudy throughout the day with afternoon rain.,rain,obs
Meiktila,10/28/2021,28.7,74.3,0,12.6,1012,44.4,6,8,Partially cloudy,Partly cloudy throughout the day.,partly-cloudy-day,obs
Meiktila,10/29/2021,29.4,72.7,100,11.9,1012.3,32.2,6.6,8,"Rain, Partially cloudy",Partly cloudy throughout the day with afternoon rain.,rain,obs
Meiktila,10/30/2021,29.4,74.4,100,13,1012.6,54.9,5.6,7,"Rain, Partially cloudy",Partly cloudy throughout the day with rain.,rain,obs
Meiktila,10/31/2021,28.1,77.9,100,10.4,1012.9,68.4,5.6,7,"Rain, Partially cloudy",Partly cloudy throughout the day with rain clearing later.,rain,obs
Meiktila,11/1/2021,28.5,71.2,100,8.6,1012.9,19.8,5.8,7,Rain,Clear conditions throughout the day with afternoon rain.,rain,obs
Meiktila,11/2/2021,28.7,70.4,100,7.9,1012.8,20.9,6.2,7,"Rain, Partially cloudy",Partly cloudy throughout the day with morning rain.,rain,obs
Meiktila,11/3/2021,28.6,68.1,0,8.3,1011.9,35.7,5.8,8,Partially cloudy,Becoming cloudy in the afternoon.,partly-cloudy-day,obs
Meiktila,11/4/2021,27.8,78.2,100,10.8,1011.7,55.8,5.6,7,"Rain, Partially cloudy",Partly cloudy throughout the day with rain.,rain,obs
Meiktila,11/5/2021,27.4,79.9,100,6.8,1010.9,45.4,5.2,6,"Rain, Partially cloudy",Partly cloudy throughout the day with a chance of rain throughout the day.,rain,obs
Meiktila,11/6/2021,27.9,76.3,100,7.2,1008.8,45.6,5.8,7,"Rain, Partially cloudy",Partly cloudy throughout the day with rain in the morning and afternoon.,rain,obs
Meiktila,11/7/2021,27.9,72.1,0,10.4,1008.8,11.8,6.2,7,Clear,Clear conditions throughout the day.,clear-day,obs
Meiktila,11/8/2021,28.1,66.3,0,11.5,1010.5,10.3,5.6,7,Clear,Clear conditions throughout the day.,clear-day,obs
Meiktila,11/9/2021,28.3,63,0,6.8,1011.7,11.5,6,7,Clear,Clear conditions throughout the day.,clear-day,obs
Meiktila,11/10/2021,28.8,65.2,0,8.3,1011.6,12,6.2,7,Clear,Clear conditions throughout the day.,clear-day,obs
Meiktila,11/11/2021,28.7,67.4,100,7.6,1011.4,46.7,5.8,7,"Rain, Partially cloudy",Partly cloudy throughout the day with rain in the morning and afternoon.,rain,obs
Meiktila,11/12/2021,29.1,66.8,100,6.5,1011.7,57.8,5.6,7,"Rain, Partially cloudy",Becoming cloudy in the afternoon with rain in the morning and afternoon.,rain,obs
Meiktila,11/13/2021,28.4,75.3,100,6.8,1011.4,46.9,5.8,6,"Rain, Partially cloudy",Partly cloudy throughout the day with rain.,rain,obs
Meiktila,11/14/2021,27.3,77.2,100,6.5,1011.1,73.9,6,6,"Rain, Partially cloudy",Partly cloudy throughout the day with afternoon rain.,rain,obs
Meiktila,11/15/2021,27.7,75.5,100,6.1,1009.8,67.5,5.6,7,"Rain, Partially cloudy",Partly cloudy throughout the day with rain.,rain,obs
Meiktila,11/16/2021,28,73.9,100,7.2,1010.5,40.4,5.6,7,"Rain, Partially cloudy",Partly cloudy throughout the day with afternoon rain.,rain,obs
Meiktila,11/17/2021,27.8,71.9,0,13.3,1012.5,13.6,5.8,7,Clear,Clear conditions throughout the day.,clear-day,obs
Meiktila,11/18/2021,27.5,71.5,0,11.2,1011.3,18.2,6,7,Clear,Clear conditions throughout the day.,clear-day,obs
Meiktila,11/19/2021,27.1,72.4,0,9,1009.3,20.8,6.2,8,Partially cloudy,Partly cloudy throughout the day.,partly-cloudy-day,obs
Meiktila,11/20/2021,27,68.8,0,5.8,1009.3,17.4,5.6,7,Clear,Clear conditions throughout the day.,clear-day,obs
Meiktila,11/21/2021,28,62.9,0,7.2,1010.1,3.7,6.5,8,Clear,Clear conditions throughout the day.,clear-day,obs
Meiktila,11/22/2021,27.8,67.2,0,6.5,1010.4,14,6.5,8,Clear,Clear conditions throughout the day.,clear-day,obs
Meiktila,11/23/2021,27.7,65.4,0,8.3,1010.6,29,5.8,7,Partially cloudy,Partly cloudy throughout the day.,partly-cloudy-day,obs
Meiktila,11/24/2021,28.2,57.7,0,7.2,1012,23.2,5.8,7,Partially cloudy,Clearing in the afternoon.,partly-cloudy-day,obs
Meiktila,11/25/2021,27.2,63.1,0,6.5,1012.9,11.5,6.2,7,Clear,Clear conditions throughout the day.,clear-day,obs
Meiktila,11/26/2021,27.2,61.4,100,9,1012.5,16.6,6.2,7,Rain,Clear conditions throughout the day with afternoon rain.,rain,obs
Meiktila,11/27/2021,26,67,0,7.9,1013.2,38.4,6,6,Partially cloudy,Partly cloudy throughout the day.,partly-cloudy-day,obs
Meiktila,11/28/2021,26.5,63.3,0,9,1013.9,27.1,5.8,7,Partially cloudy,Clearing in the afternoon.,partly-cloudy-day,obs
Meiktila,11/29/2021,26.6,63.5,0,11.5,1014,44,6.2,7,Partially cloudy,Partly cloudy throughout the day.,partly-cloudy-day,obs
Meiktila,11/30/2021,25.7,65,0,9.7,1013.7,21.4,6.2,7,Partially cloudy,Partly cloudy throughout the day.,partly-cloudy-day,obs
Meiktila,12/1/2021,25.3,61.6,0,9.4,1013.8,42.6,6.2,8,Partially cloudy,Clearing in the afternoon.,partly-cloudy-day,obs
Meiktila,12/2/2021,25.4,59,0,7.2,1014,15.9,5.8,7,Clear,Clear conditions throughout the day.,clear-day,obs
Meiktila,12/3/2021,25.6,59.2,0,8.6,1015,16.1,6.4,7,Clear,Clear conditions throughout the day.,clear-day,obs
Meiktila,12/4/2021,25.8,59,0,7.2,1014.9,63,6.2,7,Partially cloudy,Partly cloudy throughout the day.,partly-cloudy-day,obs
Meiktila,12/5/2021,26,60.4,0,12.2,1014.9,43.6,5.8,6,Partially cloudy,Becoming cloudy in the afternoon.,partly-cloudy-day,obs
Meiktila,12/6/2021,26,62.1,0,9,1014.3,20.8,5.6,7,Partially cloudy,Partly cloudy throughout the day.,partly-cloudy-day,obs
Meiktila,12/7/2021,25.7,66.3,0,7.6,1014.9,26.2,6.4,7,Partially cloudy,Partly cloudy throughout the day.,partly-cloudy-day,obs
Meiktila,12/8/2021,25.8,65.3,0,9.7,1015.4,13.6,5.3,7,Clear,Clear conditions throughout the day.,clear-day,obs
Meiktila,12/9/2021,25.8,68.4,0,11.5,1016.2,9.2,6.2,7,Clear,Clear conditions throughout the day.,clear-day,obs
Meiktila,12/10/2021,26.8,65.2,0,8.3,1015.4,8.9,5.8,7,Clear,Clear conditions throughout the day.,clear-day,obs
Meiktila,12/11/2021,26.7,65.6,0,7.9,1015,11.9,5.8,7,Clear,Clear conditions throughout the day.,clear-day,obs
Meiktila,12/12/2021,26,69.4,0,12.6,1015.6,17,6.2,7,Clear,Clear conditions throughout the day.,clear-day,obs
Meiktila,12/13/2021,25.3,64.5,0,11.2,1015,36.9,6.2,6,Partially cloudy,Partly cloudy throughout the day.,partly-cloudy-day,obs
Meiktila,12/14/2021,24.8,64.1,0,9.4,1014.2,17.7,5.8,6,Clear,Clear conditions throughout the day.,clear-day,obs
Meiktila,12/15/2021,23.6,62.9,0,10.1,1013.6,13.1,6,7,Clear,Clear conditions throughout the day.,clear-day,obs
Meiktila,12/16/2021,23,56.4,0,13.7,1014,35.6,6.4,7,Partially cloudy,Partly cloudy throughout the day.,partly-cloudy-day,obs
Meiktila,12/17/2021,22.3,57.3,0,12.6,1014.1,11.9,6.2,7,Clear,Clear conditions throughout the day.,clear-day,obs
Meiktila,12/18/2021,22.6,56.3,0,9,1014.3,0,6.2,7,Clear,Clear conditions throughout the day.,clear-day,obs
Meiktila,12/19/2021,23.2,61.7,0,9,1014.5,20.4,5.6,7,Partially cloudy,Partly cloudy throughout the day.,partly-cloudy-day,obs
Meiktila,12/20/2021,22.9,64.1,0,9,1014,20.5,6,7,Partially cloudy,Partly cloudy throughout the day.,partly-cloudy-day,obs
Meiktila,12/21/2021,23.5,61.6,0,7.2,1013.8,26.2,5.8,7,Partially cloudy,Becoming cloudy in the afternoon.,partly-cloudy-day,obs
Meiktila,12/22/2021,23.3,68.7,100,15.8,1012.6,46,5.8,6,"Rain, Partially cloudy",Partly cloudy throughout the day with rain.,rain,obs
Meiktila,12/23/2021,23.1,69,100,11.9,1012.4,30.6,5.6,7,"Rain, Partially cloudy",Clearing in the afternoon with rain clearing later.,rain,obs
Meiktila,12/24/2021,21.9,64.1,0,9,1013.3,8.6,5.2,7,Clear,Clear conditions throughout the day.,clear-day,obs
Meiktila,12/25/2021,21.8,62.9,0,9,1014.3,5.1,6,7,Clear,Clear conditions throughout the day.,clear-day,obs
Meiktila,12/26/2021,22.6,59.5,0,9,1016.1,0.2,5.2,7,Clear,Clear conditions throughout the day.,clear-day,obs
Meiktila,12/27/2021,22,65.2,0,9.7,1017,1.7,5.4,7,Clear,Clear conditions throughout the day.,clear-day,obs
Meiktila,12/28/2021,22.1,64.9,0,9.7,1016.9,0.7,5.8,7,Clear,Clear conditions throughout the day.,clear-day,obs
Meiktila,12/29/2021,22.2,64.9,0,11.5,1017,3.8,5.8,7,Clear,Clear conditions throughout the day.,clear-day,obs
Meiktila,12/30/2021,22.4,65.8,0,11.5,1018,42.4,5.8,6,Partially cloudy,Partly cloudy throughout the day.,partly-cloudy-day,obs
Meiktila,12/31/2021,22.6,67,0,9.4,1017.4,38.1,6,7,Partially cloudy,Clearing in the afternoon.,partly-cloudy-day,obs
name,datetime,temp,humidity,precipprob,windspeed,sealevelpressure,cloudcover,visibility,uvindex,conditions,description,icon,source
Meiktila,1/1/2022,22.2,64.1,0,9.7,1016.9,9.4,5.6,8,Clear,Clear conditions throughout the day.,clear-day,obs
Meiktila,1/2/2022,21.9,65.5,0,9.4,1016,0.1,5.6,7,Clear,Clear conditions throughout the day.,clear-day,obs
Meiktila,1/3/2022,22.9,61,0,7.6,1014.9,35.9,5.7,7,Partially cloudy,Partly cloudy throughout the day.,partly-cloudy-day,obs
Meiktila,1/4/2022,22.3,61.4,0,10.4,1015.1,0,5.6,8,Clear,Clear conditions throughout the day.,clear-day,obs
Meiktila,1/5/2022,21.7,66,0,9,1015,3.3,5.4,8,Clear,Clear conditions throughout the day.,clear-day,obs
Meiktila,1/6/2022,21.5,64,0,9.7,1014.7,2.5,5.6,8,Clear,Clear conditions throughout the day.,clear-day,obs
Meiktila,1/7/2022,22,61.9,0,8.6,1015.3,9,5.8,8,Clear,Clear conditions throughout the day.,clear-day,obs
Meiktila,1/8/2022,23,59.4,0,6.1,1015.3,4.5,5.2,8,Clear,Clear conditions throughout the day.,clear-day,obs
Meiktila,1/9/2022,23.7,61.5,0,7.6,1013.3,0,5.4,8,Clear,Clear conditions throughout the day.,clear-day,obs
Meiktila,1/10/2022,23.8,62.7,0,7.9,1013.6,0.3,14.8,8,Clear,Clear conditions throughout the day.,clear-day,obs
Meiktila,1/11/2022,24,59.6,0,6.5,1014.1,79.8,20.2,7,Partially cloudy,Partly cloudy throughout the day.,partly-cloudy-day,obs
Meiktila,1/12/2022,24.6,62.1,0,13,1013.9,78.5,20.2,7,Partially cloudy,Partly cloudy throughout the day.,partly-cloudy-day,obs
Meiktila,1/13/2022,25,61.9,0,12.6,1013.5,11.6,20.1,7,Clear,Clear conditions throughout the day.,clear-day,obs
Meiktila,1/14/2022,24.6,66.8,100,9.4,1013.7,36.1,20.2,7,"Rain, Partially cloudy",Partly cloudy throughout the day with afternoon rain.,rain,obs
Meiktila,1/15/2022,22.5,76.5,100,8.6,1014.7,87.9,17.8,7,"Rain, Partially cloudy",Partly cloudy throughout the day with a chance of rain throughout the day.,rain,obs
Meiktila,1/16/2022,22.2,83,100,8.6,1015.5,60.2,20.2,6,"Rain, Partially cloudy",Partly cloudy throughout the day with a chance of rain throughout the day.,rain,obs
Meiktila,1/17/2022,22.3,72.2,0,13,1016.3,15.4,21,8,Clear,Clear conditions throughout the day.,clear-day,obs
Meiktila,1/18/2022,21.6,67.7,0,9.7,1015,0.7,20.2,7,Clear,Clear conditions throughout the day.,clear-day,obs
Meiktila,1/19/2022,20.7,68.7,0,10.1,1012.8,13.5,20.2,8,Clear,Clear conditions throughout the day.,clear-day,obs
Meiktila,1/20/2022,22,68.4,100,11.9,1010.5,20.5,19.6,6,"Rain, Partially cloudy",Partly cloudy throughout the day with rain in the morning and afternoon.,rain,obs
Meiktila,1/21/2022,22.5,65,0,13.3,1010.1,20,20.2,8,Clear,Partly cloudy throughout the day.,clear-day,obs
Meiktila,1/22/2022,21.5,62.6,0,9,1010,6.7,20.2,8,Clear,Clear conditions throughout the day.,clear-day,obs
Meiktila,1/23/2022,21.8,60.7,0,9.4,1010.9,3.8,20.1,8,Clear,Clear conditions throughout the day.,clear-day,obs
Meiktila,1/24/2022,22.4,62.8,0,10.8,1010.8,15.6,20.2,8,Clear,Clear conditions throughout the day.,clear-day,obs
Meiktila,1/25/2022,22.5,66.7,0,9.4,1011.7,21.1,20.2,8,Partially cloudy,Partly cloudy throughout the day.,partly-cloudy-day,obs
Meiktila,1/26/2022,22,70.1,0,9.4,1012.8,62.8,21,6,Partially cloudy,Partly cloudy throughout the day.,partly-cloudy-day,obs
Meiktila,1/27/2022,22.9,69.4,100,10.4,1012.2,39,20.2,8,"Rain, Partially cloudy",Partly cloudy throughout the day with afternoon rain.,rain,obs
Meiktila,1/28/2022,23.4,61.1,0,12.2,1011.3,5.9,20.2,8,Clear,Clear conditions throughout the day.,clear-day,obs
Meiktila,1/29/2022,21.2,59.4,0,10.1,1011.5,12.7,20.2,8,Clear,Clear conditions throughout the day.,clear-day,obs
Meiktila,1/30/2022,20.4,63.7,0,14.8,1009.6,0,20.2,8,Clear,Clear conditions throughout the day.,clear-day,obs
Meiktila,1/31/2022,19.8,61.6,0,10.8,1010.5,0,20.1,8,Clear,Clear conditions throughout the day.,clear-day,obs
Meiktila,2/1/2022,20.1,58.6,0,15.5,1010.2,0,20.2,8,Clear,Clear conditions throughout the day.,clear-day,obs
Meiktila,2/2/2022,21,52.3,0,15.5,1012.3,0.6,20.2,8,Clear,Clear conditions throughout the day.,clear-day,obs
Meiktila,2/3/2022,20.8,57.9,0,10.8,1013.4,0,20.2,8,Clear,Clear conditions throughout the day.,clear-day,obs
Meiktila,2/4/2022,21.8,56.1,0,11.2,1012.6,0.2,20.2,8,Clear,Clear conditions throughout the day.,clear-day,obs
Meiktila,2/5/2022,23.4,61.5,100,20.5,1011.2,21.3,20.2,8,"Rain, Partially cloudy",Partly cloudy throughout the day with afternoon rain.,rain,obs
Meiktila,2/6/2022,24.7,60,0,20.5,1011.9,22.8,20.3,8,Partially cloudy,Partly cloudy throughout the day.,partly-cloudy-day,obs
Meiktila,2/7/2022,20.9,53.6,0,11.2,1013.1,18.7,20.2,9,Clear,Clear conditions throughout the day.,clear-day,obs
Meiktila,2/8/2022,22,53,0,10.4,1012,0.5,20.2,9,Clear,Clear conditions throughout the day.,clear-day,obs
Meiktila,2/9/2022,21.9,54.3,0,7.9,1012.8,0.1,20.2,9,Clear,Clear conditions throughout the day.,clear-day,obs
Meiktila,2/10/2022,23.2,49.8,0,7.2,1012.3,0,20.2,9,Clear,Clear conditions throughout the day.,clear-day,obs
Meiktila,2/11/2022,23,51.1,0,7.9,1011.4,0,20.2,9,Clear,Clear conditions throughout the day.,clear-day,obs
Meiktila,2/12/2022,23.2,49.2,0,10.4,1009.9,35.3,21,9,Partially cloudy,Becoming cloudy in the afternoon.,partly-cloudy-day,obs
Meiktila,2/13/2022,21.8,44.5,0,15.1,1010.5,24.7,20.2,9,Partially cloudy,Partly cloudy throughout the day.,partly-cloudy-day,obs
Meiktila,2/14/2022,22.1,46.5,0,10.4,1010.9,0.1,20.2,9,Clear,Clear conditions throughout the day.,clear-day,obs
Meiktila,2/15/2022,23.5,41.7,0,10.1,1010.2,0,20.2,9,Clear,Clear conditions throughout the day.,clear-day,obs
Meiktila,2/16/2022,23.4,50.4,0,11.9,1007.7,2.1,20.2,9,Clear,Clear conditions throughout the day.,clear-day,obs
Meiktila,2/17/2022,26.6,50.8,100,11.5,1006.4,23.9,20.2,8,"Rain, Partially cloudy",Partly cloudy throughout the day with morning rain.,rain,obs
Meiktila,2/18/2022,25.3,51.5,0,9.4,1007.9,10,20.2,9,Clear,Clear conditions throughout the day.,clear-day,obs
Meiktila,2/19/2022,24.9,51.8,0,10.8,1008.4,39,20.2,8,Partially cloudy,Partly cloudy throughout the day.,partly-cloudy-day,obs
Meiktila,2/20/2022,23.3,46.6,0,10.8,1007.6,27.5,20.2,9,Partially cloudy,Partly cloudy throughout the day.,partly-cloudy-day,obs
Meiktila,2/21/2022,23.9,45.9,100,19.1,1008.8,65,20.1,3,"Rain, Partially cloudy",Partly cloudy throughout the day with rain.,rain,obs
Meiktila,2/22/2022,23.1,53.1,0,13,1013.8,13.2,20.2,9,Clear,Clear conditions throughout the day.,clear-day,obs
Meiktila,2/23/2022,22.4,44.2,0,12.2,1015.8,0.4,20.2,9,Clear,Clear conditions throughout the day.,clear-day,obs
Meiktila,2/24/2022,23.6,45.4,0,11.2,1015.6,0,20.2,9,Clear,Clear conditions throughout the day.,clear-day,obs
Meiktila,2/25/2022,25.2,41.1,0,9.7,1015.1,0,20.2,9,Clear,Clear conditions throughout the day.,clear-day,obs
Meiktila,2/26/2022,25.5,44.5,0,11.2,1015.2,0.2,20.2,9,Clear,Clear conditions throughout the day.,clear-day,obs
Meiktila,2/27/2022,25.9,46.2,0,10.1,1013.7,0,20.2,9,Clear,Clear conditions throughout the day.,clear-day,obs
Meiktila,2/28/2022,25.5,46.1,0,10.4,1012.5,0,20.2,9,Clear,Clear conditions throughout the day.,clear-day,obs
Meiktila,3/1/2022,25.8,45.2,0,11.5,1012.5,2.3,20.2,9,Clear,Clear conditions throughout the day.,clear-day,obs
Meiktila,3/2/2022,26.4,42.2,0,10.4,1011.9,0,20.2,9,Clear,Clear conditions throughout the day.,clear-day,obs
Meiktila,3/3/2022,26.6,44.8,0,10.1,1011.5,6,21,9,Clear,Clear conditions throughout the day.,clear-day,obs
Meiktila,3/4/2022,26.7,48,0,9.4,1010.5,6.8,20.2,9,Clear,Clear conditions throughout the day.,clear-day,obs
Meiktila,3/5/2022,26.6,46.9,0,9.4,1008.9,36.5,21,9,Partially cloudy,Partly cloudy throughout the day.,partly-cloudy-day,obs
Meiktila,3/6/2022,27.5,37.4,0,13.7,1009.7,63.2,20.2,9,Partially cloudy,Partly cloudy throughout the day.,partly-cloudy-day,obs
Meiktila,3/7/2022,27.5,41,0,14,1010.9,62.7,20.2,9,Partially cloudy,Partly cloudy throughout the day.,partly-cloudy-day,obs
Meiktila,3/8/2022,28.7,42.7,0,12.2,1009.3,9.3,20.2,9,Clear,Clear conditions throughout the day.,clear-day,obs
Meiktila,3/9/2022,30.8,56,0,14.8,1008.9,14.1,20.2,9,Clear,Clear conditions throughout the day.,clear-day,obs
Meiktila,3/10/2022,31,53.9,0,10.8,1007.6,35,20.2,9,Partially cloudy,Becoming cloudy in the afternoon.,partly-cloudy-day,obs
Meiktila,3/11/2022,30.3,47.7,0,12.2,1006.5,20.4,20.2,9,Partially cloudy,Partly cloudy throughout the day.,partly-cloudy-day,obs
Meiktila,3/12/2022,30.7,50.5,0,13.3,1005.8,17.7,20.2,9,Clear,Clear conditions throughout the day.,clear-day,obs
Meiktila,3/13/2022,32,50.4,0,11.5,1006.1,6.3,20.2,9,Clear,Clear conditions throughout the day.,clear-day,obs
Meiktila,3/14/2022,32.3,47.7,0,12.2,1006.4,26.8,23.3,9,Partially cloudy,Partly cloudy throughout the day.,partly-cloudy-day,obs
Meiktila,3/15/2022,32,42.7,0,14.4,1004.7,11.9,20.2,9,Clear,Clear conditions throughout the day.,clear-day,obs
Meiktila,3/16/2022,31.5,38.2,0,18,1004.3,0,20.2,10,Clear,Clear conditions throughout the day.,clear-day,obs
Meiktila,3/17/2022,31.1,39.4,0,15.5,1005.9,4.5,20.2,10,Clear,Clear conditions throughout the day.,clear-day,obs
Meiktila,3/18/2022,30.5,43.6,0,10.8,1005.9,14.7,20.1,9,Clear,Clear conditions throughout the day.,clear-day,obs
Meiktila,3/19/2022,31.3,44.2,0,13.7,1004.6,26.7,20.2,10,Partially cloudy,Partly cloudy throughout the day.,partly-cloudy-day,obs
Meiktila,3/20/2022,32.2,42.5,0,18.7,1004.3,5.6,20.2,10,Clear,Clear conditions throughout the day.,clear-day,obs
Meiktila,3/21/2022,32.5,48.5,0,18.4,1005.8,24.2,20.2,9,Partially cloudy,Becoming cloudy in the afternoon.,partly-cloudy-day,obs
Meiktila,3/22/2022,29.7,63.8,100,16.9,1007.1,87.2,19.6,3,"Rain, Partially cloudy",Partly cloudy throughout the day with rain.,rain,obs
Meiktila,3/23/2022,25.8,87.8,100,16.6,1007.4,92.4,14.2,4,"Rain, Overcast",Cloudy skies throughout the day with a chance of rain throughout the day.,rain,obs
Meiktila,3/24/2022,27.9,75,100,13,1008.1,52.8,20.3,9,"Rain, Partially cloudy",Partly cloudy throughout the day with early morning rain.,rain,obs
Meiktila,3/25/2022,29.4,61.2,0,19.4,1008,10.6,20.2,10,Clear,Clear conditions throughout the day.,clear-day,obs
Meiktila,3/26/2022,29.8,56.4,0,20.5,1009.2,18.4,20.3,9,Clear,Clear conditions throughout the day.,clear-day,obs
Meiktila,3/27/2022,27.9,65.2,0,10.8,1010.6,54.8,20.2,6,Partially cloudy,Partly cloudy throughout the day.,partly-cloudy-day,obs
Meiktila,3/28/2022,29.5,59.9,100,8.6,1008.7,34,20.2,10,"Rain, Partially cloudy",Partly cloudy throughout the day with late afternoon rain.,rain,obs
Meiktila,3/29/2022,29.7,57.9,0,12.6,1007.7,25.1,19.2,9,Partially cloudy,Partly cloudy throughout the day.,partly-cloudy-day,obs
Meiktila,3/30/2022,29.8,54.1,0,16.6,1008.1,17,20.2,9,Clear,Clear conditions throughout the day.,clear-day,obs
Meiktila,3/31/2022,30.6,53.4,0,13,1008.4,18.7,20.2,10,Clear,Clear conditions throughout the day.,clear-day,obs
Meiktila,4/1/2022,31.2,52.1,0,14,1008.5,20.3,20.2,9,Partially cloudy,Partly cloudy throughout the day.,partly-cloudy-day,obs
Meiktila,4/2/2022,32,45.9,0,12.2,1009.9,33.7,20.2,9,Partially cloudy,Partly cloudy throughout the day.,partly-cloudy-day,obs
Meiktila,4/3/2022,29.7,55.6,0,10.8,1011.9,51.3,20.2,8,Partially cloudy,Partly cloudy throughout the day.,partly-cloudy-day,obs
Meiktila,4/4/2022,31.2,51.6,0,19.1,1011.6,22.3,20.2,9,Partially cloudy,Partly cloudy throughout the day.,partly-cloudy-day,obs
Meiktila,4/5/2022,32.9,46.9,0,13.7,1012.6,16.2,22.6,9,Clear,Clear conditions throughout the day.,clear-day,obs
Meiktila,4/6/2022,32.9,48.8,0,11.5,1011.4,16.3,20.2,9,Clear,Clear conditions throughout the day.,clear-day,obs
Meiktila,4/7/2022,32.6,47.5,0,11.2,1010.2,22.6,20.2,9,Partially cloudy,Partly cloudy throughout the day.,partly-cloudy-day,obs
Meiktila,4/8/2022,31.2,54.7,100,15.5,1010.3,39,20.2,8,"Rain, Partially cloudy",Partly cloudy throughout the day with late afternoon rain.,rain,obs
Meiktila,4/9/2022,31.7,53.5,0,16.2,1008.3,15.5,20.2,10,Clear,Clear conditions throughout the day.,clear-day,obs
Meiktila,4/10/2022,31.7,48.5,0,12.6,1007.3,19,20.3,9,Clear,Clear conditions throughout the day.,clear-day,obs
Meiktila,4/11/2022,32.5,48.6,0,16.6,1006.3,18.7,20.2,10,Clear,Clear conditions throughout the day.,clear-day,obs
Meiktila,4/12/2022,31.4,52.7,0,10.4,1006.5,15,20.2,9,Clear,Clear conditions throughout the day.,clear-day,obs
Meiktila,4/13/2022,32.1,54.1,0,12.2,1005.1,19.3,20.2,9,Clear,Clear conditions throughout the day.,clear-day,obs
Meiktila,4/14/2022,33.4,49.3,0,23.4,1004.1,49.1,20.2,10,Partially cloudy,Partly cloudy throughout the day.,partly-cloudy-day,obs
Meiktila,4/15/2022,32.9,50.9,100,19.8,1004.9,37.1,20.2,10,"Rain, Partially cloudy",Partly cloudy throughout the day with afternoon rain.,rain,obs
Meiktila,4/16/2022,33.6,50.1,0,18,1004.6,9.2,20.3,10,Clear,Clear conditions throughout the day.,clear-day,obs
Meiktila,4/17/2022,33.6,50.2,0,22.7,1005.1,13.1,20.2,10,Clear,Clear conditions throughout the day.,clear-day,obs
Meiktila,4/18/2022,33.4,48,0,17.6,1006.8,17.5,19.8,10,Clear,Clear conditions throughout the day.,clear-day,obs
Meiktila,4/19/2022,31.3,52.6,100,17.3,1008.8,25,20.4,9,"Rain, Partially cloudy",Partly cloudy throughout the day with a chance of rain throughout the day.,rain,obs
Meiktila,4/20/2022,28.5,62.4,100,15.1,1008.8,26,20.1,10,"Rain, Partially cloudy",Becoming cloudy in the afternoon with rain.,rain,obs
Meiktila,4/21/2022,29.2,59.3,100,13.3,1008.3,39.2,20,9,"Rain, Partially cloudy",Partly cloudy throughout the day with late afternoon rain.,rain,obs
Meiktila,4/22/2022,31.2,56.3,100,13.7,1007.8,21.1,20.3,8,"Rain, Partially cloudy",Partly cloudy throughout the day with late afternoon rain.,rain,obs
Meiktila,4/23/2022,33.2,51.6,100,13.7,1006.5,16.7,20.3,10,Rain,Clear conditions throughout the day with late afternoon rain.,rain,obs
Meiktila,4/24/2022,33.6,50.7,0,16.6,1005.4,25.9,20.1,9,Partially cloudy,Partly cloudy throughout the day.,partly-cloudy-day,obs
Meiktila,4/25/2022,34.2,51.5,0,16.9,1004.6,16.6,20.3,9,Clear,Clear conditions throughout the day.,clear-day,obs
Meiktila,4/26/2022,34,51.1,100,14.8,1005.2,30.8,20.3,9,"Rain, Partially cloudy",Partly cloudy throughout the day with late afternoon rain.,rain,obs
Meiktila,4/27/2022,33.7,55.2,0,15.8,1005.5,18.5,20.2,9,Clear,Clear conditions throughout the day.,clear-day,obs
Meiktila,4/28/2022,33.4,53.7,100,13.7,1005.6,19.6,20.3,9,Rain,Clear conditions throughout the day with rain.,rain,obs
Meiktila,4/29/2022,32.8,58.7,100,16.2,1006.3,24.7,20.3,9,"Rain, Partially cloudy",Partly cloudy throughout the day with a chance of rain throughout the day.,rain,obs
Meiktila,4/30/2022,32.6,59.8,100,16.2,1005.5,31.9,20.2,10,"Rain, Partially cloudy",Partly cloudy throughout the day with afternoon rain.,rain,obs
Meiktila,5/1/2022,30.7,63.7,100,11.9,1005.1,27.2,20.1,9,"Rain, Partially cloudy",Partly cloudy throughout the day with late afternoon rain.,rain,obs
Meiktila,5/2/2022,31.3,61.9,100,10.4,1005.7,27.6,19.1,9,"Rain, Partially cloudy",Partly cloudy throughout the day with late afternoon rain.,rain,obs
Meiktila,5/3/2022,29.1,67.9,100,13.3,1008.9,55.6,18.8,8,"Rain, Partially cloudy",Partly cloudy throughout the day with a chance of rain throughout the day.,rain,obs
Meiktila,5/4/2022,27.4,77.2,100,9.4,1009.8,87,15,9,"Rain, Partially cloudy",Partly cloudy throughout the day with a chance of rain throughout the day.,rain,obs
Meiktila,5/5/2022,27.6,80.2,100,9,1008.3,58.5,19.6,8,"Rain, Partially cloudy",Partly cloudy throughout the day with a chance of rain throughout the day.,rain,obs
Meiktila,5/6/2022,29.8,69.7,100,7.6,1007.5,48.6,20.2,9,"Rain, Partially cloudy",Partly cloudy throughout the day with morning rain.,rain,obs
Meiktila,5/7/2022,30.7,66.4,0,13,1006.5,41.5,20.7,9,Partially cloudy,Partly cloudy throughout the day.,partly-cloudy-day,obs
Meiktila,5/8/2022,29.1,73.6,100,12.6,1007.2,86,17.1,6,"Rain, Partially cloudy",Partly cloudy throughout the day with rain clearing later.,rain,obs
Meiktila,5/9/2022,28.5,77.6,100,7.9,1007.7,93.8,17.2,6,"Rain, Overcast",Cloudy skies throughout the day with a chance of rain throughout the day.,rain,obs
Meiktila,5/10/2022,28,80.9,100,9.7,1008.1,97.4,18.3,5,"Rain, Overcast",Cloudy skies throughout the day with rain.,rain,obs
Meiktila,5/11/2022,29,75.6,100,14.8,1006.8,86.9,19.2,5,"Rain, Partially cloudy",Partly cloudy throughout the day with a chance of rain throughout the day.,rain,obs
Meiktila,5/12/2022,29.3,75,100,20.2,1006,82.2,20.3,8,"Rain, Partially cloudy",Partly cloudy throughout the day with rain.,rain,obs
Meiktila,5/13/2022,29.9,73.4,100,23.8,1004.8,50.7,20.3,9,"Rain, Partially cloudy",Partly cloudy throughout the day with late afternoon rain.,rain,obs
Meiktila,5/14/2022,30.6,69.3,100,24.1,1005.4,56.8,20.3,9,"Rain, Partially cloudy",Partly cloudy throughout the day with rain in the morning and afternoon.,rain,obs
Meiktila,5/15/2022,31.1,67.8,100,23.8,1006.9,38.8,19.7,8,"Rain, Partially cloudy",Partly cloudy throughout the day with afternoon rain.,rain,obs
Meiktila,5/16/2022,31.4,66.6,100,19.1,1006.2,70.1,19.3,8,"Rain, Partially cloudy",Partly cloudy throughout the day with rain.,rain,obs
Meiktila,5/17/2022,30.7,68.1,100,19.1,1005.9,63.2,19.9,8,"Rain, Partially cloudy",Partly cloudy throughout the day with rain.,rain,obs
Meiktila,5/18/2022,30.4,69.7,100,17.6,1007,66.1,20.3,8,"Rain, Partially cloudy",Partly cloudy throughout the day with late afternoon rain.,rain,obs
Meiktila,5/19/2022,31.4,66.2,100,11.5,1006.4,69.5,20.3,7,"Rain, Partially cloudy",Partly cloudy throughout the day with late afternoon rain.,rain,obs
Meiktila,5/20/2022,29.9,73.3,100,12.2,1004.2,93.2,19.4,8,"Rain, Overcast",Cloudy skies throughout the day with rain.,rain,obs
Meiktila,5/21/2022,29.7,75,100,10.8,1000.9,87.4,18.2,7,"Rain, Partially cloudy",Partly cloudy throughout the day with a chance of rain throughout the day.,rain,obs
Meiktila,5/22/2022,30,71.7,100,17.3,1000.1,62,20.1,9,"Rain, Partially cloudy",Partly cloudy throughout the day with rain.,rain,obs
Meiktila,5/23/2022,29.9,70.4,100,22.3,1001,42.7,20.2,9,"Rain, Partially cloudy",Partly cloudy throughout the day with late afternoon rain.,rain,obs
Meiktila,5/24/2022,27.5,80.5,100,19.4,1003.9,82.2,19.9,6,"Rain, Partially cloudy",Partly cloudy throughout the day with rain.,rain,obs
Meiktila,5/25/2022,27.2,82.6,100,23.8,1005.8,86.8,18.8,7,"Rain, Partially cloudy",Partly cloudy throughout the day with a chance of rain throughout the day.,rain,obs
Meiktila,5/26/2022,28.7,75.8,100,20.2,1005,84.7,21.1,8,"Rain, Partially cloudy",Partly cloudy throughout the day with rain.,rain,obs
Meiktila,5/27/2022,29.2,73.7,100,19.4,1003.3,58.8,20.3,8,"Rain, Partially cloudy",Partly cloudy throughout the day with rain.,rain,obs
Meiktila,5/28/2022,30,70.9,100,20.5,1002,50.1,20.1,9,"Rain, Partially cloudy",Partly cloudy throughout the day with rain.,rain,obs
Meiktila,5/29/2022,29.7,72.6,100,17.6,1002.8,45.5,19.7,8,"Rain, Partially cloudy",Partly cloudy throughout the day with rain.,rain,obs
Meiktila,5/30/2022,29.9,71.1,100,18,1003.2,76.4,19.2,8,"Rain, Partially cloudy",Partly cloudy throughout the day with rain.,rain,obs
Meiktila,5/31/2022,29.8,70.2,100,20.5,1002.9,78.3,19.8,7,"Rain, Partially cloudy",Partly cloudy throughout the day with rain.,rain,obs
Meiktila,6/1/2022,29.6,70.5,100,23,1004.1,95.9,20.3,8,"Rain, Overcast",Cloudy skies throughout the day with rain in the morning and afternoon.,rain,obs
Meiktila,6/2/2022,28.4,76.7,100,23,1004.9,96.2,19.6,7,"Rain, Overcast",Cloudy skies throughout the day with a chance of rain throughout the day.,rain,obs
Meiktila,6/3/2022,29.7,73,100,24.5,1004.8,85.6,20.2,8,"Rain, Partially cloudy",Partly cloudy throughout the day with rain.,rain,obs
Meiktila,6/4/2022,29.6,73.3,100,23,1005.6,88.5,19.9,8,"Rain, Partially cloudy",Partly cloudy throughout the day with rain.,rain,obs
Meiktila,6/5/2022,29.8,71,100,24.5,1005.6,91,20.5,8,"Rain, Overcast",Cloudy skies throughout the day with rain.,rain,obs
Meiktila,6/6/2022,30.4,68.3,100,21.2,1004.5,82.1,20.3,7,"Rain, Partially cloudy",Partly cloudy throughout the day with late afternoon rain.,rain,obs
Meiktila,6/7/2022,30.7,65.4,100,17.6,1003.7,91.3,20.3,8,"Rain, Overcast",Cloudy skies throughout the day with late afternoon rain.,rain,obs
Meiktila,6/8/2022,28.5,76.7,100,20.2,1003.8,96.7,20.3,5,"Rain, Overcast",Cloudy skies throughout the day with a chance of rain throughout the day.,rain,obs
Meiktila,6/9/2022,29,74.4,100,24.8,1004.3,96.6,19.6,6,"Rain, Overcast",Cloudy skies throughout the day with a chance of rain throughout the day.,rain,obs
Meiktila,6/10/2022,28.7,76.2,100,23.8,1004.5,98.2,19.2,6,"Rain, Overcast",Cloudy skies throughout the day with rain.,rain,obs
Meiktila,6/11/2022,28.3,79.8,100,24.1,1005,95.6,20.3,6,"Rain, Overcast",Cloudy skies throughout the day with a chance of rain throughout the day.,rain,obs
Meiktila,6/12/2022,28.3,76.5,100,25.9,1006.5,83.3,19.8,7,"Rain, Partially cloudy",Partly cloudy throughout the day with afternoon rain.,rain,obs
Meiktila,6/13/2022,29.4,71.4,100,24.5,1006.6,78.2,20.3,7,"Rain, Partially cloudy",Partly cloudy throughout the day with afternoon rain.,rain,obs
Meiktila,6/14/2022,29.3,72.3,100,19.8,1006.2,92.8,20.2,5,"Rain, Overcast",Cloudy skies throughout the day with rain.,rain,obs
Meiktila,6/15/2022,29.6,72.9,100,23.4,1006.5,93.9,19.2,6,"Rain, Overcast",Cloudy skies throughout the day with rain.,rain,obs
Meiktila,6/16/2022,28.8,75.8,100,24.1,1007.7,93.6,19.9,5,"Rain, Overcast",Cloudy skies throughout the day with rain.,rain,obs
Meiktila,6/17/2022,28.5,79,100,23,1007.9,96.5,19.6,6,"Rain, Overcast",Cloudy skies throughout the day with a chance of rain throughout the day.,rain,obs
Meiktila,6/18/2022,28.4,77.7,100,24.8,1007.6,97.3,19.7,6,"Rain, Overcast",Cloudy skies throughout the day with rain.,rain,obs
Meiktila,6/19/2022,28.4,77.2,100,26.6,1006.7,96.4,20.2,5,"Rain, Overcast",Cloudy skies throughout the day with rain.,rain,obs
Meiktila,6/20/2022,28.9,74.7,100,24.5,1004.4,83.4,19.2,6,"Rain, Partially cloudy",Partly cloudy throughout the day with a chance of rain throughout the day.,rain,obs
Meiktila,6/21/2022,29,73.2,100,22.7,1003.4,84.7,20.1,8,"Rain, Partially cloudy",Partly cloudy throughout the day with rain.,rain,obs
Meiktila,6/22/2022,29.3,71.3,100,24.8,1005.6,93.3,20.3,7,"Rain, Overcast",Cloudy skies throughout the day with rain in the morning and afternoon.,rain,obs
Meiktila,6/23/2022,29.2,72.2,100,21.2,1006.9,96.5,20.4,7,"Rain, Overcast",Cloudy skies throughout the day with rain.,rain,obs
Meiktila,6/24/2022,29.4,68.9,100,21.6,1006.3,94.1,20.3,8,"Rain, Overcast",Cloudy skies throughout the day with afternoon rain.,rain,obs
Meiktila,6/25/2022,30.4,64.2,0,21.6,1004.9,80.3,19.8,7,Partially cloudy,Partly cloudy throughout the day.,partly-cloudy-day,obs
Meiktila,6/26/2022,31.2,65.7,100,17.3,1005.4,75.7,20.5,8,"Rain, Partially cloudy",Partly cloudy throughout the day with afternoon rain.,rain,obs
Meiktila,6/27/2022,30.8,67.3,100,21.2,1006.4,94.4,20.5,8,"Rain, Overcast",Cloudy skies throughout the day with rain.,rain,obs
Meiktila,6/28/2022,30.5,67.3,100,22.3,1005.8,94.6,19.9,6,"Rain, Overcast",Cloudy skies throughout the day with rain.,rain,obs
Meiktila,6/29/2022,30.3,70.4,100,20.9,1003.8,85.8,19,6,"Rain, Partially cloudy",Partly cloudy throughout the day with rain.,rain,obs
Meiktila,6/30/2022,28.1,82.4,100,15.5,1003.1,96.7,17.3,3,"Rain, Overcast",Cloudy skies throughout the day with a chance of rain throughout the day.,rain,obs
Meiktila,7/1/2022,27.8,78.5,100,13.7,1002.8,98.1,18.6,5,"Rain, Overcast",Cloudy skies throughout the day with a chance of rain throughout the day.,rain,obs
Meiktila,7/2/2022,28.2,78.2,100,14.4,1001.5,94.1,19.7,6,"Rain, Overcast",Cloudy skies throughout the day with rain.,rain,obs
Meiktila,7/3/2022,29.3,75.7,100,20.5,1002.1,84.8,19.8,7,"Rain, Partially cloudy",Partly cloudy throughout the day with a chance of rain throughout the day.,rain,obs
Meiktila,7/4/2022,29.9,73.4,100,16.9,1001.7,78.5,18.8,7,"Rain, Partially cloudy",Partly cloudy throughout the day with rain.,rain,obs
Meiktila,7/5/2022,30.1,72,100,20.5,1002.7,95.2,19.4,7,"Rain, Overcast",Cloudy skies throughout the day with rain in the morning and afternoon.,rain,obs
Meiktila,7/6/2022,29.9,71.2,100,15.8,1005.5,93.4,18.8,8,"Rain, Overcast",Cloudy skies throughout the day with rain.,rain,obs
Meiktila,7/7/2022,29.4,78.1,100,15.5,1006.2,69,20,8,"Rain, Partially cloudy",Partly cloudy throughout the day with early morning rain.,rain,obs
Meiktila,7/8/2022,29.8,71.7,100,18.7,1004.6,71,20.4,8,"Rain, Partially cloudy",Partly cloudy throughout the day with rain.,rain,obs
Meiktila,7/9/2022,29.7,71.9,100,16.9,1003.1,84.9,20.5,8,"Rain, Partially cloudy",Partly cloudy throughout the day with rain.,rain,obs
Meiktila,7/10/2022,29.9,70.4,100,18,1003.8,93.7,20,8,"Rain, Overcast",Cloudy skies throughout the day with rain.,rain,obs
Meiktila,7/11/2022,29.8,70.7,100,18,1004.8,79,20.3,8,"Rain, Partially cloudy",Partly cloudy throughout the day with early morning rain.,rain,obs
Meiktila,7/12/2022,30.5,66.7,0,14.8,1003.7,61.1,20.3,7,Partially cloudy,Partly cloudy throughout the day.,partly-cloudy-day,obs
Meiktila,7/13/2022,29.8,69.9,100,16.2,1002.2,62.3,19.9,8,"Rain, Partially cloudy",Partly cloudy throughout the day with afternoon rain.,rain,obs
Meiktila,7/14/2022,29.9,71.4,100,12.2,1002.2,84.5,19.5,7,"Rain, Partially cloudy",Partly cloudy throughout the day with late afternoon rain.,rain,obs
Meiktila,7/15/2022,29.4,74.1,100,14.4,1004,87.7,20.2,6,"Rain, Partially cloudy",Partly cloudy throughout the day with afternoon rain.,rain,obs
Meiktila,7/16/2022,30.7,67.4,100,15.5,1004.7,79.4,20.3,8,"Rain, Partially cloudy",Partly cloudy throughout the day with afternoon rain.,rain,obs
Meiktila,7/17/2022,30.9,66.7,0,18,1006.7,72.4,20.3,8,Partially cloudy,Partly cloudy throughout the day.,partly-cloudy-day,obs
Meiktila,7/18/2022,31.5,65.5,100,20.5,1005.7,93.7,20.3,7,"Rain, Overcast",Cloudy skies throughout the day with rain.,rain,obs
Meiktila,7/19/2022,31.2,67.7,100,22.7,1003.9,88.1,20.3,8,"Rain, Partially cloudy",Partly cloudy throughout the day with rain.,rain,obs
Meiktila,7/20/2022,31.2,67.2,100,18.7,1003.8,96,21.1,7,"Rain, Overcast",Cloudy skies throughout the day with rain.,rain,obs
Meiktila,7/21/2022,30.8,71.1,100,14.4,1004.4,90.8,18.4,7,"Rain, Overcast",Cloudy skies throughout the day with rain.,rain,obs
Meiktila,7/22/2022,29.7,76.4,100,20.2,1005.5,92.5,16.6,7,"Rain, Overcast",Cloudy skies throughout the day with rain.,rain,obs
Meiktila,7/23/2022,29.2,69.6,100,22,1007.1,94.2,19.7,6,"Rain, Overcast",Cloudy skies throughout the day with rain.,rain,obs
Meiktila,7/24/2022,28.9,74.5,100,15.1,1007.6,92.8,20.3,8,"Rain, Overcast",Cloudy skies throughout the day with rain clearing later.,rain,obs
Meiktila,7/25/2022,30.8,67.5,100,8.3,1007.9,68.6,20.3,9,"Rain, Partially cloudy",Partly cloudy throughout the day with late afternoon rain.,rain,obs
Meiktila,7/26/2022,30.6,71.3,100,11.2,1008.2,45.4,20.4,9,"Rain, Partially cloudy",Partly cloudy throughout the day with rain.,rain,obs
Meiktila,7/27/2022,31.8,67.3,100,8.3,1006.9,52.5,20.3,9,"Rain, Partially cloudy",Partly cloudy throughout the day with afternoon rain.,rain,obs
Meiktila,7/28/2022,32.1,66.6,100,9.4,1006.9,57.1,19.7,9,"Rain, Partially cloudy",Partly cloudy throughout the day with rain.,rain,obs
Meiktila,7/29/2022,31.4,70.1,100,11.9,1006.1,77.1,20.2,8,"Rain, Partially cloudy",Partly cloudy throughout the day with afternoon rain.,rain,obs
Meiktila,7/30/2022,31.1,68.2,100,15.1,1005.2,90.5,20.3,8,"Rain, Overcast",Cloudy skies throughout the day with afternoon rain.,rain,obs
Meiktila,7/31/2022,30.5,70.1,100,18.4,1003.8,97.8,19.5,7,"Rain, Overcast",Cloudy skies throughout the day with afternoon rain.,rain,obs
Meiktila,8/1/2022,29.8,74.9,100,15.8,1004.1,97.5,19.8,8,"Rain, Overcast",Cloudy skies throughout the day with a chance of rain throughout the day.,rain,obs
Meiktila,8/2/2022,29.9,74.1,100,14,1003.7,97,20.9,6,"Rain, Overcast",Cloudy skies throughout the day with a chance of rain throughout the day.,rain,obs
Meiktila,8/3/2022,30,72.9,100,14.4,1005.7,88.8,19.4,9,"Rain, Partially cloudy",Partly cloudy throughout the day with rain.,rain,obs
Meiktila,8/4/2022,30.6,69.4,100,17.6,1006.2,82.3,20.3,7,"Rain, Partially cloudy",Partly cloudy throughout the day with rain.,rain,obs
Meiktila,8/5/2022,29.5,70.9,100,16.2,1004.7,95.6,20.3,7,"Rain, Overcast",Cloudy skies throughout the day with rain.,rain,obs
Meiktila,8/6/2022,29.5,71.8,100,14.8,1003.2,97.4,20.1,6,"Rain, Overcast",Cloudy skies throughout the day with a chance of rain throughout the day.,rain,obs
Meiktila,8/7/2022,29.4,73.3,100,16.6,1002.6,95,19.4,6,"Rain, Overcast",Cloudy skies throughout the day with a chance of rain throughout the day.,rain,obs
Meiktila,8/8/2022,27.5,82.1,100,18.7,1003.7,96,16.7,5,"Rain, Overcast",Cloudy skies throughout the day with a chance of rain throughout the day.,rain,obs
Meiktila,8/9/2022,27.3,82.9,100,16.6,1004.9,84.7,20.2,7,"Rain, Partially cloudy",Partly cloudy throughout the day with a chance of rain throughout the day.,rain,obs
Meiktila,8/10/2022,28.4,76.6,100,15.8,1004.5,76,16.8,7,"Rain, Partially cloudy",Partly cloudy throughout the day with rain.,rain,obs
Meiktila,8/11/2022,29,76.2,100,14.4,1004.3,91,19.2,8,"Rain, Overcast",Cloudy skies throughout the day with rain.,rain,obs
Meiktila,8/12/2022,26.2,89.3,100,18,1003.2,100,12.8,2,"Rain, Overcast",Cloudy skies throughout the day with a chance of rain throughout the day.,rain,obs
Meiktila,8/13/2022,27.4,81,100,28.1,1005,89.7,20.1,6,"Rain, Partially cloudy",Partly cloudy throughout the day with a chance of rain throughout the day.,rain,obs
Meiktila,8/14/2022,28.6,77.5,100,19.1,1007.9,76.5,19.7,7,"Rain, Partially cloudy",Partly cloudy throughout the day with a chance of rain throughout the day.,rain,obs
Meiktila,8/15/2022,29.2,78.9,100,12.6,1007.8,68.4,20.3,8,"Rain, Partially cloudy",Partly cloudy throughout the day with rain.,rain,obs
Meiktila,8/16/2022,27.7,83.4,100,10.8,1005,85.1,20.1,6,"Rain, Partially cloudy",Partly cloudy throughout the day with a chance of rain throughout the day.,rain,obs
Meiktila,8/17/2022,29.9,78.6,100,6.8,1001.8,68.4,19,8,"Rain, Partially cloudy",Partly cloudy throughout the day with rain.,rain,obs
Meiktila,8/18/2022,29,76.8,0,22.3,1002.8,73.6,20.3,7,Partially cloudy,Partly cloudy throughout the day.,partly-cloudy-day,obs
Meiktila,8/19/2022,29,74.2,100,19.8,1005.6,81.6,19.6,7,"Rain, Partially cloudy",Partly cloudy throughout the day with early morning rain.,rain,obs
Meiktila,8/20/2022,29.4,74.1,100,15.5,1005.8,84.3,20.3,7,"Rain, Partially cloudy",Partly cloudy throughout the day with rain.,rain,obs
Meiktila,8/21/2022,29.2,76.3,100,14.4,1003.4,97.3,20.3,7,"Rain, Overcast",Cloudy skies throughout the day with rain.,rain,obs
Meiktila,8/22/2022,27.9,82.7,100,13.3,1002.8,97,19.4,4,"Rain, Overcast",Cloudy skies throughout the day with a chance of rain throughout the day.,rain,obs
Meiktila,8/23/2022,28.9,75.4,100,19.1,1006.2,66.6,20.3,7,"Rain, Partially cloudy",Partly cloudy throughout the day with early morning rain.,rain,obs
Meiktila,8/24/2022,29.7,72.4,0,11.2,1007.4,52.9,20.5,9,Partially cloudy,Partly cloudy throughout the day.,partly-cloudy-day,obs
Meiktila,8/25/2022,30,72.4,0,13,1004.1,86,18.6,8,Partially cloudy,Partly cloudy throughout the day.,partly-cloudy-day,obs
Meiktila,8/26/2022,28.2,82.8,100,17.6,1002.8,97.1,18.5,7,"Rain, Overcast",Cloudy skies throughout the day with rain.,rain,obs
Meiktila,8/27/2022,27.2,85.3,100,22.3,1005.6,94.7,18.4,5,"Rain, Overcast",Cloudy skies throughout the day with a chance of rain throughout the day.,rain,obs
Meiktila,8/28/2022,29.1,74,0,16.6,1007.4,80.2,20.3,8,Partially cloudy,Partly cloudy throughout the day.,partly-cloudy-day,obs
Meiktila,8/29/2022,30.6,71.8,100,8.3,1008.4,69.2,20.4,7,"Rain, Partially cloudy",Partly cloudy throughout the day with afternoon rain.,rain,obs
Meiktila,8/30/2022,31,70.7,0,11.2,1008.5,76.8,20.8,8,Partially cloudy,Partly cloudy throughout the day.,partly-cloudy-day,obs
Meiktila,8/31/2022,30.7,71.5,100,14,1007.3,81.6,19.8,9,"Rain, Partially cloudy",Partly cloudy throughout the day with late afternoon rain.,rain,obs
Meiktila,9/1/2022,30,72.2,100,13.3,1008,93.5,21.1,8,"Rain, Overcast",Cloudy skies throughout the day with early morning rain.,rain,obs
Meiktila,9/2/2022,30.7,70.5,0,11.9,1007.7,56,19.8,8,Partially cloudy,Partly cloudy throughout the day.,partly-cloudy-day,obs
Meiktila,9/3/2022,31.1,68.2,100,16.6,1005.8,75.9,20.4,8,"Rain, Partially cloudy",Partly cloudy throughout the day with afternoon rain.,rain,obs
Meiktila,9/4/2022,31.7,66,0,18.4,1005.7,74.6,20.5,9,Partially cloudy,Partly cloudy throughout the day.,partly-cloudy-day,obs
Meiktila,9/5/2022,31,67.4,0,19.8,1006.6,89.3,20,7,Partially cloudy,Partly cloudy throughout the day.,partly-cloudy-day,obs
Meiktila,9/6/2022,30.3,70.1,100,11.2,1007.1,72.8,20.3,7,"Rain, Partially cloudy",Partly cloudy throughout the day with early morning rain.,rain,obs
Meiktila,9/7/2022,29.9,75.8,100,9.4,1007.9,64.6,19.3,8,"Rain, Partially cloudy",Partly cloudy throughout the day with rain.,rain,obs
Meiktila,9/8/2022,29.5,77.7,100,8.6,1008.9,77.2,18.9,8,"Rain, Partially cloudy",Partly cloudy throughout the day with rain.,rain,obs
Meiktila,9/9/2022,28,83.4,100,9.4,1009.3,97.6,19.1,6,"Rain, Overcast",Cloudy skies throughout the day with a chance of rain throughout the day.,rain,obs
Meiktila,9/10/2022,27.6,84.8,100,9.7,1009.1,98.1,12.8,7,"Rain, Overcast",Cloudy skies throughout the day with rain.,rain,obs
Meiktila,9/11/2022,26.2,85.7,100,12.6,1009.3,99.5,14.8,4,"Rain, Overcast",Cloudy skies throughout the day with a chance of rain throughout the day.,rain,obs
Meiktila,9/12/2022,27,79.5,100,14.8,1008.8,93.4,18.5,4,"Rain, Overcast",Cloudy skies throughout the day with a chance of rain throughout the day.,rain,obs
Meiktila,9/13/2022,28.1,77.9,100,17.3,1008.9,85.8,19.2,6,"Rain, Partially cloudy",Partly cloudy throughout the day with rain.,rain,obs
Meiktila,9/14/2022,28.9,76,100,13,1008.8,87.9,19.5,8,"Rain, Partially cloudy",Partly cloudy throughout the day with afternoon rain.,rain,obs
Meiktila,9/15/2022,29,73.9,100,17.3,1007.5,77.1,21.1,6,"Rain, Partially cloudy",Partly cloudy throughout the day with afternoon rain.,rain,obs
Meiktila,9/16/2022,29.3,73.6,100,21.2,1004.8,91,20.3,7,"Rain, Overcast",Cloudy skies throughout the day with rain in the morning and afternoon.,rain,obs
Meiktila,9/17/2022,29.6,72.5,0,16.9,1004.9,91.4,20.3,6,Overcast,Cloudy skies throughout the day.,cloudy,obs
Meiktila,9/18/2022,29,76.4,100,13.3,1006.2,79.6,18.1,6,"Rain, Partially cloudy",Partly cloudy throughout the day with a chance of rain throughout the day.,rain,obs
Meiktila,9/19/2022,28.8,74.7,100,16.9,1008,56.2,18.5,7,"Rain, Partially cloudy",Partly cloudy throughout the day with afternoon rain.,rain,obs
Meiktila,9/20/2022,28.7,73.5,100,15.1,1008.4,73.9,20.3,8,"Rain, Partially cloudy",Partly cloudy throughout the day with afternoon rain.,rain,obs
Meiktila,9/21/2022,28.9,74,100,13.7,1007.9,78.5,20.7,7,"Rain, Partially cloudy",Partly cloudy throughout the day with rain in the morning and afternoon.,rain,obs
Meiktila,9/22/2022,29.2,75.5,100,7.6,1007.2,55.2,20.1,8,"Rain, Partially cloudy",Partly cloudy throughout the day with rain.,rain,obs
Meiktila,9/23/2022,28.8,78.6,100,9,1007.2,91.8,20.2,7,"Rain, Overcast",Cloudy skies throughout the day with afternoon rain.,rain,obs
Meiktila,9/24/2022,29.1,74.7,100,8.6,1007.2,90.8,19.6,7,"Rain, Overcast",Cloudy skies throughout the day with rain clearing later.,rain,obs
Meiktila,9/25/2022,29.5,72.5,100,7.2,1007.4,94.1,18.1,8,"Rain, Overcast",Cloudy skies throughout the day with afternoon rain.,rain,obs
Meiktila,9/26/2022,28.7,77.3,100,10.8,1007.6,87.2,16.9,7,"Rain, Partially cloudy",Partly cloudy throughout the day with rain.,rain,obs
Meiktila,9/27/2022,29.3,75.2,100,10.4,1007.1,62.9,19.5,8,"Rain, Partially cloudy",Partly cloudy throughout the day with early morning rain.,rain,obs
Meiktila,9/28/2022,30.4,69.4,100,8.3,1005.6,49,20.6,8,"Rain, Partially cloudy",Partly cloudy throughout the day with late afternoon rain.,rain,obs
Meiktila,9/29/2022,29.8,72.5,100,14.4,1004,86.1,20.1,8,"Rain, Partially cloudy",Partly cloudy throughout the day with afternoon rain.,rain,obs
Meiktila,9/30/2022,29.9,72.9,100,5.4,1004,88.2,18.3,8,"Rain, Partially cloudy",Partly cloudy throughout the day with rain.,rain,obs
Meiktila,10/1/2022,28.3,81.4,100,13.7,1004.2,97.2,17.6,7,"Rain, Overcast",Cloudy skies throughout the day with rain.,rain,obs
Meiktila,10/2/2022,27.5,81.7,100,20.9,1005.6,96.7,16,6,"Rain, Overcast",Cloudy skies throughout the day with a chance of rain throughout the day.,rain,obs
Meiktila,10/3/2022,28.6,76.3,100,14,1008.3,92.1,18.3,7,"Rain, Overcast",Cloudy skies throughout the day with rain.,rain,obs
Meiktila,10/4/2022,29.2,77.3,100,6.1,1009.8,61.2,17.7,8,"Rain, Partially cloudy",Partly cloudy throughout the day with rain.,rain,obs
Meiktila,10/5/2022,28.6,76.7,100,7.6,1011,57.1,20,8,"Rain, Partially cloudy",Partly cloudy throughout the day with afternoon rain.,rain,obs
Meiktila,10/6/2022,29.9,67.5,0,5.8,1011,30.5,20.3,9,Partially cloudy,Partly cloudy throughout the day.,partly-cloudy-day,obs
Meiktila,10/7/2022,30.1,69.8,100,8.3,1010.1,68.9,19.8,8,"Rain, Partially cloudy",Partly cloudy throughout the day with afternoon rain.,rain,obs
Meiktila,10/8/2022,29.4,73.9,100,8.6,1011.3,84.5,18.4,7,"Rain, Partially cloudy",Partly cloudy throughout the day with early morning rain.,rain,obs
Meiktila,10/9/2022,29.2,73.9,100,10.4,1012.3,70.4,20.2,8,"Rain, Partially cloudy",Partly cloudy throughout the day with rain.,rain,obs
Meiktila,10/10/2022,29.5,69.7,100,7.2,1012.3,59.6,18.7,8,"Rain, Partially cloudy",Partly cloudy throughout the day with rain.,rain,obs
Meiktila,10/11/2022,29.1,73.8,100,10.8,1011.9,80.9,20.1,8,"Rain, Partially cloudy",Partly cloudy throughout the day with afternoon rain.,rain,obs
Meiktila,10/12/2022,29.6,71.2,0,10.8,1011.3,50.9,20.3,7,Partially cloudy,Partly cloudy throughout the day.,partly-cloudy-day,obs
Meiktila,10/13/2022,30.2,67.1,0,7.6,1010.7,36.4,20.3,7,Partially cloudy,Partly cloudy throughout the day.,partly-cloudy-day,obs
Meiktila,10/14/2022,30.5,65.6,0,6.5,1009.1,43.8,21.1,7,Partially cloudy,Partly cloudy throughout the day.,partly-cloudy-day,obs
Meiktila,10/15/2022,30.8,64.7,100,9.4,1008.2,56.4,19.8,8,"Rain, Partially cloudy",Partly cloudy throughout the day with afternoon rain.,rain,obs
Meiktila,10/16/2022,30.1,68.4,100,8.3,1010.1,55,19.1,8,"Rain, Partially cloudy",Partly cloudy throughout the day with afternoon rain.,rain,obs
Meiktila,10/17/2022,29.6,71.1,100,10.1,1011.7,80.4,18.1,6,"Rain, Partially cloudy",Partly cloudy throughout the day with a chance of rain throughout the day.,rain,obs
Meiktila,10/18/2022,29.5,68.7,100,9.7,1010.7,60,21.8,7,"Rain, Partially cloudy",Partly cloudy throughout the day with rain.,rain,obs
Meiktila,10/19/2022,29.2,70.3,0,14,1010.5,31.1,18.7,9,Partially cloudy,Partly cloudy throughout the day.,partly-cloudy-day,obs
Meiktila,10/20/2022,28.8,69,0,13,1011.1,13.6,20.2,8,Clear,Clear conditions throughout the day.,clear-day,obs
Meiktila,10/21/2022,29.7,66.2,0,10.8,1011.8,16.1,21.2,8,Clear,Clear conditions throughout the day.,clear-day,obs
Meiktila,10/22/2022,30.8,60.7,0,7.2,1012.2,20.6,20.5,8,Partially cloudy,Partly cloudy throughout the day.,partly-cloudy-day,obs
Meiktila,10/23/2022,30.7,62.7,0,6.8,1011.4,63.9,20.2,8,Partially cloudy,Partly cloudy throughout the day.,partly-cloudy-day,obs
Meiktila,10/24/2022,29.9,67.2,100,20.5,1008.9,83.3,17.7,6,"Rain, Partially cloudy",Partly cloudy throughout the day with afternoon rain.,rain,obs
Meiktila,10/25/2022,28,75.8,100,21.6,1010.3,89.3,19.5,2,"Rain, Partially cloudy",Partly cloudy throughout the day with rain.,rain,obs
Meiktila,10/26/2022,29.6,68.1,0,11.9,1011.6,48.3,19.9,7,Partially cloudy,Partly cloudy throughout the day.,partly-cloudy-day,obs
Meiktila,10/27/2022,29.9,64.4,0,9.7,1010.9,24.1,21.1,7,Partially cloudy,Partly cloudy throughout the day.,partly-cloudy-day,obs
Meiktila,10/28/2022,29.7,64.1,0,10.4,1010.4,61.6,20.4,8,Partially cloudy,Partly cloudy throughout the day.,partly-cloudy-day,obs
Meiktila,10/29/2022,29.5,65.5,0,10.1,1010.6,47.3,19.5,6,Partially cloudy,Partly cloudy throughout the day.,partly-cloudy-day,obs
Meiktila,10/30/2022,29.3,70.6,100,9.7,1010.6,37.4,20,7,"Rain, Partially cloudy",Partly cloudy throughout the day with rain.,rain,obs
Meiktila,10/31/2022,29.7,68.2,100,10.1,1010.9,27.3,18.5,8,"Rain, Partially cloudy",Partly cloudy throughout the day with late afternoon rain.,rain,obs
Meiktila,11/1/2022,29.4,62.5,0,9.7,1011.5,31.1,20.3,8,Partially cloudy,Partly cloudy throughout the day.,partly-cloudy-day,obs
Meiktila,11/2/2022,28.9,55.3,0,10.4,1010.3,17,20.4,8,Clear,Clear conditions throughout the day.,clear-day,obs
Meiktila,11/3/2022,27.2,56.7,0,8.3,1010.1,2.8,21.1,8,Clear,Clear conditions throughout the day.,clear-day,obs
Meiktila,11/4/2022,27.9,57.5,0,6.5,1012.2,2.8,20.3,8,Clear,Clear conditions throughout the day.,clear-day,obs
Meiktila,11/5/2022,28.4,59.4,0,7.9,1014.3,19.6,20.4,7,Clear,Clear conditions throughout the day.,clear-day,obs
Meiktila,11/6/2022,28.5,57.4,0,7.6,1014.2,2.5,20.5,7,Clear,Clear conditions throughout the day.,clear-day,obs
Meiktila,11/7/2022,28,55.5,0,5.8,1013.4,3.3,20.2,8,Clear,Clear conditions throughout the day.,clear-day,obs
Meiktila,11/8/2022,27.2,57.3,0,8.3,1013.3,2.2,21.2,8,Clear,Clear conditions throughout the day.,clear-day,obs
Meiktila,11/9/2022,26.9,57.7,0,9,1013.3,12.8,20.4,8,Clear,Clear conditions throughout the day.,clear-day,obs
Meiktila,11/10/2022,27,56.5,0,9,1013.2,14,20.3,8,Clear,Clear conditions throughout the day.,clear-day,obs
Meiktila,11/11/2022,26.6,59.3,0,8.6,1013.1,7.9,20.3,8,Clear,Clear conditions throughout the day.,clear-day,obs
Meiktila,11/12/2022,27.2,54.6,0,4.3,1012.4,0.8,20.3,8,Clear,Clear conditions throughout the day.,clear-day,obs
Meiktila,11/13/2022,27,58.1,0,9.7,1011.7,2.1,20.3,8,Clear,Clear conditions throughout the day.,clear-day,obs
Meiktila,11/14/2022,27.1,62.1,0,11.5,1012.5,0,20.4,8,Clear,Clear conditions throughout the day.,clear-day,obs
Meiktila,11/15/2022,27,61.1,0,9,1011.7,3.3,20.5,7,Clear,Clear conditions throughout the day.,clear-day,obs
Meiktila,11/16/2022,27.2,56.8,0,8.6,1010.6,17,20.3,8,Clear,Clear conditions throughout the day.,clear-day,obs
Meiktila,11/17/2022,26.9,58.5,100,9.4,1010.6,32.5,20.3,8,"Rain, Partially cloudy",Partly cloudy throughout the day with afternoon rain.,rain,obs
Meiktila,11/18/2022,26.6,58.3,100,9.4,1011.6,51.6,20.3,7,"Rain, Partially cloudy",Partly cloudy throughout the day with afternoon rain.,rain,obs
Meiktila,11/19/2022,27.3,53,0,15.8,1012.1,64.9,21,7,Partially cloudy,Partly cloudy throughout the day.,partly-cloudy-day,obs
Meiktila,11/20/2022,27.2,51.7,0,10.8,1011.1,45.7,20.3,7,Partially cloudy,Partly cloudy throughout the day.,partly-cloudy-day,obs
Meiktila,11/21/2022,27.3,54,0,10.1,1009.3,5.7,20.5,7,Clear,Clear conditions throughout the day.,clear-day,obs
Meiktila,11/22/2022,27.5,57.7,0,11.2,1009.3,0.8,20.3,8,Clear,Clear conditions throughout the day.,clear-day,obs
Meiktila,11/23/2022,27.5,59.6,0,8.6,1009.6,2.7,20.4,8,Clear,Clear conditions throughout the day.,clear-day,obs
Meiktila,11/24/2022,27,59.5,0,8.3,1010.1,26,20.5,8,Partially cloudy,Partly cloudy throughout the day.,partly-cloudy-day,obs
Meiktila,11/25/2022,27.5,56.7,0,12.6,1011.3,67.1,21.1,7,Partially cloudy,Partly cloudy throughout the day.,partly-cloudy-day,obs
Meiktila,11/26/2022,27.4,57.8,100,8.3,1011,62.2,20.3,6,"Rain, Partially cloudy",Partly cloudy throughout the day with afternoon rain.,rain,obs
Meiktila,11/27/2022,28.4,59.6,0,7.2,1009.3,50.8,20.3,7,Partially cloudy,Partly cloudy throughout the day.,partly-cloudy-day,obs
Meiktila,11/28/2022,28.3,65.1,100,7.9,1010.3,69.2,20.4,6,"Rain, Partially cloudy",Partly cloudy throughout the day with morning rain.,rain,obs
Meiktila,11/29/2022,28.4,64.5,0,9,1011.3,69.7,20.4,7,Partially cloudy,Partly cloudy throughout the day.,partly-cloudy-day,obs
Meiktila,11/30/2022,28.2,62.7,0,10.1,1012,31.7,20.5,7,Partially cloudy,Partly cloudy throughout the day.,partly-cloudy-day,obs
Meiktila,12/1/2022,28.7,60.8,0,7.9,1011.1,24.4,20.4,7,Partially cloudy,Partly cloudy throughout the day.,partly-cloudy-day,obs
Meiktila,12/2/2022,28.6,63,100,9,1011,22.6,20.6,6,"Rain, Partially cloudy",Partly cloudy throughout the day with rain clearing later.,rain,obs
Meiktila,12/3/2022,28.1,64.5,0,9,1010.9,10.8,20.4,7,Clear,Clear conditions throughout the day.,clear-day,obs
Meiktila,12/4/2022,27.5,63.6,0,8.6,1011.4,5.3,20.4,7,Clear,Clear conditions throughout the day.,clear-day,obs
Meiktila,12/5/2022,26.8,60.1,0,9.4,1012.3,9,20.4,7,Clear,Clear conditions throughout the day.,clear-day,obs
Meiktila,12/6/2022,26.2,59.1,0,8.6,1011.2,37.9,20.5,7,Partially cloudy,Becoming cloudy in the afternoon.,partly-cloudy-day,obs
Meiktila,12/7/2022,26.1,55.9,0,8.3,1010.9,24.9,20.4,7,Partially cloudy,Partly cloudy throughout the day.,partly-cloudy-day,obs
Meiktila,12/8/2022,25.6,58.6,0,8.3,1012,28.7,20.4,7,Partially cloudy,Partly cloudy throughout the day.,partly-cloudy-day,obs
Meiktila,12/9/2022,25.7,59.9,0,9,1011.8,19.4,20.5,7,Clear,Clear conditions throughout the day.,clear-day,obs
Meiktila,12/10/2022,24.9,61.3,0,9,1011.6,3,20.4,7,Clear,Clear conditions throughout the day.,clear-day,obs
Meiktila,12/11/2022,24.7,60.9,0,9.4,1011.2,4.2,20.4,7,Clear,Clear conditions throughout the day.,clear-day,obs
Meiktila,12/12/2022,25.2,60.7,0,9.4,1011,1.3,20.4,7,Clear,Clear conditions throughout the day.,clear-day,obs
Meiktila,12/13/2022,25.6,63,0,6.8,1011.2,4.6,20.3,7,Clear,Clear conditions throughout the day.,clear-day,obs
Meiktila,12/14/2022,26.2,66.3,0,12.6,1011.6,35.8,21.1,6,Partially cloudy,Partly cloudy throughout the day.,partly-cloudy-day,obs
Meiktila,12/15/2022,26.3,69,100,12.6,1010.6,41.7,20.4,5,"Rain, Partially cloudy",Partly cloudy throughout the day with rain in the morning and afternoon.,rain,obs
Meiktila,12/16/2022,26,65,0,11.9,1010.1,57.2,21.2,6,Partially cloudy,Partly cloudy throughout the day.,partly-cloudy-day,obs
Meiktila,12/17/2022,25.1,68.5,0,8.6,1012.3,57.3,20.4,7,Partially cloudy,Partly cloudy throughout the day.,partly-cloudy-day,obs
Meiktila,12/18/2022,25.6,66.7,0,10.1,1012.7,55.9,20.2,5,Partially cloudy,Partly cloudy throughout the day.,partly-cloudy-day,obs
Meiktila,12/19/2022,25.7,71.4,100,5.8,1011.6,65.1,19.1,6,"Rain, Partially cloudy",Partly cloudy throughout the day with a chance of rain throughout the day.,rain,obs
Meiktila,12/20/2022,24.7,74.4,100,7.9,1010.7,65.2,20.4,5,"Rain, Partially cloudy",Partly cloudy throughout the day with a chance of rain throughout the day.,rain,obs
Meiktila,12/21/2022,24.7,69.3,0,6.8,1010.8,39.4,20.4,6,Partially cloudy,Partly cloudy throughout the day.,partly-cloudy-day,obs
Meiktila,12/22/2022,24.7,65.3,0,9,1010.5,49.4,20.3,7,Partially cloudy,Becoming cloudy in the afternoon.,partly-cloudy-day,obs
Meiktila,12/23/2022,25.1,63.2,0,7.2,1010.6,35,20.3,7,Partially cloudy,Partly cloudy throughout the day.,partly-cloudy-day,obs
Meiktila,12/24/2022,24.4,65.4,0,13,1011.3,12.2,20.3,7,Clear,Clear conditions throughout the day.,clear-day,obs
Meiktila,12/25/2022,25.4,62.2,0,16.6,1012.7,13.4,20.3,7,Clear,Clear conditions throughout the day.,clear-day,obs
Meiktila,12/26/2022,23.8,67.4,0,13.3,1015.3,24.5,20.4,7,Partially cloudy,Partly cloudy throughout the day.,partly-cloudy-day,obs
Meiktila,12/27/2022,23.7,60,0,14.8,1014.2,13.5,20.4,7,Clear,Clear conditions throughout the day.,clear-day,obs
Meiktila,12/28/2022,23.8,56,0,10.1,1014.7,33.2,20.4,7,Partially cloudy,Partly cloudy throughout the day.,partly-cloudy-day,obs
Meiktila,12/29/2022,23.2,63.3,0,7.6,1015.9,22.6,20.4,7,Partially cloudy,Partly cloudy throughout the day.,partly-cloudy-day,obs
Meiktila,12/30/2022,23,66,0,10.1,1016.6,19.1,20.3,7,Clear,Clear conditions throughout the day.,clear-day,obs
Meiktila,12/31/2022,23,65.8,100,15.1,1015.7,26.3,20.3,6,"Rain, Partially cloudy",Partly cloudy throughout the day with rain in the morning and afternoon.,rain,obs
name,datetime,temp,humidity,precipprob,windspeed,sealevelpressure,cloudcover,visibility,uvindex,conditions,description,icon,source
Meiktila,1/1/2023,22.8,61.9,0,9.4,1016.7,14.3,21.8,7,Clear,Clear conditions throughout the day.,clear-day,obs
Meiktila,1/2/2023,21.8,61.7,0,10.1,1017.5,4.8,20.4,7,Clear,Clear conditions throughout the day.,clear-day,obs
Meiktila,1/3/2023,22.1,59.7,0,10.1,1017.3,0.7,20.4,7,Clear,Clear conditions throughout the day.,clear-day,obs
Meiktila,1/4/2023,22,59.3,0,9.7,1016.9,3.3,20.4,7,Clear,Clear conditions throughout the day.,clear-day,obs
Meiktila,1/5/2023,22.5,58.3,0,11.9,1016.8,0,20.3,8,Clear,Clear conditions throughout the day.,clear-day,obs
Meiktila,1/6/2023,23,60.7,0,11.2,1016.9,11.4,20.3,7,Clear,Clear conditions throughout the day.,clear-day,obs
Meiktila,1/7/2023,24.3,60.9,0,8.3,1015.3,31.8,21.2,6,Partially cloudy,Clearing in the afternoon.,partly-cloudy-day,obs
Meiktila,1/8/2023,23.8,62.9,0,9,1014.6,7.3,20.4,7,Clear,Clear conditions throughout the day.,clear-day,obs
Meiktila,1/9/2023,23.6,56.5,0,9.4,1015.4,11.6,20.4,7,Clear,Clear conditions throughout the day.,clear-day,obs
Meiktila,1/10/2023,22.8,55.8,0,9,1014.6,1,20.4,7,Clear,Clear conditions throughout the day.,clear-day,obs
Meiktila,1/11/2023,23.1,51.7,0,10.1,1012.3,0,20.4,8,Clear,Clear conditions throughout the day.,clear-day,obs
Meiktila,1/12/2023,22.7,54.7,0,8.6,1011.2,0,20.4,8,Clear,Clear conditions throughout the day.,clear-day,obs
Meiktila,1/13/2023,22.2,59.1,0,15.1,1011.7,0,20.4,8,Clear,Clear conditions throughout the day.,clear-day,obs
Meiktila,1/14/2023,22,59.2,0,10.1,1011.4,0,20.4,8,Clear,Clear conditions throughout the day.,clear-day,obs
Meiktila,1/15/2023,21.8,51.1,0,10.8,1011.3,0,20.4,8,Clear,Clear conditions throughout the day.,clear-day,obs
Meiktila,1/16/2023,22.3,48.5,0,6.8,1012.2,0,20.3,8,Clear,Clear conditions throughout the day.,clear-day,obs
Meiktila,1/17/2023,21.9,55,0,9.4,1013.2,1.3,20.4,8,Clear,Clear conditions throughout the day.,clear-day,obs
Meiktila,1/18/2023,22.6,59.5,0,10.8,1014.7,2.5,20.3,8,Clear,Clear conditions throughout the day.,clear-day,obs
Meiktila,1/19/2023,23,59.5,0,8.6,1014.9,5.1,20.3,8,Clear,Clear conditions throughout the day.,clear-day,obs
Meiktila,1/20/2023,23,59.1,0,9.7,1014.4,0,20.3,8,Clear,Clear conditions throughout the day.,clear-day,obs
Meiktila,1/21/2023,23.5,57,0,8.3,1013.4,0,20.3,8,Clear,Clear conditions throughout the day.,clear-day,obs
Meiktila,1/22/2023,23.1,57.7,0,9.4,1012.7,0,20.3,8,Clear,Clear conditions throughout the day.,clear-day,obs
Meiktila,1/23/2023,22.3,57.6,0,13,1012.2,0,20.3,8,Clear,Clear conditions throughout the day.,clear-day,obs
Meiktila,1/24/2023,22.5,53.2,0,12.6,1012.9,2.2,20.3,8,Clear,Clear conditions throughout the day.,clear-day,obs
Meiktila,1/25/2023,23.4,52.5,0,9.7,1012.9,0.6,20.3,8,Clear,Clear conditions throughout the day.,clear-day,obs
Meiktila,1/26/2023,23.8,54.6,0,8.6,1012,0.1,20.3,8,Clear,Clear conditions throughout the day.,clear-day,obs
Meiktila,1/27/2023,24.5,53.9,0,10.4,1011.7,0,21,8,Clear,Clear conditions throughout the day.,clear-day,obs
Meiktila,1/28/2023,25.4,54.8,0,9.4,1011,0,20.2,8,Clear,Clear conditions throughout the day.,clear-day,obs
Meiktila,1/29/2023,25.5,60.8,0,8.6,1011.8,1.2,20.3,8,Clear,Clear conditions throughout the day.,clear-day,obs
Meiktila,1/30/2023,26.8,58.6,0,9.7,1013.5,11.9,20.2,8,Clear,Clear conditions throughout the day.,clear-day,obs
Meiktila,1/31/2023,26.3,58.3,0,8.6,1011.3,0,20.2,8,Clear,Clear conditions throughout the day.,clear-day,obs
Meiktila,2/1/2023,26.2,62.6,0,8.6,1010.2,6.6,20.3,8,Clear,Clear conditions throughout the day.,clear-day,obs
Meiktila,2/2/2023,26.9,61.7,0,11.2,1010.6,37.2,20.2,8,Partially cloudy,Partly cloudy throughout the day.,partly-cloudy-day,obs
Meiktila,2/3/2023,27.1,61.7,0,7.6,1010.8,57.6,20.3,8,Partially cloudy,Partly cloudy throughout the day.,partly-cloudy-day,obs
Meiktila,2/4/2023,26.9,63.8,0,12.2,1008.6,4,21.1,8,Clear,Clear conditions throughout the day.,clear-day,obs
Meiktila,2/5/2023,26.5,51.5,0,14,1008.4,9.7,20.3,9,Clear,Clear conditions throughout the day.,clear-day,obs
Meiktila,2/6/2023,24.1,48.1,0,13.7,1009.3,0.2,20.3,9,Clear,Clear conditions throughout the day.,clear-day,obs
Meiktila,2/7/2023,22.9,43.5,0,13.3,1009.7,0.4,20.3,9,Clear,Clear conditions throughout the day.,clear-day,obs
Meiktila,2/8/2023,22.7,46.6,0,10.4,1011.4,1.3,21,9,Clear,Clear conditions throughout the day.,clear-day,obs
Meiktila,2/9/2023,24.2,41.6,0,8.6,1011.3,13.8,20.2,9,Clear,Clear conditions throughout the day.,clear-day,obs
Meiktila,2/10/2023,23.6,49.9,0,10.1,1011.3,58,20.2,9,Partially cloudy,Partly cloudy throughout the day.,partly-cloudy-day,obs
Meiktila,2/11/2023,23.8,54.4,0,10.8,1010.6,0,20.2,9,Clear,Clear conditions throughout the day.,clear-day,obs
Meiktila,2/12/2023,24,55.8,0,10.1,1010.9,0,20.3,9,Clear,Clear conditions throughout the day.,clear-day,obs
Meiktila,2/13/2023,24.4,52,0,13,1010.3,0.4,21.1,9,Clear,Clear conditions throughout the day.,clear-day,obs
Meiktila,2/14/2023,24.2,55.1,0,13.3,1010.5,0,20.3,9,Clear,Clear conditions throughout the day.,clear-day,obs
Meiktila,2/15/2023,25.2,52.2,0,17.3,1010,0,20.2,9,Clear,Clear conditions throughout the day.,clear-day,obs
Meiktila,2/16/2023,26.5,49.3,0,19.8,1011.9,8.1,20.2,9,Clear,Clear conditions throughout the day.,clear-day,obs
Meiktila,2/17/2023,26.2,58.9,100,16.2,1014,30.6,20.3,7,"Rain, Partially cloudy",Partly cloudy throughout the day with afternoon rain.,rain,obs
Meiktila,2/18/2023,25.6,59.9,0,13.3,1013.6,3.5,20.4,8,Clear,Clear conditions throughout the day.,clear-day,obs
Meiktila,2/19/2023,26,54.2,0,8.3,1012.2,4.2,20.3,9,Clear,Clear conditions throughout the day.,clear-day,obs
Meiktila,2/20/2023,26,48,0,14.4,1011.2,0.2,20.3,9,Clear,Clear conditions throughout the day.,clear-day,obs
Meiktila,2/21/2023,26.7,44.3,0,16.2,1011.9,1.2,20.4,9,Clear,Clear conditions throughout the day.,clear-day,obs
Meiktila,2/22/2023,27.3,44.1,0,18,1011.8,0,20.3,9,Clear,Clear conditions throughout the day.,clear-day,obs
Meiktila,2/23/2023,27.3,42.6,0,16.6,1011.8,0,20.3,9,Clear,Clear conditions throughout the day.,clear-day,obs
Meiktila,2/24/2023,27.3,42.3,0,7.9,1012,0,20.3,9,Clear,Clear conditions throughout the day.,clear-day,obs
Meiktila,2/25/2023,27.9,41.8,0,9.7,1014,4.4,20.3,8,Clear,Clear conditions throughout the day.,clear-day,obs
Meiktila,2/26/2023,27.3,53.9,100,15.1,1015.7,29.3,20.2,8,"Rain, Partially cloudy",Partly cloudy throughout the day with afternoon rain.,rain,obs
Meiktila,2/27/2023,27.9,56,0,20.5,1015.7,28.9,20.2,8,Partially cloudy,Partly cloudy throughout the day.,partly-cloudy-day,obs
Meiktila,2/28/2023,27.4,53.3,0,11.2,1015.5,7.5,20.3,9,Clear,Clear conditions throughout the day.,clear-day,obs
Meiktila,3/1/2023,26.9,53.1,0,9.7,1015.4,0,21,9,Clear,Clear conditions throughout the day.,clear-day,obs
Meiktila,3/2/2023,27.6,47.8,0,8.6,1014.9,0,20.2,9,Clear,Clear conditions throughout the day.,clear-day,obs
Meiktila,3/3/2023,26.9,52.3,0,8.3,1014.7,0.2,22.6,9,Clear,Clear conditions throughout the day.,clear-day,obs
Meiktila,3/4/2023,27.6,46.7,0,9.7,1014.5,0,20.2,9,Clear,Clear conditions throughout the day.,clear-day,obs
Meiktila,3/5/2023,27.8,43.2,0,17.3,1014.2,0,20.2,9,Clear,Clear conditions throughout the day.,clear-day,obs
Meiktila,3/6/2023,28.8,43.3,0,17.3,1013.1,0.1,21.1,9,Clear,Clear conditions throughout the day.,clear-day,obs
Meiktila,3/7/2023,28.8,43.6,0,14.8,1012.6,0,20.2,9,Clear,Clear conditions throughout the day.,clear-day,obs
Meiktila,3/8/2023,28.2,47.7,0,10.1,1013.1,12.5,20.2,9,Clear,Clear conditions throughout the day.,clear-day,obs
Meiktila,3/9/2023,28.3,50.6,0,10.1,1011.8,30.3,20.3,9,Partially cloudy,Partly cloudy throughout the day.,partly-cloudy-day,obs
Meiktila,3/10/2023,28.4,48.8,0,9.7,1010.9,42.4,20.2,9,Partially cloudy,Clearing in the afternoon.,partly-cloudy-day,obs
Meiktila,3/11/2023,28.9,43.2,0,12.2,1011.1,86.9,20.3,9,Partially cloudy,Partly cloudy throughout the day.,partly-cloudy-day,obs
Meiktila,3/12/2023,28.5,41.4,0,8.6,1011.2,91,20.3,7,Overcast,Cloudy skies throughout the day.,cloudy,obs
Meiktila,3/13/2023,27.8,56.9,100,19.1,1010.7,22.7,20.2,9,"Rain, Partially cloudy",Partly cloudy throughout the day with afternoon rain.,rain,obs
Meiktila,3/14/2023,29,57.2,0,19.1,1010.2,15.1,20.2,9,Clear,Clear conditions throughout the day.,clear-day,obs
Meiktila,3/15/2023,29.6,51.2,100,17.6,1009.4,31.5,20.2,10,"Rain, Partially cloudy",Partly cloudy throughout the day with late afternoon rain.,rain,obs
Meiktila,3/16/2023,28,52.5,100,11.5,1012,23.7,20.1,9,"Rain, Partially cloudy",Clearing in the afternoon with late afternoon rain.,rain,obs
Meiktila,3/17/2023,28.8,49.7,0,7.2,1011.4,52.8,20.2,9,Partially cloudy,Partly cloudy throughout the day.,partly-cloudy-day,obs
Meiktila,3/18/2023,28,60.2,100,8.3,1010.3,70.2,20.2,9,"Rain, Partially cloudy",Partly cloudy throughout the day with late afternoon rain.,rain,obs
Meiktila,3/19/2023,28.3,62.9,100,7.6,1009.3,91.6,21,7,"Rain, Overcast",Cloudy skies throughout the day with afternoon rain.,rain,obs
Meiktila,3/20/2023,28.3,57.1,0,18,1008.9,84.6,20.2,8,Partially cloudy,Partly cloudy throughout the day.,partly-cloudy-day,obs
Meiktila,3/21/2023,28.4,50,0,9.7,1008.4,52.6,20.3,10,Partially cloudy,Partly cloudy throughout the day.,partly-cloudy-day,obs
Meiktila,3/22/2023,28.6,48.8,100,12.2,1007.2,31.9,20.2,9,"Rain, Partially cloudy",Partly cloudy throughout the day with afternoon rain.,rain,obs
Meiktila,3/23/2023,28.3,51.5,0,9,1007.4,14.5,20.3,9,Clear,Clear conditions throughout the day.,clear-day,obs
Meiktila,3/24/2023,29.3,49.8,0,7.9,1008,13.7,20.2,9,Clear,Clear conditions throughout the day.,clear-day,obs
Meiktila,3/25/2023,29.2,47.2,0,9,1008.8,7.4,20.2,10,Clear,Clear conditions throughout the day.,clear-day,obs
Meiktila,3/26/2023,29.9,41.8,0,9.4,1007.9,3.2,20.2,10,Clear,Clear conditions throughout the day.,clear-day,obs
Meiktila,3/27/2023,30.6,45.5,0,14,1006.9,8.7,20.2,10,Clear,Clear conditions throughout the day.,clear-day,obs
Meiktila,3/28/2023,31.8,43,0,15.5,1007.4,16.9,20.2,10,Clear,Clear conditions throughout the day.,clear-day,obs
Meiktila,3/29/2023,30.5,45.7,0,8.3,1009.7,20.8,21,9,Partially cloudy,Partly cloudy throughout the day.,partly-cloudy-day,obs
Meiktila,3/30/2023,31,41.8,0,8.3,1008,13.3,20.2,9,Clear,Clear conditions throughout the day.,clear-day,obs
Meiktila,3/31/2023,31,45.3,0,8.6,1007.7,13.2,20.2,9,Clear,Clear conditions throughout the day.,clear-day,obs
Meiktila,4/1/2023,30.9,46.9,0,11.9,1007,18,20.2,10,Clear,Clear conditions throughout the day.,clear-day,obs
Meiktila,4/2/2023,29.5,49.3,100,17.3,1007.1,55,20.2,9,"Rain, Partially cloudy",Partly cloudy throughout the day with afternoon rain.,rain,obs
Meiktila,4/3/2023,29.9,45.3,0,13.3,1007.1,40,20.3,9,Partially cloudy,Becoming cloudy in the afternoon.,partly-cloudy-day,obs
Meiktila,4/4/2023,29.8,44.9,0,8.3,1007.7,10.7,20.2,8,Clear,Clear conditions throughout the day.,clear-day,obs
Meiktila,4/5/2023,30.2,43.9,0,9,1007.1,3.5,20.2,10,Clear,Clear conditions throughout the day.,clear-day,obs
Meiktila,4/6/2023,30.9,44.9,0,8.6,1008.1,4.5,20.2,10,Clear,Clear conditions throughout the day.,clear-day,obs
Meiktila,4/7/2023,31.7,40.7,0,8.6,1009,59.2,20.2,10,Partially cloudy,Partly cloudy throughout the day.,partly-cloudy-day,obs
Meiktila,4/8/2023,31.3,46,0,8.6,1010.3,26.6,20.2,10,Partially cloudy,Partly cloudy throughout the day.,partly-cloudy-day,obs
Meiktila,4/9/2023,31.7,45.2,0,8.6,1009.8,0.3,20.2,10,Clear,Clear conditions throughout the day.,clear-day,obs
Meiktila,4/10/2023,32.2,40.3,0,11.2,1008.7,0.4,20.2,10,Clear,Clear conditions throughout the day.,clear-day,obs
Meiktila,4/11/2023,32,44.6,0,9.4,1008.4,0.4,20.2,10,Clear,Clear conditions throughout the day.,clear-day,obs
Meiktila,4/12/2023,31.1,48.8,0,9,1007.2,40.2,20.2,10,Partially cloudy,Partly cloudy throughout the day.,partly-cloudy-day,obs
Meiktila,4/13/2023,31.4,52.5,0,11.5,1006.4,11.5,20.1,10,Clear,Clear conditions throughout the day.,clear-day,obs
Meiktila,4/14/2023,31.9,50.6,0,10.1,1006.4,1.1,20.2,10,Clear,Clear conditions throughout the day.,clear-day,obs
Meiktila,4/15/2023,32.6,53,0,9.4,1006.1,4.7,20.2,10,Clear,Clear conditions throughout the day.,clear-day,obs
Meiktila,4/16/2023,32.9,53.8,0,17.3,1005.4,12.5,20.2,10,Clear,Clear conditions throughout the day.,clear-day,obs
Meiktila,4/17/2023,33.4,52.5,0,19.8,1006.6,10.1,20.2,10,Clear,Clear conditions throughout the day.,clear-day,obs
Meiktila,4/18/2023,34.3,47.8,0,15.1,1007,8.5,20.3,9,Clear,Clear conditions throughout the day.,clear-day,obs
Meiktila,4/19/2023,34.5,49.8,0,17.6,1004.1,15.7,20.2,10,Clear,Clear conditions throughout the day.,clear-day,obs
Meiktila,4/20/2023,34,50.3,100,18.7,1002.5,21.3,20.3,10,"Rain, Partially cloudy",Partly cloudy throughout the day with late afternoon rain.,rain,obs
Meiktila,4/21/2023,32.9,52.7,100,18.4,1003.2,28.2,20.4,10,"Rain, Partially cloudy",Partly cloudy throughout the day with rain.,rain,obs
Meiktila,4/22/2023,31.3,55.6,100,12.6,1004.3,24.6,20.3,10,"Rain, Partially cloudy",Partly cloudy throughout the day with rain.,rain,obs
Meiktila,4/23/2023,31.5,51.6,100,15.8,1006.1,21.7,20.2,10,"Rain, Partially cloudy",Partly cloudy throughout the day with late afternoon rain.,rain,obs
Meiktila,4/24/2023,30.2,59.5,100,9,1009.9,17.9,20.3,10,Rain,Clear conditions throughout the day with late afternoon rain.,rain,obs
Meiktila,4/25/2023,31.2,59.1,0,10.1,1008.4,11.9,20.3,10,Clear,Clear conditions throughout the day.,clear-day,obs
Meiktila,4/26/2023,32.2,55.7,100,10.8,1006.2,16,20.2,9,Rain,Clear conditions throughout the day with late afternoon rain.,rain,obs
Meiktila,4/27/2023,32.8,50,100,16.6,1006.3,11.8,20.3,10,Rain,Clear conditions throughout the day with late afternoon rain.,rain,obs
Meiktila,4/28/2023,33.8,46.2,0,16.2,1007,20,20.3,10,Clear,Partly cloudy throughout the day.,clear-day,obs
Meiktila,4/29/2023,33.9,46.4,0,10.4,1005.9,32.4,20.4,10,Partially cloudy,Clearing in the afternoon.,partly-cloudy-day,obs
Meiktila,4/30/2023,34,47.6,0,12.2,1004.9,18.2,20.3,10,Clear,Clear conditions throughout the day.,clear-day,obs
Meiktila,5/1/2023,33.2,47.7,100,14.8,1006.5,40.8,20.3,9,"Rain, Partially cloudy",Partly cloudy throughout the day with afternoon rain.,rain,obs
Meiktila,5/2/2023,30.6,59.6,100,14.4,1008.4,61.2,20.7,7,"Rain, Partially cloudy",Partly cloudy throughout the day with afternoon rain.,rain,obs
Meiktila,5/3/2023,31.2,63.3,100,12.6,1009.2,48.3,20.3,9,"Rain, Partially cloudy",Partly cloudy throughout the day with rain.,rain,obs
Meiktila,5/4/2023,31.6,63.3,100,13.3,1007.5,42.3,20.3,8,"Rain, Partially cloudy",Partly cloudy throughout the day with afternoon rain.,rain,obs
Meiktila,5/5/2023,32.8,57.2,0,10.4,1004.5,41.8,20.4,10,Partially cloudy,Partly cloudy throughout the day.,partly-cloudy-day,obs
Meiktila,5/6/2023,34,50.2,0,14.8,1003.2,26.8,20.3,9,Partially cloudy,Partly cloudy throughout the day.,partly-cloudy-day,obs
Meiktila,5/7/2023,34,53.2,0,8.3,1002.8,29.4,20.3,10,Partially cloudy,Partly cloudy throughout the day.,partly-cloudy-day,obs
Meiktila,5/8/2023,34.3,54.8,0,16.9,1002.8,49.2,20.3,9,Partially cloudy,Partly cloudy throughout the day.,partly-cloudy-day,obs
Meiktila,5/9/2023,33.7,55.5,100,18,1004.6,80.1,20.4,8,"Rain, Partially cloudy",Partly cloudy throughout the day with rain in the morning and afternoon.,rain,obs
Meiktila,5/10/2023,34.4,50,0,21.2,1005.5,24.9,20.3,10,Partially cloudy,Partly cloudy throughout the day.,partly-cloudy-day,obs
Meiktila,5/11/2023,32.7,60,100,17.6,1007.7,49.2,19.8,9,"Rain, Partially cloudy",Partly cloudy throughout the day with late afternoon rain.,rain,obs
Meiktila,5/12/2023,30,68.1,100,14,1008.7,86.6,20.2,6,"Rain, Partially cloudy",Partly cloudy throughout the day with rain.,rain,obs
Meiktila,5/13/2023,26.8,85.3,100,14.4,1008.1,99.1,13.8,3,"Rain, Overcast",Cloudy skies throughout the day with a chance of rain throughout the day.,rain,obs
Meiktila,5/14/2023,25.8,85.9,100,38.2,1002.4,99.6,13.8,6,"Rain, Overcast",Cloudy skies throughout the day with rain.,rain,obs
Meiktila,5/15/2023,27.3,79.8,100,38.2,1005,85.7,20.2,8,"Rain, Partially cloudy",Partly cloudy throughout the day with a chance of rain throughout the day.,rain,obs
Meiktila,5/16/2023,29.3,69.7,100,21.2,1008.5,64.4,19.5,9,"Rain, Partially cloudy",Partly cloudy throughout the day with rain.,rain,obs
Meiktila,5/17/2023,30.8,66.7,100,18,1009.7,28.8,20.3,10,"Rain, Partially cloudy",Partly cloudy throughout the day with late afternoon rain.,rain,obs
Meiktila,5/18/2023,31.4,59.7,0,13.7,1009.8,16.5,20.3,10,Clear,Clear conditions throughout the day.,clear-day,obs
Meiktila,5/19/2023,31.9,57.4,0,14.4,1007.3,12.3,20.3,9,Clear,Clear conditions throughout the day.,clear-day,obs
Meiktila,5/20/2023,33.1,53.5,0,14.8,1006.4,10.8,20.4,10,Clear,Clear conditions throughout the day.,clear-day,obs
Meiktila,5/21/2023,33.5,50.7,0,11.2,1007.2,15.2,20.3,9,Clear,Clear conditions throughout the day.,clear-day,obs
Meiktila,5/22/2023,34.5,47.2,0,9.7,1007.4,19.8,20.3,10,Clear,Clear conditions throughout the day.,clear-day,obs
Meiktila,5/23/2023,33.6,55.8,100,15.8,1007.3,36.7,20.3,9,"Rain, Partially cloudy",Partly cloudy throughout the day with rain.,rain,obs
Meiktila,5/24/2023,33,53.8,100,18,1006.3,25.3,20.3,9,"Rain, Partially cloudy",Partly cloudy throughout the day with afternoon rain.,rain,obs
Meiktila,5/25/2023,31.7,59.7,100,19.4,1006.5,32.8,20.2,8,"Rain, Partially cloudy",Partly cloudy throughout the day with rain.,rain,obs
Meiktila,5/26/2023,31.6,64.8,100,21.6,1007.3,37.2,19.9,9,"Rain, Partially cloudy",Partly cloudy throughout the day with rain.,rain,obs
Meiktila,5/27/2023,32.3,59.3,100,14,1006.3,28.9,20.3,9,"Rain, Partially cloudy",Becoming cloudy in the afternoon with late afternoon rain.,rain,obs
Meiktila,5/28/2023,32.7,57.3,100,8.6,1005.6,47.7,20.3,8,"Rain, Partially cloudy",Partly cloudy throughout the day with rain.,rain,obs
Meiktila,5/29/2023,33,58.3,0,13.7,1006.1,50.4,20.3,9,Partially cloudy,Partly cloudy throughout the day.,partly-cloudy-day,obs
Meiktila,5/30/2023,33,60.4,0,13.3,1005.9,66.6,20.4,9,Partially cloudy,Partly cloudy throughout the day.,partly-cloudy-day,obs
Meiktila,5/31/2023,31.9,64.6,100,17.3,1004.8,60.5,19.1,9,"Rain, Partially cloudy",Partly cloudy throughout the day with rain.,rain,obs
Meiktila,6/1/2023,31.2,68.7,100,19.1,1004.3,61.2,21,8,"Rain, Partially cloudy",Partly cloudy throughout the day with rain.,rain,obs
Meiktila,6/2/2023,30.4,69.6,100,18,1004.8,37,19.5,8,"Rain, Partially cloudy",Partly cloudy throughout the day with afternoon rain.,rain,obs
Meiktila,6/3/2023,30.4,66.4,0,16.9,1006.3,52.9,20.3,9,Partially cloudy,Partly cloudy throughout the day.,partly-cloudy-day,obs
Meiktila,6/4/2023,30.4,70.9,100,10.4,1006.1,59.2,19.8,8,"Rain, Partially cloudy",Partly cloudy throughout the day with rain.,rain,obs
Meiktila,6/5/2023,31.2,67.5,0,13,1004.2,60.3,18.8,8,Partially cloudy,Partly cloudy throughout the day.,partly-cloudy-day,obs
Meiktila,6/6/2023,30.7,69.5,100,13.3,1003.3,95.1,19.5,8,"Rain, Overcast",Cloudy skies throughout the day with afternoon rain.,rain,obs
Meiktila,6/7/2023,30.4,67.5,100,13,1003.5,96,19.3,7,"Rain, Overcast",Cloudy skies throughout the day with morning rain.,rain,obs
Meiktila,6/8/2023,29.8,70.6,100,15.1,1003.9,89,19.9,7,"Rain, Partially cloudy",Partly cloudy throughout the day with afternoon rain.,rain,obs
Meiktila,6/9/2023,30,67.8,100,19.8,1003.4,92.7,20.3,7,"Rain, Overcast",Cloudy skies throughout the day with afternoon rain.,rain,obs
Meiktila,6/10/2023,28.6,75.6,100,21.6,1002.6,91.7,20.2,7,"Rain, Overcast",Cloudy skies throughout the day with a chance of rain throughout the day.,rain,obs
Meiktila,6/11/2023,29.4,70.5,100,21.6,1002.3,92.9,20.3,9,"Rain, Overcast",Cloudy skies throughout the day with rain in the morning and afternoon.,rain,obs
Meiktila,6/12/2023,29.8,69.9,100,23,1002.1,93.5,20.3,8,"Rain, Overcast",Cloudy skies throughout the day with rain.,rain,obs
Meiktila,6/13/2023,29,74.5,100,20.2,1002.1,93.8,20.3,6,"Rain, Overcast",Cloudy skies throughout the day with rain.,rain,obs
Meiktila,6/14/2023,27.1,82.6,100,21.2,1004.2,97.4,20.2,1,"Rain, Overcast",Cloudy skies throughout the day with a chance of rain throughout the day.,rain,obs
Meiktila,6/15/2023,29.1,72.9,100,25.9,1005,79.1,21,8,"Rain, Partially cloudy",Partly cloudy throughout the day with rain.,rain,obs
Meiktila,6/16/2023,30.6,68.6,100,22.3,1004.9,69.1,19.6,7,"Rain, Partially cloudy",Partly cloudy throughout the day with afternoon rain.,rain,obs
Meiktila,6/17/2023,31.1,67.5,100,25.2,1005.4,90.8,19.8,8,"Rain, Overcast",Cloudy skies throughout the day with rain.,rain,obs
Meiktila,6/18/2023,30.7,70.1,100,23,1005.6,88.4,21.1,9,"Rain, Partially cloudy",Partly cloudy throughout the day with rain.,rain,obs
Meiktila,6/19/2023,30.5,68.8,100,23.8,1005.3,86.6,20.4,8,"Rain, Partially cloudy",Partly cloudy throughout the day with rain.,rain,obs
Meiktila,6/20/2023,30.3,67.4,100,22,1005.3,90.3,20.4,7,"Rain, Overcast",Cloudy skies throughout the day with rain.,rain,obs
Meiktila,6/21/2023,29.4,71.7,100,23.8,1006.7,86.7,20.3,7,"Rain, Partially cloudy",Partly cloudy throughout the day with rain.,rain,obs
Meiktila,6/22/2023,29.7,71.1,100,24.1,1006.8,89.8,20.4,7,"Rain, Partially cloudy",Partly cloudy throughout the day with rain.,rain,obs
Meiktila,6/23/2023,29.1,73.6,100,23.4,1006.5,82.1,20.4,7,"Rain, Partially cloudy",Partly cloudy throughout the day with rain.,rain,obs
Meiktila,6/24/2023,28.2,80,100,21.6,1005.7,86.9,19.7,6,"Rain, Partially cloudy",Partly cloudy throughout the day with a chance of rain throughout the day.,rain,obs
Meiktila,6/25/2023,28.9,76.8,100,18.7,1005.6,90.6,19.8,6,"Rain, Overcast",Cloudy skies throughout the day with rain in the morning and afternoon.,rain,obs
Meiktila,6/26/2023,28.8,77.2,100,20.2,1006.1,79.7,20.4,7,"Rain, Partially cloudy",Partly cloudy throughout the day with a chance of rain throughout the day.,rain,obs
Meiktila,6/27/2023,29.7,71.6,100,20.2,1006.7,76.3,20.3,7,"Rain, Partially cloudy",Partly cloudy throughout the day with rain.,rain,obs
Meiktila,6/28/2023,30.9,67.8,0,17.3,1007.2,63.8,20.4,9,Partially cloudy,Partly cloudy throughout the day.,partly-cloudy-day,obs
Meiktila,6/29/2023,31.6,65.7,100,17.3,1005.9,54.9,20.4,8,"Rain, Partially cloudy",Partly cloudy throughout the day with afternoon rain.,rain,obs
Meiktila,6/30/2023,32.4,64,100,17.3,1004.8,64.7,21.1,9,"Rain, Partially cloudy",Partly cloudy throughout the day with late afternoon rain.,rain,obs
Meiktila,7/1/2023,31.9,64.9,100,19.8,1004.7,85.2,20.3,9,"Rain, Partially cloudy",Partly cloudy throughout the day with late afternoon rain.,rain,obs
Meiktila,7/2/2023,31.5,68.4,100,20.2,1005.2,90.7,20.3,8,"Rain, Overcast",Cloudy skies throughout the day with rain.,rain,obs
Meiktila,7/3/2023,31,68.9,100,21.2,1005.3,91.7,20.4,8,"Rain, Overcast",Cloudy skies throughout the day with rain.,rain,obs
Meiktila,7/4/2023,30.3,68.6,100,20.5,1005.3,93.6,20.4,8,"Rain, Overcast",Cloudy skies throughout the day with rain in the morning and afternoon.,rain,obs
Meiktila,7/5/2023,30.1,67.8,100,25.6,1005.7,92.8,20.4,8,"Rain, Overcast",Cloudy skies throughout the day with rain in the morning and afternoon.,rain,obs
Meiktila,7/6/2023,29.8,69.5,100,24.1,1007.8,81.9,20.3,7,"Rain, Partially cloudy",Partly cloudy throughout the day with rain in the morning and afternoon.,rain,obs
Meiktila,7/7/2023,31.1,63.8,0,22.3,1008.1,69.3,20.4,7,Partially cloudy,Partly cloudy throughout the day.,partly-cloudy-day,obs
Meiktila,7/8/2023,31.8,62.8,100,18,1007.3,84.3,20.5,8,"Rain, Partially cloudy",Partly cloudy throughout the day with afternoon rain.,rain,obs
Meiktila,7/9/2023,32,63.4,100,17.6,1005.8,92.2,20.3,7,"Rain, Overcast",Cloudy skies throughout the day with rain.,rain,obs
Meiktila,7/10/2023,30.5,69.6,100,19.1,1006.3,96.7,20.2,7,"Rain, Overcast",Cloudy skies throughout the day with a chance of rain throughout the day.,rain,obs
Meiktila,7/11/2023,30.2,69.3,100,23.4,1006.7,87.6,20.3,8,"Rain, Partially cloudy",Partly cloudy throughout the day with rain.,rain,obs
Meiktila,7/12/2023,29.6,70.1,100,24.1,1007.4,95.4,20.2,8,"Rain, Overcast",Cloudy skies throughout the day with afternoon rain.,rain,obs
Meiktila,7/13/2023,29.3,73.4,100,25.2,1007.6,89,19.6,8,"Rain, Partially cloudy",Partly cloudy throughout the day with rain.,rain,obs
Meiktila,7/14/2023,28.1,79.4,100,22,1007.2,89,18.8,7,"Rain, Partially cloudy",Partly cloudy throughout the day with a chance of rain throughout the day.,rain,obs
Meiktila,7/15/2023,28.6,76.6,100,21.2,1006.4,90.3,20.3,6,"Rain, Overcast",Cloudy skies throughout the day with a chance of rain throughout the day.,rain,obs
Meiktila,7/16/2023,29.4,73.1,100,18.7,1005.1,87.2,20.2,7,"Rain, Partially cloudy",Partly cloudy throughout the day with a chance of rain throughout the day.,rain,obs
Meiktila,7/17/2023,30.2,71.6,100,13,1003.1,74.1,17.9,8,"Rain, Partially cloudy",Partly cloudy throughout the day with morning rain.,rain,obs
Meiktila,7/18/2023,31.2,69,100,14.8,1002.6,48.4,19.2,9,"Rain, Partially cloudy",Partly cloudy throughout the day with late afternoon rain.,rain,obs
Meiktila,7/19/2023,30.7,69.8,100,18.7,1002.2,64.6,19.8,7,"Rain, Partially cloudy",Partly cloudy throughout the day with afternoon rain.,rain,obs
Meiktila,7/20/2023,30,71.3,100,18.4,1003,95.7,17.3,6,"Rain, Overcast",Cloudy skies throughout the day with a chance of rain throughout the day.,rain,obs
Meiktila,7/21/2023,30.2,69.2,100,15.8,1006.5,91.4,20.5,7,"Rain, Overcast",Cloudy skies throughout the day with afternoon rain.,rain,obs
Meiktila,7/22/2023,31.7,65.1,100,9.4,1008.1,83.6,20.4,8,"Rain, Partially cloudy",Partly cloudy throughout the day with afternoon rain.,rain,obs
Meiktila,7/23/2023,30.9,68.3,100,10.4,1007.4,88.8,19.2,8,"Rain, Partially cloudy",Partly cloudy throughout the day with afternoon rain.,rain,obs
Meiktila,7/24/2023,30.6,70,100,12.2,1006.1,84.6,20.3,8,"Rain, Partially cloudy",Partly cloudy throughout the day with afternoon rain.,rain,obs
Meiktila,7/25/2023,30.9,66.8,100,16.9,1006.5,77.4,19.8,7,"Rain, Partially cloudy",Partly cloudy throughout the day with late afternoon rain.,rain,obs
Meiktila,7/26/2023,30.6,68.6,100,20.9,1007.6,67.7,20.4,8,"Rain, Partially cloudy",Partly cloudy throughout the day with rain.,rain,obs
Meiktila,7/27/2023,30.3,70.9,100,21.2,1006.6,81,20.5,8,"Rain, Partially cloudy",Partly cloudy throughout the day with afternoon rain.,rain,obs
Meiktila,7/28/2023,30.1,73.2,100,21.6,1003.7,91.9,20.5,6,"Rain, Overcast",Cloudy skies throughout the day with morning rain.,rain,obs
Meiktila,7/29/2023,30.7,70.5,100,20.9,1002.5,92.1,20,8,"Rain, Overcast",Cloudy skies throughout the day with rain in the morning and afternoon.,rain,obs
Meiktila,7/30/2023,30,72.8,100,17.6,1001.1,96.9,20.5,6,"Rain, Overcast",Cloudy skies throughout the day with rain.,rain,obs
Meiktila,7/31/2023,29,77.1,100,29.5,1000.7,96.1,19.8,4,"Rain, Overcast",Cloudy skies throughout the day with a chance of rain throughout the day.,rain,obs
Meiktila,8/1/2023,28.2,81,100,28.8,1002,97.9,14.7,4,"Rain, Overcast",Cloudy skies throughout the day with rain.,rain,obs
Meiktila,8/2/2023,28.2,82,100,25.9,1004,98.2,16.5,6,"Rain, Overcast",Cloudy skies throughout the day with a chance of rain throughout the day.,rain,obs
Meiktila,8/3/2023,28.4,82.3,100,22.3,1004.4,97.5,18.5,7,"Rain, Overcast",Cloudy skies throughout the day with rain.,rain,obs
Meiktila,8/4/2023,28.2,83,100,24.5,1006.3,94.7,18.3,6,"Rain, Overcast",Cloudy skies throughout the day with a chance of rain throughout the day.,rain,obs
Meiktila,8/5/2023,29.5,76.4,100,25.6,1007.3,95.5,20.2,7,"Rain, Overcast",Cloudy skies throughout the day with rain.,rain,obs
Meiktila,8/6/2023,28.4,80.3,100,29.5,1005.4,97.3,18.7,6,"Rain, Overcast",Cloudy skies throughout the day with rain.,rain,obs
Meiktila,8/7/2023,28.4,79.4,100,28.8,1003.3,97.7,20.4,5,"Rain, Overcast",Cloudy skies throughout the day with rain.,rain,obs
Meiktila,8/8/2023,27.9,81.6,100,30.6,1003.6,93.3,18.9,6,"Rain, Overcast",Cloudy skies throughout the day with a chance of rain throughout the day.,rain,obs
Meiktila,8/9/2023,27.5,81.5,100,25.2,1006,99.3,20.2,3,"Rain, Overcast",Cloudy skies throughout the day with a chance of rain throughout the day.,rain,obs
Meiktila,8/10/2023,28.3,78.7,100,21.6,1007,93.6,18.1,6,"Rain, Overcast",Cloudy skies throughout the day with a chance of rain throughout the day.,rain,obs
Meiktila,8/11/2023,27.9,79.6,100,20.9,1006.4,95.7,18.2,6,"Rain, Overcast",Cloudy skies throughout the day with rain.,rain,obs
Meiktila,8/12/2023,28.3,77.8,100,22,1005,98.5,20,6,"Rain, Overcast",Cloudy skies throughout the day with rain.,rain,obs
Meiktila,8/13/2023,29,76.7,100,21.2,1005.2,95.6,20.2,7,"Rain, Overcast",Cloudy skies throughout the day with a chance of rain throughout the day.,rain,obs
Meiktila,8/14/2023,29.7,74.3,100,20.2,1005.3,91.9,20.1,7,"Rain, Overcast",Cloudy skies throughout the day with rain.,rain,obs
Meiktila,8/15/2023,29.9,73.5,100,18,1004.8,89,19.7,7,"Rain, Partially cloudy",Partly cloudy throughout the day with rain.,rain,obs
Meiktila,8/16/2023,29.6,73.9,100,16.2,1005,92.2,19.8,6,"Rain, Overcast",Cloudy skies throughout the day with a chance of rain throughout the day.,rain,obs
Meiktila,8/17/2023,29.7,72.4,100,18,1006,86.3,20.4,8,"Rain, Partially cloudy",Partly cloudy throughout the day with afternoon rain.,rain,obs
Meiktila,8/18/2023,29.9,70.2,100,20.2,1007.1,83,20.3,7,"Rain, Partially cloudy",Partly cloudy throughout the day with morning rain.,rain,obs
Meiktila,8/19/2023,30.2,69.1,100,16.9,1007.2,90.7,20.4,7,"Rain, Overcast",Cloudy skies throughout the day with rain in the morning and afternoon.,rain,obs
Meiktila,8/20/2023,30.8,70.4,100,11.2,1005.9,94.6,20.5,8,"Rain, Overcast",Cloudy skies throughout the day with rain.,rain,obs
Meiktila,8/21/2023,29,81.6,100,13,1005.3,99.1,17.6,6,"Rain, Overcast",Cloudy skies throughout the day with a chance of rain throughout the day.,rain,obs
Meiktila,8/22/2023,28.8,78.8,100,19.4,1006,95.9,15.6,6,"Rain, Overcast",Cloudy skies throughout the day with a chance of rain throughout the day.,rain,obs
Meiktila,8/23/2023,28.2,81.4,100,21.6,1006,94.8,17.3,7,"Rain, Overcast",Cloudy skies throughout the day with a chance of rain throughout the day.,rain,obs
Meiktila,8/24/2023,28.3,78.6,100,24.1,1004.7,96.6,19.2,7,"Rain, Overcast",Cloudy skies throughout the day with rain.,rain,obs
Meiktila,8/25/2023,28.7,75.7,100,27.4,1005.2,94,18,6,"Rain, Overcast",Cloudy skies throughout the day with rain in the morning and afternoon.,rain,obs
Meiktila,8/26/2023,28.1,79.5,100,28.8,1005.5,95.4,18.4,6,"Rain, Overcast",Cloudy skies throughout the day with a chance of rain throughout the day.,rain,obs
Meiktila,8/27/2023,28.4,78.1,100,24.8,1004.8,93.6,19.4,5,"Rain, Overcast",Cloudy skies throughout the day with a chance of rain throughout the day.,rain,obs
Meiktila,8/28/2023,29.3,74,100,20.2,1003.7,88.7,19.2,7,"Rain, Partially cloudy",Partly cloudy throughout the day with rain in the morning and afternoon.,rain,obs
Meiktila,8/29/2023,30,73.6,100,14.4,1003.5,95.3,19.1,8,"Rain, Overcast",Cloudy skies throughout the day with rain in the morning and afternoon.,rain,obs
Meiktila,8/30/2023,30.1,72.2,100,12.2,1005.5,94.8,17.9,7,"Rain, Overcast",Cloudy skies throughout the day with afternoon rain.,rain,obs
Meiktila,8/31/2023,29.9,74.2,100,12.6,1006.5,92.9,17.7,7,"Rain, Overcast",Cloudy skies throughout the day with rain.,rain,obs
Meiktila,9/1/2023,29.6,76.7,100,12.2,1006.4,94.4,20.4,6,"Rain, Overcast",Cloudy skies throughout the day with rain.,rain,obs
Meiktila,9/2/2023,29.2,79.9,100,12.6,1004.7,96.1,18.2,6,"Rain, Overcast",Cloudy skies throughout the day with rain.,rain,obs
Meiktila,9/3/2023,28.1,83.7,100,8.3,1004.4,94.7,17.4,6,"Rain, Overcast",Cloudy skies throughout the day with a chance of rain throughout the day.,rain,obs
Meiktila,9/4/2023,29.2,79,100,10.4,1003.1,79.5,18.4,8,"Rain, Partially cloudy",Partly cloudy throughout the day with afternoon rain.,rain,obs
Meiktila,9/5/2023,28.3,83,100,9,1004.3,97.9,18,7,"Rain, Overcast",Cloudy skies throughout the day with a chance of rain throughout the day.,rain,obs
Meiktila,9/6/2023,27.1,88.1,100,16.9,1006.9,95.3,17.6,4,"Rain, Overcast",Cloudy skies throughout the day with a chance of rain throughout the day.,rain,obs
Meiktila,9/7/2023,29.1,76.5,100,18,1007.7,78.1,20.7,6,"Rain, Partially cloudy",Partly cloudy throughout the day with rain.,rain,obs
Meiktila,9/8/2023,28.6,80.9,100,12.6,1007.8,94.2,20,6,"Rain, Overcast",Cloudy skies throughout the day with rain.,rain,obs
Meiktila,9/9/2023,28.6,81.7,100,10.4,1005.5,85.7,20.4,7,"Rain, Partially cloudy",Partly cloudy throughout the day with a chance of rain throughout the day.,rain,obs
Meiktila,9/10/2023,28.9,81.8,100,11.2,1004,97.7,18.7,7,"Rain, Overcast",Cloudy skies throughout the day with rain.,rain,obs
Meiktila,9/11/2023,28.6,80.5,100,18.4,1003.9,93.4,19.4,6,"Rain, Overcast",Cloudy skies throughout the day with a chance of rain throughout the day.,rain,obs
Meiktila,9/12/2023,28.2,78.9,100,20.5,1005.1,89.4,20.3,4,"Rain, Partially cloudy",Partly cloudy throughout the day with a chance of rain throughout the day.,rain,obs
Meiktila,9/13/2023,27.9,80.4,100,23,1006.8,95.8,18,7,"Rain, Overcast",Cloudy skies throughout the day with rain in the morning and afternoon.,rain,obs
Meiktila,9/14/2023,27.6,82,100,15.1,1007.7,95.2,20.8,4,"Rain, Overcast",Cloudy skies throughout the day with a chance of rain throughout the day.,rain,obs
Meiktila,9/15/2023,28.3,79.2,100,13.7,1007.5,67.4,20,8,"Rain, Partially cloudy",Partly cloudy throughout the day with a chance of rain throughout the day.,rain,obs
Meiktila,9/16/2023,29.4,78.3,100,7.6,1005.7,58.8,18.9,9,"Rain, Partially cloudy",Partly cloudy throughout the day with afternoon rain.,rain,obs
Meiktila,9/17/2023,27.8,87.9,100,10.1,1005,96.3,17.5,5,"Rain, Overcast",Cloudy skies throughout the day with rain.,rain,obs
Meiktila,9/18/2023,27.7,84.9,100,17.3,1006.6,95.7,15.6,6,"Rain, Overcast",Cloudy skies throughout the day with rain.,rain,obs
Meiktila,9/19/2023,28,79.3,100,21.2,1009.4,97,20,5,"Rain, Overcast",Cloudy skies throughout the day with a chance of rain throughout the day.,rain,obs
Meiktila,9/20/2023,28.4,76.4,100,16.9,1010.2,95.6,19.1,6,"Rain, Overcast",Cloudy skies throughout the day with rain in the morning and afternoon.,rain,obs
Meiktila,9/21/2023,28.7,77.8,100,13.7,1010.4,91.4,18.6,6,"Rain, Overcast",Cloudy skies throughout the day with a chance of rain throughout the day.,rain,obs
Meiktila,9/22/2023,29.7,76.7,0,10.4,1009.2,62.9,20.3,8,Partially cloudy,Partly cloudy throughout the day.,partly-cloudy-day,obs
Meiktila,9/23/2023,30.2,75.2,100,8.6,1008.5,85.7,20.3,8,"Rain, Partially cloudy",Partly cloudy throughout the day with rain in the morning and afternoon.,rain,obs
Meiktila,9/24/2023,30.5,73.5,100,7.9,1007.4,76.9,21.2,8,"Rain, Partially cloudy",Partly cloudy throughout the day with rain.,rain,obs
Meiktila,9/25/2023,29.8,76,100,7.9,1006.8,77.3,20.2,8,"Rain, Partially cloudy",Partly cloudy throughout the day with early morning rain.,rain,obs
Meiktila,9/26/2023,30.2,74.4,100,8.3,1006.4,87.2,19,8,"Rain, Partially cloudy",Partly cloudy throughout the day with a chance of rain throughout the day.,rain,obs
Meiktila,9/27/2023,30.2,74.9,100,11.2,1005,88.5,19.5,9,"Rain, Partially cloudy",Partly cloudy throughout the day with rain clearing later.,rain,obs
Meiktila,9/28/2023,29.9,74.8,100,8.6,1004.5,96.3,18.4,6,"Rain, Overcast",Cloudy skies throughout the day with rain.,rain,obs
Meiktila,9/29/2023,28.1,83.2,100,8.6,1007,97.4,18.2,4,"Rain, Overcast",Cloudy skies throughout the day with a chance of rain throughout the day.,rain,obs
Meiktila,9/30/2023,27.5,83.4,100,14.8,1008.3,96.4,18.6,4,"Rain, Overcast",Cloudy skies throughout the day with a chance of rain throughout the day.,rain,obs
Meiktila,10/1/2023,27.9,79,100,19.8,1007.9,82.1,19.7,6,"Rain, Partially cloudy",Partly cloudy throughout the day with afternoon rain.,rain,obs
Meiktila,10/2/2023,28.3,77.5,100,20.2,1008.9,55.5,16.3,7,"Rain, Partially cloudy",Partly cloudy throughout the day with rain.,rain,obs
Meiktila,10/3/2023,29.1,75.4,0,16.2,1009.8,53.8,18.3,6,Partially cloudy,Partly cloudy throughout the day.,partly-cloudy-day,obs
Meiktila,10/4/2023,30,73.2,0,11.2,1009.8,55.1,20.3,8,Partially cloudy,Partly cloudy throughout the day.,partly-cloudy-day,obs
Meiktila,10/5/2023,31,70.4,0,9.7,1007.7,38.7,20.3,8,Partially cloudy,Partly cloudy throughout the day.,partly-cloudy-day,obs
Meiktila,10/6/2023,31.4,69.6,0,11.9,1006.7,59.2,20.4,7,Partially cloudy,Partly cloudy throughout the day.,partly-cloudy-day,obs
Meiktila,10/7/2023,29.9,75.1,100,13,1007.7,88.1,18.7,7,"Rain, Partially cloudy",Partly cloudy throughout the day with rain.,rain,obs
Meiktila,10/8/2023,28.2,83.6,100,9.4,1009.3,94.5,19.7,6,"Rain, Overcast",Cloudy skies throughout the day with a chance of rain throughout the day.,rain,obs
Meiktila,10/9/2023,28.6,82.5,100,10.8,1010.1,95.6,19.7,7,"Rain, Overcast",Cloudy skies throughout the day with rain.,rain,obs
Meiktila,10/10/2023,27.1,90.1,100,7.2,1010.6,97.2,15.9,3,"Rain, Overcast",Cloudy skies throughout the day with a chance of rain throughout the day.,rain,obs
Meiktila,10/11/2023,27.1,87.2,100,9.4,1011.4,82.8,16.1,5,"Rain, Partially cloudy",Partly cloudy throughout the day with a chance of rain throughout the day.,rain,obs
Meiktila,10/12/2023,27.5,83.6,100,13.3,1012.9,86.4,18.4,7,"Rain, Partially cloudy",Partly cloudy throughout the day with rain.,rain,obs
Meiktila,10/13/2023,27.3,83.6,100,13,1012.9,83,16.2,7,"Rain, Partially cloudy",Partly cloudy throughout the day with rain.,rain,obs
Meiktila,10/14/2023,27.8,82.3,100,7.6,1011.3,32.3,20.1,8,"Rain, Partially cloudy",Partly cloudy throughout the day with a chance of rain throughout the day.,rain,obs
Meiktila,10/15/2023,27.9,80,100,9,1009.9,22.9,20.3,8,"Rain, Partially cloudy",Partly cloudy throughout the day with early morning rain.,rain,obs
Meiktila,10/16/2023,28,76.3,0,9.7,1010.9,13,20.3,8,Clear,Clear conditions throughout the day.,clear-day,obs
Meiktila,10/17/2023,28.4,75,0,7.9,1011.6,37.6,20.4,8,Partially cloudy,Partly cloudy throughout the day.,partly-cloudy-day,obs
Meiktila,10/18/2023,28.3,75.2,100,7.9,1012,43.3,20.2,7,"Rain, Partially cloudy",Partly cloudy throughout the day with afternoon rain.,rain,obs
Meiktila,10/19/2023,28.8,71.2,0,8.3,1012.1,18.9,20.2,8,Clear,Clear conditions throughout the day.,clear-day,obs
Meiktila,10/20/2023,29.1,63.3,0,9.4,1012.4,28.7,20.3,8,Partially cloudy,Partly cloudy throughout the day.,partly-cloudy-day,obs
Meiktila,10/21/2023,29.6,66.4,0,8.6,1012.9,44,20.4,8,Partially cloudy,Partly cloudy throughout the day.,partly-cloudy-day,obs
Meiktila,10/22/2023,29.3,71.3,100,6.5,1013.7,49.1,20.3,7,"Rain, Partially cloudy",Partly cloudy throughout the day with rain.,rain,obs
Meiktila,10/23/2023,27.8,78.6,100,7.6,1013.6,81.9,18.6,6,"Rain, Partially cloudy",Partly cloudy throughout the day with a chance of rain throughout the day.,rain,obs
Meiktila,10/24/2023,26.9,84.9,100,9.7,1013,81.9,16.9,7,"Rain, Partially cloudy",Partly cloudy throughout the day with a chance of rain throughout the day.,rain,obs
Meiktila,10/25/2023,27.1,84.5,100,5.4,1013,65.8,19.8,6,"Rain, Partially cloudy",Partly cloudy throughout the day with rain.,rain,obs
Meiktila,10/26/2023,27.3,83.2,100,8.3,1012.3,41.8,20.3,8,"Rain, Partially cloudy",Partly cloudy throughout the day with rain in the morning and afternoon.,rain,obs
Meiktila,10/27/2023,27.7,74.2,0,9,1011.5,70.3,19.7,8,Partially cloudy,Partly cloudy throughout the day.,partly-cloudy-day,obs
Meiktila,10/28/2023,28.9,69,100,8.6,1011.7,85.8,19.8,6,"Rain, Partially cloudy",Partly cloudy throughout the day with rain clearing later.,rain,obs
Meiktila,10/29/2023,28.6,68.4,0,8.3,1011.9,32.1,20.4,7,Partially cloudy,Partly cloudy throughout the day.,partly-cloudy-day,obs
Meiktila,10/30/2023,27.6,72.5,100,12.2,1012.6,51.4,20.3,7,"Rain, Partially cloudy",Partly cloudy throughout the day with afternoon rain.,rain,obs
Meiktila,10/31/2023,27.9,71.5,0,10.4,1013.9,73.6,20.3,7,Partially cloudy,Partly cloudy throughout the day.,partly-cloudy-day,obs
Meiktila,11/1/2023,29.4,69.1,100,6.5,1013.7,53.5,20.4,7,"Rain, Partially cloudy",Partly cloudy throughout the day with afternoon rain.,rain,obs
Meiktila,11/2/2023,28.7,70.7,100,5.4,1012.9,71,19.6,7,"Rain, Partially cloudy",Partly cloudy throughout the day with rain.,rain,obs
Meiktila,11/3/2023,29,68.5,0,7.6,1010.9,35.6,19.4,7,Partially cloudy,Partly cloudy throughout the day.,partly-cloudy-day,obs
Meiktila,11/4/2023,29.2,68.7,100,6.5,1010.5,34.5,20.4,8,"Rain, Partially cloudy",Partly cloudy throughout the day with afternoon rain.,rain,obs
Meiktila,11/5/2023,29.5,66.4,100,13,1011.9,62.1,20.3,7,"Rain, Partially cloudy",Partly cloudy throughout the day with rain in the morning and afternoon.,rain,obs
Meiktila,11/6/2023,29.1,65.9,0,10.8,1012.8,75.1,20.3,8,Partially cloudy,Partly cloudy throughout the day.,partly-cloudy-day,obs
Meiktila,11/7/2023,29,64.8,0,7.9,1012.3,64.5,20.4,8,Partially cloudy,Partly cloudy throughout the day.,partly-cloudy-day,obs
Meiktila,11/8/2023,29.2,63.4,0,6.8,1011.1,55.7,20.3,8,Partially cloudy,Partly cloudy throughout the day.,partly-cloudy-day,obs
Meiktila,11/9/2023,28.6,69.5,0,9,1011.5,27,20.3,7,Partially cloudy,Becoming cloudy in the afternoon.,partly-cloudy-day,obs
Meiktila,11/10/2023,28.6,65.5,0,6.8,1013.2,27.5,21.1,8,Partially cloudy,Partly cloudy throughout the day.,partly-cloudy-day,obs
Meiktila,11/11/2023,28.3,63.1,0,9,1013.9,13.8,20.3,8,Clear,Clear conditions throughout the day.,clear-day,obs
Meiktila,11/12/2023,28.3,62.3,0,9.4,1014.4,45,20.3,7,Partially cloudy,Becoming cloudy in the afternoon.,partly-cloudy-day,obs
Meiktila,11/13/2023,28.8,60.8,0,11.9,1014.5,59.2,20.3,8,Partially cloudy,Partly cloudy throughout the day.,partly-cloudy-day,obs
Meiktila,11/14/2023,29.1,61.3,0,10.4,1014.6,46.6,20.3,7,Partially cloudy,Partly cloudy throughout the day.,partly-cloudy-day,obs
Meiktila,11/15/2023,29.5,62.3,0,5,1014.8,89.6,20.3,7,Partially cloudy,Partly cloudy throughout the day.,partly-cloudy-day,obs
Meiktila,11/16/2023,29.3,66.8,100,13.3,1015.3,89.1,18.5,6,"Rain, Partially cloudy",Partly cloudy throughout the day with afternoon rain.,rain,obs
Meiktila,11/17/2023,24,90.1,100,14.4,1016.5,100,15.5,3,"Rain, Overcast",Cloudy skies throughout the day with a chance of rain throughout the day.,rain,obs
Meiktila,11/18/2023,24.6,88.3,100,6.5,1015.7,98.6,18,4,"Rain, Overcast",Cloudy skies throughout the day with a chance of rain throughout the day.,rain,obs
Meiktila,11/19/2023,24.2,85.3,100,13.3,1016.2,80.7,19.6,7,"Rain, Partially cloudy",Partly cloudy throughout the day with rain clearing later.,rain,obs
Meiktila,11/20/2023,25.4,78.7,0,12.6,1015.4,36.7,20.2,7,Partially cloudy,Partly cloudy throughout the day.,partly-cloudy-day,obs
Meiktila,11/21/2023,25.6,76.4,0,9.7,1013.7,17,20.3,7,Clear,Clear conditions throughout the day.,clear-day,obs
Meiktila,11/22/2023,25.8,73,0,10.8,1012.3,21.8,20.3,7,Partially cloudy,Partly cloudy throughout the day.,partly-cloudy-day,obs
Meiktila,11/23/2023,25.2,75.2,0,10.8,1012.3,7.6,20.3,7,Clear,Clear conditions throughout the day.,clear-day,obs
Meiktila,11/24/2023,25.4,74.3,0,9.4,1013.6,10.4,20.3,7,Clear,Clear conditions throughout the day.,clear-day,obs
Meiktila,11/25/2023,25.9,72,0,14.4,1014.7,22.6,20.3,7,Partially cloudy,Partly cloudy throughout the day.,partly-cloudy-day,obs
Meiktila,11/26/2023,25.6,75,0,15.1,1016.2,27.4,20.3,7,Partially cloudy,Partly cloudy throughout the day.,partly-cloudy-day,obs
Meiktila,11/27/2023,25.4,72.6,0,12.6,1015.5,31.2,20.3,7,Partially cloudy,Becoming cloudy in the afternoon.,partly-cloudy-day,obs
Meiktila,11/28/2023,25,75,0,11.5,1013.7,35,20.3,7,Partially cloudy,Partly cloudy throughout the day.,partly-cloudy-day,obs
Meiktila,11/29/2023,25.3,73.2,0,11.5,1013.8,59.3,20.3,7,Partially cloudy,Partly cloudy throughout the day.,partly-cloudy-day,obs
Meiktila,11/30/2023,25.2,76.7,100,13,1014.9,91,20.3,6,"Rain, Overcast",Cloudy skies throughout the day with rain.,rain,obs
Meiktila,12/1/2023,25.8,76.1,100,11.9,1014.2,87.6,20.3,5,"Rain, Partially cloudy",Partly cloudy throughout the day with rain.,rain,obs
Meiktila,12/2/2023,26.6,75.4,100,9.4,1014,71.1,20.2,6,"Rain, Partially cloudy",Partly cloudy throughout the day with early morning rain.,rain,obs
Meiktila,12/3/2023,27.2,73,0,12.6,1013.8,79.2,20.3,6,Partially cloudy,Partly cloudy throughout the day.,partly-cloudy-day,obs
Meiktila,12/4/2023,26.6,77.9,0,11.9,1013.2,81.9,20.3,4,Partially cloudy,Partly cloudy throughout the day.,partly-cloudy-day,obs
Meiktila,12/5/2023,26.8,75.2,0,14,1012.5,83.1,20.3,7,Partially cloudy,Partly cloudy throughout the day.,partly-cloudy-day,obs
Meiktila,12/6/2023,26.6,69.2,100,14.4,1013.8,70.6,20.3,6,"Rain, Partially cloudy",Partly cloudy throughout the day with afternoon rain.,rain,obs
Meiktila,12/7/2023,27,67.5,0,11.5,1012.8,46.2,20.3,7,Partially cloudy,Partly cloudy throughout the day.,partly-cloudy-day,obs
Meiktila,12/8/2023,25.1,80.9,100,13,1012.2,74.1,16,4,"Rain, Partially cloudy",Partly cloudy throughout the day with a chance of rain throughout the day.,rain,obs
Meiktila,12/9/2023,25.6,85.1,100,9,1012.2,60,19.4,6,"Rain, Partially cloudy",Partly cloudy throughout the day with a chance of rain throughout the day.,rain,obs
Meiktila,12/10/2023,25.3,79.8,100,7.2,1010.9,57,19.9,6,"Rain, Partially cloudy",Partly cloudy throughout the day with early morning rain.,rain,obs
Meiktila,12/11/2023,25.7,74.1,0,7.6,1012.1,40.7,20.3,7,Partially cloudy,Partly cloudy throughout the day.,partly-cloudy-day,obs
Meiktila,12/12/2023,26.2,70.4,0,7.6,1011.7,22.8,20.3,7,Partially cloudy,Partly cloudy throughout the day.,partly-cloudy-day,obs
Meiktila,12/13/2023,26.6,75.5,100,10.8,1012.3,34,19,7,"Rain, Partially cloudy",Partly cloudy throughout the day with a chance of rain throughout the day.,rain,obs
Meiktila,12/14/2023,27.3,70.7,100,16.6,1013.3,29,19.6,6,"Rain, Partially cloudy",Partly cloudy throughout the day with rain.,rain,obs
Meiktila,12/15/2023,24.9,74.5,100,9,1014,28.4,20.3,7,"Rain, Partially cloudy",Partly cloudy throughout the day with early morning rain.,rain,obs
Meiktila,12/16/2023,23.8,71.4,0,7.2,1013.8,0.2,20.3,7,Clear,Clear conditions throughout the day.,clear-day,obs
Meiktila,12/17/2023,23.4,70.7,0,9.4,1014.6,0.3,20.3,7,Clear,Clear conditions throughout the day.,clear-day,obs
Meiktila,12/18/2023,23.6,70.3,0,7.9,1015.2,18.6,20.3,7,Clear,Clear conditions throughout the day.,clear-day,obs
Meiktila,12/19/2023,23.5,72.1,0,7.6,1015.5,18.3,20.3,7,Clear,Clear conditions throughout the day.,clear-day,obs
Meiktila,12/20/2023,23.6,72.7,0,8.6,1015.4,39.6,20.3,7,Partially cloudy,Partly cloudy throughout the day.,partly-cloudy-day,obs
Meiktila,12/21/2023,23.1,69.4,0,9.4,1015.1,42.1,20.3,7,Partially cloudy,Becoming cloudy in the afternoon.,partly-cloudy-day,obs
Meiktila,12/22/2023,23.9,66.1,0,8.3,1015.5,35.7,20.3,7,Partially cloudy,Partly cloudy throughout the day.,partly-cloudy-day,obs
Meiktila,12/23/2023,24.6,68.3,0,8.6,1017.8,48.6,20.3,6,Partially cloudy,Partly cloudy throughout the day.,partly-cloudy-day,obs
Meiktila,12/24/2023,24.4,68.3,0,7.9,1018.3,25.3,20.3,7,Partially cloudy,Clearing in the afternoon.,partly-cloudy-day,obs
Meiktila,12/25/2023,24.7,63,0,8.3,1016.9,18.4,21.1,7,Clear,Clear conditions throughout the day.,clear-day,obs
Meiktila,12/26/2023,24.2,64.8,0,8.6,1017.1,13,20.3,7,Clear,Clear conditions throughout the day.,clear-day,obs
Meiktila,12/27/2023,23.6,70.6,0,9,1017.9,16.1,20.3,7,Clear,Clear conditions throughout the day.,clear-day,obs
Meiktila,12/28/2023,24.1,66.2,0,8.6,1016.4,25.9,20.3,7,Partially cloudy,Becoming cloudy in the afternoon.,partly-cloudy-day,obs
Meiktila,12/29/2023,24.2,65.3,0,9,1016.2,24.1,20.3,7,Partially cloudy,Partly cloudy throughout the day.,partly-cloudy-day,obs
Meiktila,12/30/2023,23.3,66.7,0,9.4,1015,12.5,20.3,7,Clear,Clear conditions throughout the day.,clear-day,obs
Meiktila,12/31/2023,22.5,66.1,0,9.7,1015,0.1,21,7,Clear,Clear conditions throughout the day.,clear-day,obs
name,datetime,temp,humidity,precipprob,windspeed,sealevelpressure,cloudcover,visibility,uvindex,conditions,description,icon,source
Meiktila,1/1/2024,22.7,60.4,0,9.4,1014.6,0,20.3,7,Clear,Clear conditions throughout the day.,clear-day,obs
Meiktila,1/2/2024,22.6,58.9,0,10.1,1014.3,0,21,8,Clear,Clear conditions throughout the day.,clear-day,obs
Meiktila,1/3/2024,22.5,60.2,0,9.4,1014.4,0,20.3,8,Clear,Clear conditions throughout the day.,clear-day,obs
Meiktila,1/4/2024,22.3,57.9,0,7.9,1014.2,6.8,20.3,8,Clear,Clear conditions throughout the day.,clear-day,obs
Meiktila,1/5/2024,22.4,55.1,0,9.7,1014.5,0,20.5,8,Clear,Clear conditions throughout the day.,clear-day,obs
Meiktila,1/6/2024,21.7,64.8,0,9,1015.3,8.4,20.3,7,Clear,Clear conditions throughout the day.,clear-day,obs
Meiktila,1/7/2024,21.3,64.2,0,11.5,1015.6,4.8,20.3,8,Clear,Clear conditions throughout the day.,clear-day,obs
Meiktila,1/8/2024,21.2,63,0,10.8,1015,0.2,20.3,8,Clear,Clear conditions throughout the day.,clear-day,obs
Meiktila,1/9/2024,21.1,60.5,0,12.2,1014.1,0,20.4,8,Clear,Clear conditions throughout the day.,clear-day,obs
Meiktila,1/10/2024,20.3,58.8,0,12.2,1013.3,5.9,20.3,8,Clear,Clear conditions throughout the day.,clear-day,obs
Meiktila,1/11/2024,20.5,60.6,0,11.9,1013.7,26.5,20.3,8,Partially cloudy,Partly cloudy throughout the day.,partly-cloudy-day,obs
Meiktila,1/12/2024,20.7,60.7,0,11.9,1013.3,8.5,20.4,8,Clear,Clear conditions throughout the day.,clear-day,obs
Meiktila,1/13/2024,19.9,62.9,0,10.8,1013.8,0,20.3,8,Clear,Clear conditions throughout the day.,clear-day,obs
Meiktila,1/14/2024,21.1,62.9,0,9.4,1014.2,0,20.3,8,Clear,Clear conditions throughout the day.,clear-day,obs
Meiktila,1/15/2024,22.3,62.9,0,9.7,1013.5,0,20.4,8,Clear,Clear conditions throughout the day.,clear-day,obs
Meiktila,1/16/2024,23.5,67.6,100,15.5,1012.5,18.3,20.3,6,Rain,Clear conditions throughout the day with rain.,rain,obs
Meiktila,1/17/2024,23.7,64,0,14.4,1012.5,3.3,20.2,8,Clear,Clear conditions throughout the day.,clear-day,obs
Meiktila,1/18/2024,22.8,60.4,0,10.4,1012.9,7.1,20.4,8,Clear,Clear conditions throughout the day.,clear-day,obs
Meiktila,1/19/2024,22.2,59.3,0,9.7,1013.5,25,20.3,8,Partially cloudy,Partly cloudy throughout the day.,partly-cloudy-day,obs
Meiktila,1/20/2024,22.1,61.1,0,8.3,1013.7,0.2,20.3,8,Clear,Clear conditions throughout the day.,clear-day,obs
Meiktila,1/21/2024,21.6,63.3,0,9.7,1014,21,20.3,8,Partially cloudy,Partly cloudy throughout the day.,partly-cloudy-day,obs
Meiktila,1/22/2024,22.4,60.6,0,8.3,1014.8,22.1,20.3,8,Partially cloudy,Partly cloudy throughout the day.,partly-cloudy-day,obs
Meiktila,1/23/2024,21.7,61.5,0,10.8,1014.8,4.8,20.4,8,Clear,Clear conditions throughout the day.,clear-day,obs
Meiktila,1/24/2024,22.2,57,0,10.1,1014.7,12.9,20.4,8,Clear,Clear conditions throughout the day.,clear-day,obs
Meiktila,1/25/2024,22.8,58.2,0,11.9,1016.9,32.6,20.3,8,Partially cloudy,Partly cloudy throughout the day.,partly-cloudy-day,obs
Meiktila,1/26/2024,22.7,63.9,0,7.6,1017.6,17.2,20.3,8,Clear,Clear conditions throughout the day.,clear-day,obs
Meiktila,1/27/2024,23.4,66.4,100,12.2,1016.6,46.9,20.4,8,"Rain, Partially cloudy",Partly cloudy throughout the day with rain in the morning and afternoon.,rain,obs
Meiktila,1/28/2024,22.9,65.6,0,10.1,1016.1,15,20.3,8,Clear,Clear conditions throughout the day.,clear-day,obs
Meiktila,1/29/2024,22.6,65.8,0,13,1015.6,25.6,20.3,8,Partially cloudy,Partly cloudy throughout the day.,partly-cloudy-day,obs
Meiktila,1/30/2024,21.9,64.5,0,10.4,1015,17.7,20.3,8,Clear,Clear conditions throughout the day.,clear-day,obs
Meiktila,1/31/2024,21.5,65.3,0,10.8,1015.3,14.6,20.3,8,Clear,Clear conditions throughout the day.,clear-day,obs
Meiktila,2/1/2024,22,61.2,0,9.4,1015.6,4.2,20.2,8,Clear,Clear conditions throughout the day.,clear-day,obs
Meiktila,2/2/2024,22.9,57.3,0,11.5,1014.2,1,20.4,8,Clear,Clear conditions throughout the day.,clear-day,obs
Meiktila,2/3/2024,23.7,56.6,0,12.2,1014.1,3.4,20.4,8,Clear,Clear conditions throughout the day.,clear-day,obs
Meiktila,2/4/2024,22.9,61.2,0,9,1015.4,0,20.4,8,Clear,Clear conditions throughout the day.,clear-day,obs
Meiktila,2/5/2024,23.3,57.1,0,9.7,1015.5,0,20.5,8,Clear,Clear conditions throughout the day.,clear-day,obs
Meiktila,2/6/2024,24.4,54,0,8.6,1015.2,0.6,20.3,8,Clear,Clear conditions throughout the day.,clear-day,obs
Meiktila,2/7/2024,25.6,53.2,0,9,1013.3,4.9,20.4,8,Clear,Clear conditions throughout the day.,clear-day,obs
Meiktila,2/8/2024,25.4,59.3,0,8.3,1012.3,1,21.1,8,Clear,Clear conditions throughout the day.,clear-day,obs
Meiktila,2/9/2024,24.7,55.2,0,12.2,1013.7,0.9,20.3,8,Clear,Clear conditions throughout the day.,clear-day,obs
Meiktila,2/10/2024,24,47.2,0,10.8,1016.1,3.5,20.3,9,Clear,Clear conditions throughout the day.,clear-day,obs
Meiktila,2/11/2024,23.8,54.2,0,11.2,1017,0,20.4,9,Clear,Clear conditions throughout the day.,clear-day,obs
Meiktila,2/12/2024,25,56.2,0,13.7,1016.6,33.7,20.3,9,Partially cloudy,Becoming cloudy in the afternoon.,partly-cloudy-day,obs
Meiktila,2/13/2024,24.8,54.5,0,10.1,1016.2,58.3,20.2,9,Partially cloudy,Partly cloudy throughout the day.,partly-cloudy-day,obs
Meiktila,2/14/2024,24.3,50.5,0,10.4,1015.4,48.4,20.4,9,Partially cloudy,Becoming cloudy in the afternoon.,partly-cloudy-day,obs
Meiktila,2/15/2024,25.3,48.4,0,11.9,1015.4,81,20.3,8,Partially cloudy,Partly cloudy throughout the day.,partly-cloudy-day,obs
Meiktila,2/16/2024,25.9,51.2,0,13.3,1014.5,21.9,20.3,9,Partially cloudy,Partly cloudy throughout the day.,partly-cloudy-day,obs
Meiktila,2/17/2024,25,52.7,0,10.4,1012.2,0,20.3,9,Clear,Clear conditions throughout the day.,clear-day,obs
Meiktila,2/18/2024,24.2,48.7,0,11.2,1011.8,0,20.3,9,Clear,Clear conditions throughout the day.,clear-day,obs
Meiktila,2/19/2024,23.6,49.3,0,10.4,1012,0,20.3,9,Clear,Clear conditions throughout the day.,clear-day,obs
Meiktila,2/20/2024,24.4,49.6,0,10.8,1011.1,12.6,20.3,9,Clear,Clear conditions throughout the day.,clear-day,obs
Meiktila,2/21/2024,25.1,51.9,0,14,1010.6,32.9,20.2,9,Partially cloudy,Partly cloudy throughout the day.,partly-cloudy-day,obs
Meiktila,2/22/2024,26.5,49.2,0,14.8,1011.2,48.2,20.2,9,Partially cloudy,Partly cloudy throughout the day.,partly-cloudy-day,obs
Meiktila,2/23/2024,27.5,50.7,0,16.2,1012,17.6,20.2,9,Clear,Clear conditions throughout the day.,clear-day,obs
Meiktila,2/24/2024,26.1,54.5,0,9.4,1013.5,1.4,20.3,9,Clear,Clear conditions throughout the day.,clear-day,obs
Meiktila,2/25/2024,26.4,54.8,0,9,1013.5,0.1,20.2,9,Clear,Clear conditions throughout the day.,clear-day,obs
Meiktila,2/26/2024,26.4,54.1,0,11.2,1013.6,0,20.2,9,Clear,Clear conditions throughout the day.,clear-day,obs
Meiktila,2/27/2024,27.1,53.4,0,9.4,1011.9,0,20.2,9,Clear,Clear conditions throughout the day.,clear-day,obs
Meiktila,2/28/2024,27.6,50.6,0,15.8,1009.6,1.7,20.2,9,Clear,Clear conditions throughout the day.,clear-day,obs
Meiktila,2/29/2024,27.4,46.1,0,9.4,1010.6,0,20.3,9,Clear,Clear conditions throughout the day.,clear-day,obs
Meiktila,3/1/2024,26.9,48.9,0,9.7,1011.5,0,20.2,9,Clear,Clear conditions throughout the day.,clear-day,obs
Meiktila,3/2/2024,26.8,45.3,0,10.8,1010.9,0,20.2,9,Clear,Clear conditions throughout the day.,clear-day,obs
Meiktila,3/3/2024,27.2,45.4,0,15.5,1010.2,0.4,20.3,10,Clear,Clear conditions throughout the day.,clear-day,obs
Meiktila,3/4/2024,27.2,44.5,0,10.8,1010.1,0.1,20.2,9,Clear,Clear conditions throughout the day.,clear-day,obs
Meiktila,3/5/2024,27.8,50.9,0,9.4,1010.4,4.8,20.2,9,Clear,Clear conditions throughout the day.,clear-day,obs
Meiktila,3/6/2024,27.5,41.3,0,14.4,1009.3,0,20.3,9,Clear,Clear conditions throughout the day.,clear-day,obs
Meiktila,3/7/2024,26.5,35.9,0,11.5,1008.9,0.8,20.3,10,Clear,Clear conditions throughout the day.,clear-day,obs
Meiktila,3/8/2024,27.3,36.4,0,10.4,1009.1,0.7,20.2,10,Clear,Clear conditions throughout the day.,clear-day,obs
Meiktila,3/9/2024,26.7,43.7,0,10.1,1009.7,0,20.3,10,Clear,Clear conditions throughout the day.,clear-day,obs
Meiktila,3/10/2024,26.1,49.7,0,10.1,1011.5,0,20.2,10,Clear,Clear conditions throughout the day.,clear-day,obs
Meiktila,3/11/2024,27.3,48.3,0,11.9,1012.5,8.8,20.2,10,Clear,Clear conditions throughout the day.,clear-day,obs
Meiktila,3/12/2024,28,41.2,0,20.9,1010.9,0.5,20.3,10,Clear,Clear conditions throughout the day.,clear-day,obs
Meiktila,3/13/2024,27.7,40.4,0,12.2,1011.1,0,20.2,10,Clear,Clear conditions throughout the day.,clear-day,obs
Meiktila,3/14/2024,27.6,47.9,0,11.5,1011.5,3.2,20.2,10,Clear,Clear conditions throughout the day.,clear-day,obs
Meiktila,3/15/2024,28.7,47.5,0,10.4,1010.8,6.7,20.2,9,Clear,Clear conditions throughout the day.,clear-day,obs
Meiktila,3/16/2024,29.1,47.9,0,10.8,1011.7,0.8,20.2,10,Clear,Clear conditions throughout the day.,clear-day,obs
Meiktila,3/17/2024,28.8,46.2,0,9,1011.5,24.6,20.2,10,Partially cloudy,Partly cloudy throughout the day.,partly-cloudy-day,obs
Meiktila,3/18/2024,29.1,47.8,0,10.1,1010.6,33.3,20.2,10,Partially cloudy,Partly cloudy throughout the day.,partly-cloudy-day,obs
Meiktila,3/19/2024,29.9,47.9,0,9,1010.2,10,20.2,9,Clear,Clear conditions throughout the day.,clear-day,obs
Meiktila,3/20/2024,30.3,44.7,0,11.9,1011.3,7.1,20.2,9,Clear,Clear conditions throughout the day.,clear-day,obs
Meiktila,3/21/2024,29.5,52.1,100,15.8,1011.3,37.7,18.4,9,"Rain, Partially cloudy",Partly cloudy throughout the day with late afternoon rain.,rain,obs
Meiktila,3/22/2024,25.8,65.9,100,7.9,1010.2,28.1,19.1,9,"Rain, Partially cloudy",Partly cloudy throughout the day with early morning rain.,rain,obs
Meiktila,3/23/2024,27.4,54.3,0,10.8,1008.7,10.4,20.2,10,Clear,Clear conditions throughout the day.,clear-day,obs
Meiktila,3/24/2024,28.5,50.8,0,10.1,1011,2.5,20.3,9,Clear,Clear conditions throughout the day.,clear-day,obs
Meiktila,3/25/2024,28.8,47,0,9.4,1011.1,3.1,20.2,10,Clear,Clear conditions throughout the day.,clear-day,obs
Meiktila,3/26/2024,29,49.1,0,9.4,1011.2,39.6,21,9,Partially cloudy,Partly cloudy throughout the day.,partly-cloudy-day,obs
Meiktila,3/27/2024,30,43.7,0,9,1012.1,4.6,21.1,10,Clear,Clear conditions throughout the day.,clear-day,obs
Meiktila,3/28/2024,30.1,47.9,0,9.4,1010.5,35.6,24.1,10,Partially cloudy,Partly cloudy throughout the day.,partly-cloudy-day,obs
Meiktila,3/29/2024,31,46.8,0,15.8,1009,25,24.1,9,Partially cloudy,Partly cloudy throughout the day.,partly-cloudy-day,obs
Meiktila,3/30/2024,32.4,41.8,0,14.4,1009.8,55.2,24.1,10,Partially cloudy,Partly cloudy throughout the day.,partly-cloudy-day,obs
Meiktila,3/31/2024,32,42.3,0,19.1,1009.8,43.7,24.1,9,Partially cloudy,Partly cloudy throughout the day.,partly-cloudy-day,obs
Meiktila,4/1/2024,33,39.9,0,22.3,1007.1,16.7,24.1,10,Clear,Clear conditions throughout the day.,clear-day,obs
Meiktila,4/2/2024,33.2,44.6,0,15.1,1006.4,12.3,22.5,10,Clear,Clear conditions throughout the day.,clear-day,obs
Meiktila,4/3/2024,34.1,41.6,0,15.5,1006.6,10.1,20.2,9,Clear,Clear conditions throughout the day.,clear-day,obs
Meiktila,4/4/2024,34.2,42.5,0,10.8,1006.8,4.3,20.2,10,Clear,Clear conditions throughout the day.,clear-day,obs
Meiktila,4/5/2024,34.3,42.4,0,12.6,1005.5,7.6,20.2,10,Clear,Clear conditions throughout the day.,clear-day,obs
Meiktila,4/6/2024,35.5,41,0,16.9,1005.2,6,20.2,10,Clear,Clear conditions throughout the day.,clear-day,obs
Meiktila,4/7/2024,35.4,42.4,0,17.6,1005.7,11.4,20.2,10,Clear,Clear conditions throughout the day.,clear-day,obs
Meiktila,4/8/2024,34.6,44.8,0,12.6,1007.5,10.6,20.2,10,Clear,Clear conditions throughout the day.,clear-day,obs
Meiktila,4/9/2024,34.3,48.5,0,7.9,1007.6,9.3,20.2,10,Clear,Clear conditions throughout the day.,clear-day,obs
Meiktila,4/10/2024,33.7,44.4,0,15.5,1008.1,6.3,20.2,10,Clear,Clear conditions throughout the day.,clear-day,obs
Meiktila,4/11/2024,33.4,48.1,0,14.4,1009.6,7.2,20.2,10,Clear,Clear conditions throughout the day.,clear-day,obs
Meiktila,4/12/2024,33.3,44.7,0,11.2,1009,14.3,20.2,10,Clear,Clear conditions throughout the day.,clear-day,obs
Meiktila,4/13/2024,32.9,47.5,100,11.2,1008.8,9.6,20.2,10,Rain,Clear conditions throughout the day with afternoon rain.,rain,obs
Meiktila,4/14/2024,33,49.4,100,10.4,1008.2,27.7,20.2,10,"Rain, Partially cloudy",Partly cloudy throughout the day with afternoon rain.,rain,obs
Meiktila,4/15/2024,33.2,45,100,11.9,1007.9,16.8,20.2,10,Rain,Clear conditions throughout the day with afternoon rain.,rain,obs
Meiktila,4/16/2024,34,45.8,0,16.6,1006.7,43.2,20.2,10,Partially cloudy,Partly cloudy throughout the day.,partly-cloudy-day,obs
Meiktila,4/17/2024,34.2,47,0,17.3,1006.1,27.1,20.2,10,Partially cloudy,Partly cloudy throughout the day.,partly-cloudy-day,obs
Meiktila,4/18/2024,33,49.1,100,15.8,1005.7,36.9,20.2,9,"Rain, Partially cloudy",Partly cloudy throughout the day with rain.,rain,obs
Meiktila,4/19/2024,33.7,48.4,0,19.8,1003.4,16.5,20.2,9,Clear,Clear conditions throughout the day.,clear-day,obs
Meiktila,4/20/2024,34.1,47,0,22.7,1003.3,11.2,20.2,10,Clear,Clear conditions throughout the day.,clear-day,obs
Meiktila,4/21/2024,34.3,46.3,0,20.5,1004.9,14.1,20.2,10,Clear,Clear conditions throughout the day.,clear-day,obs
Meiktila,4/22/2024,35,45.1,0,17.6,1004.8,34,20.2,10,Partially cloudy,Partly cloudy throughout the day.,partly-cloudy-day,obs
Meiktila,4/23/2024,35.3,45.4,0,11.2,1004.2,12.5,20.2,10,Clear,Clear conditions throughout the day.,clear-day,obs
Meiktila,4/24/2024,34.7,47.2,100,19.8,1004,17.3,20.2,10,Rain,Clear conditions throughout the day with afternoon rain.,rain,obs
Meiktila,4/25/2024,34.6,45,0,15.5,1005,17.4,20.2,10,Clear,Clear conditions throughout the day.,clear-day,obs
Meiktila,4/26/2024,35.1,42.2,0,18,1004.4,19.9,20.2,9,Clear,Clear conditions throughout the day.,clear-day,obs
Meiktila,4/27/2024,35.6,39.1,0,13.7,1004.2,5.9,21,10,Clear,Clear conditions throughout the day.,clear-day,obs
Meiktila,4/28/2024,36.5,37.3,0,15.8,1004.3,11.4,20.2,10,Clear,Clear conditions throughout the day.,clear-day,obs
Meiktila,4/29/2024,35.5,47.2,100,19.4,1005.4,19.5,20.2,10,Rain,Clear conditions throughout the day with rain.,rain,obs
Meiktila,4/30/2024,35.4,45.7,0,15.1,1003.3,17.4,20.2,10,Clear,Clear conditions throughout the day.,clear-day,obs
Meiktila,5/1/2024,35.6,41.3,100,22.7,1002.3,17.4,24.1,10,Rain,Clear conditions throughout the day with rain.,rain,obs
Meiktila,5/2/2024,32.6,54.6,100,20.9,1003.9,36.7,18.9,10,"Rain, Partially cloudy",Partly cloudy throughout the day with late afternoon rain.,rain,obs
Meiktila,5/3/2024,30.6,63.3,100,13,1006.3,40.6,18.6,9,"Rain, Partially cloudy",Partly cloudy throughout the day with rain.,rain,obs
Meiktila,5/4/2024,31.7,60.7,100,11.2,1005.9,36.8,20.1,9,"Rain, Partially cloudy",Partly cloudy throughout the day with rain.,rain,obs
Meiktila,5/5/2024,32.7,52.7,0,15.1,1004.8,17.5,20.3,10,Clear,Clear conditions throughout the day.,clear-day,obs
Meiktila,5/6/2024,32.6,48.7,0,11.2,1007.2,23.8,19.7,10,Partially cloudy,Partly cloudy throughout the day.,partly-cloudy-day,obs
Meiktila,5/7/2024,31.7,50.6,0,9.4,1008.9,59.4,19.3,10,Partially cloudy,Partly cloudy throughout the day.,partly-cloudy-day,obs
Meiktila,5/8/2024,31,59.8,100,6.8,1008.5,66.3,21.8,9,"Rain, Partially cloudy",Partly cloudy throughout the day with rain.,rain,obs
Meiktila,5/9/2024,32.1,59.1,100,14.4,1007.3,47.1,20.2,9,"Rain, Partially cloudy",Partly cloudy throughout the day with late afternoon rain.,rain,obs
Meiktila,5/10/2024,32.9,54.8,0,15.5,1008.4,28.5,21,9,Partially cloudy,Partly cloudy throughout the day.,partly-cloudy-day,obs
Meiktila,5/11/2024,32.5,54.9,100,10.8,1009.1,29.6,20.3,9,"Rain, Partially cloudy",Partly cloudy throughout the day with late afternoon rain.,rain,obs
Meiktila,5/12/2024,33.5,51.8,0,13.7,1009.1,28.7,20.2,9,Partially cloudy,Partly cloudy throughout the day.,partly-cloudy-day,obs
Meiktila,5/13/2024,34,49.4,100,11.9,1007.6,19.1,20.2,9,Rain,Clear conditions throughout the day with late afternoon rain.,rain,obs
Meiktila,5/14/2024,35.8,44.6,0,14.8,1006.9,28.1,20.3,10,Partially cloudy,Partly cloudy throughout the day.,partly-cloudy-day,obs
Meiktila,5/15/2024,36.2,44.8,100,14.8,1007.2,36.2,20.3,9,"Rain, Partially cloudy",Partly cloudy throughout the day with late afternoon rain.,rain,obs
Meiktila,5/16/2024,35.5,50.7,100,19.8,1006.6,42.9,20.2,10,"Rain, Partially cloudy",Becoming cloudy in the afternoon with rain.,rain,obs
Meiktila,5/17/2024,36.1,48.7,100,22.3,1005.5,47.7,20.3,10,"Rain, Partially cloudy",Partly cloudy throughout the day with morning rain.,rain,obs
Meiktila,5/18/2024,34.5,55.8,100,20.2,1005,52,20.2,10,"Rain, Partially cloudy",Partly cloudy throughout the day with rain.,rain,obs
Meiktila,5/19/2024,32.6,63.9,100,14.4,1003.5,48.7,20.3,9,"Rain, Partially cloudy",Partly cloudy throughout the day with rain.,rain,obs
Meiktila,5/20/2024,31.5,66.6,100,12.2,1004.1,43.4,20,9,"Rain, Partially cloudy",Partly cloudy throughout the day with early morning rain.,rain,obs
Meiktila,5/21/2024,29.4,70.4,100,13,1006.2,69.4,19.7,8,"Rain, Partially cloudy",Partly cloudy throughout the day with rain.,rain,obs
Meiktila,5/22/2024,31,67.9,100,10.1,1005.9,46.9,20.9,8,"Rain, Partially cloudy",Partly cloudy throughout the day with rain.,rain,obs
Meiktila,5/23/2024,31.4,67,100,11.5,1004.4,57.4,20.2,9,"Rain, Partially cloudy",Partly cloudy throughout the day with early morning rain.,rain,obs
Meiktila,5/24/2024,31.7,65.6,100,20.2,1003.4,76,19.5,7,"Rain, Partially cloudy",Partly cloudy throughout the day with morning rain.,rain,obs
Meiktila,5/25/2024,29.3,75.8,100,18,1004,96.6,19.4,4,"Rain, Overcast",Cloudy skies throughout the day with a chance of rain throughout the day.,rain,obs
Meiktila,5/26/2024,28.2,81.6,100,26.6,1004.5,98.2,19.5,7,"Rain, Overcast",Cloudy skies throughout the day with a chance of rain throughout the day.,rain,obs
Meiktila,5/27/2024,27.3,88,100,30.6,1003.9,99.5,15.1,6,"Rain, Overcast",Cloudy skies throughout the day with a chance of rain throughout the day.,rain,obs
Meiktila,5/28/2024,28.7,81.9,100,28.1,1003.3,98.7,16.5,7,"Rain, Overcast",Cloudy skies throughout the day with a chance of rain throughout the day.,rain,obs
Meiktila,5/29/2024,29.8,78.4,100,26.6,1003.7,96.5,20.3,7,"Rain, Overcast",Cloudy skies throughout the day with rain in the morning and afternoon.,rain,obs
Meiktila,5/30/2024,31.4,71,100,23,1004.4,69.9,20.3,8,"Rain, Partially cloudy",Partly cloudy throughout the day with rain in the morning and afternoon.,rain,obs
Meiktila,5/31/2024,31.6,71.4,100,17.3,1004.6,66.2,19.1,8,"Rain, Partially cloudy",Partly cloudy throughout the day with rain.,rain,obs
Meiktila,6/1/2024,31.1,73.3,100,19.4,1005.5,77.7,20.2,8,"Rain, Partially cloudy",Partly cloudy throughout the day with rain in the morning and afternoon.,rain,obs
Meiktila,6/2/2024,29.3,75.4,100,19.4,1007.6,98,19.9,6,"Rain, Overcast",Cloudy skies throughout the day with rain.,rain,obs
Meiktila,6/3/2024,28.8,79.5,100,19.1,1006.6,93.4,19.9,6,"Rain, Overcast",Cloudy skies throughout the day with a chance of rain throughout the day.,rain,obs
Meiktila,6/4/2024,29.2,77.1,100,18.4,1006.8,78.1,20.2,6,"Rain, Partially cloudy",Partly cloudy throughout the day with a chance of rain throughout the day.,rain,obs
Meiktila,6/5/2024,30.9,69.8,100,14.8,1005.9,67.5,20.3,9,"Rain, Partially cloudy",Partly cloudy throughout the day with rain.,rain,obs
Meiktila,6/6/2024,30.3,72.9,100,14.8,1005.9,93.1,20.1,7,"Rain, Overcast",Cloudy skies throughout the day with rain.,rain,obs
Meiktila,6/7/2024,28.7,82.3,100,15.1,1004.9,97.5,20.3,2,"Rain, Overcast",Cloudy skies throughout the day with a chance of rain throughout the day.,rain,obs
Meiktila,6/8/2024,29.4,77.8,100,19.4,1004,88.7,20.3,6,"Rain, Partially cloudy",Partly cloudy throughout the day with a chance of rain throughout the day.,rain,obs
Meiktila,6/9/2024,31.2,70.4,100,18,1002.7,76,20.3,8,"Rain, Partially cloudy",Partly cloudy throughout the day with late afternoon rain.,rain,obs
Meiktila,6/10/2024,31.8,68.3,0,18,1003.1,89.4,20.3,8,Partially cloudy,Partly cloudy throughout the day.,partly-cloudy-day,obs
Meiktila,6/11/2024,30.1,73.2,0,16.9,1004,94.7,18.4,4,Overcast,Cloudy skies throughout the day.,cloudy,obs
Meiktila,6/12/2024,28.8,76.7,100,27.7,1005.6,94.5,17.7,6,"Rain, Overcast",Cloudy skies throughout the day with rain in the morning and afternoon.,rain,obs
Meiktila,6/13/2024,28.1,82.2,100,25.6,1005.7,97.8,18.7,5,"Rain, Overcast",Cloudy skies throughout the day with a chance of rain throughout the day.,rain,obs
Meiktila,6/14/2024,28.1,85,100,20.9,1004.1,97.9,16.2,4,"Rain, Overcast",Cloudy skies throughout the day with a chance of rain throughout the day.,rain,obs
Meiktila,6/15/2024,27.8,83.4,100,22,1004.3,95.9,20.3,5,"Rain, Overcast",Cloudy skies throughout the day with rain clearing later.,rain,obs
Meiktila,6/16/2024,29.4,74.6,100,24.8,1005.3,90.1,19.8,6,"Rain, Overcast",Cloudy skies throughout the day with afternoon rain.,rain,obs
Meiktila,6/17/2024,30.1,72.8,100,23,1005.2,93.3,19.2,6,"Rain, Overcast",Cloudy skies throughout the day with rain in the morning and afternoon.,rain,obs
Meiktila,6/18/2024,29.7,73.8,100,24.1,1004.5,90.7,19.3,7,"Rain, Overcast",Cloudy skies throughout the day with rain in the morning and afternoon.,rain,obs
Meiktila,6/19/2024,29.4,72.9,100,27.4,1003.7,94.1,20.3,6,"Rain, Overcast",Cloudy skies throughout the day with rain in the morning and afternoon.,rain,obs
Meiktila,6/20/2024,29.9,73.2,100,24.8,1003.3,85.2,19.6,8,"Rain, Partially cloudy",Partly cloudy throughout the day with rain.,rain,obs
Meiktila,6/21/2024,30.1,74.5,100,18,1003,92.8,20.3,8,"Rain, Overcast",Cloudy skies throughout the day with afternoon rain.,rain,obs
Meiktila,6/22/2024,32.1,64.8,100,15.8,1002.4,67.2,20.3,8,"Rain, Partially cloudy",Partly cloudy throughout the day with morning rain.,rain,obs
Meiktila,6/23/2024,31.2,69.2,100,16.9,1002.9,85,20.3,8,"Rain, Partially cloudy",Partly cloudy throughout the day with afternoon rain.,rain,obs
Meiktila,6/24/2024,31.4,67.4,100,19.1,1002.6,95.3,20.4,7,"Rain, Overcast",Cloudy skies throughout the day with rain in the morning and afternoon.,rain,obs
Meiktila,6/25/2024,30.9,69.2,100,13,1002.1,94.1,20.4,7,"Rain, Overcast",Cloudy skies throughout the day with late afternoon rain.,rain,obs
Meiktila,6/26/2024,28.8,79.9,100,15.8,1003.7,98.3,18.4,5,"Rain, Overcast",Cloudy skies throughout the day with a chance of rain throughout the day.,rain,obs
Meiktila,6/27/2024,29.9,71.4,100,22,1006.2,96.4,20.3,7,"Rain, Overcast",Cloudy skies throughout the day with rain.,rain,obs
Meiktila,6/28/2024,29.7,73.5,100,24.8,1006.3,94.6,20.3,7,"Rain, Overcast",Cloudy skies throughout the day with a chance of rain throughout the day.,rain,obs
Meiktila,6/29/2024,29.5,75.1,100,25.9,1006,93.5,20.2,7,"Rain, Overcast",Cloudy skies throughout the day with rain.,rain,obs
Meiktila,6/30/2024,29.3,75.6,100,27,1006.6,95.2,15.8,8,"Rain, Overcast",Cloudy skies throughout the day with rain in the morning and afternoon.,rain,obs
Meiktila,7/1/2024,28.9,75.4,100,27.4,1005.6,97.2,19.5,7,"Rain, Overcast",Cloudy skies throughout the day with rain.,rain,obs
Meiktila,7/2/2024,28.2,79.1,100,29.2,1004.3,94.6,20.3,7,"Rain, Overcast",Cloudy skies throughout the day with a chance of rain throughout the day.,rain,obs
Meiktila,7/3/2024,28.8,76.1,100,24.1,1005.1,81.6,20.3,8,"Rain, Partially cloudy",Partly cloudy throughout the day with rain.,rain,obs
Meiktila,7/4/2024,29.1,73.9,100,25.2,1007.2,94.9,18.3,7,"Rain, Overcast",Cloudy skies throughout the day with rain in the morning and afternoon.,rain,obs
Meiktila,7/5/2024,29.9,71.7,100,21.6,1005.7,91.1,20.3,7,"Rain, Overcast",Cloudy skies throughout the day with a chance of rain throughout the day.,rain,obs
Meiktila,7/6/2024,30.5,69.6,100,18.4,1004.3,91.5,20.4,7,"Rain, Overcast",Cloudy skies throughout the day with late afternoon rain.,rain,obs
Meiktila,7/7/2024,30.8,71.3,100,14.8,1004.8,81.6,20.3,8,"Rain, Partially cloudy",Partly cloudy throughout the day with rain.,rain,obs
Meiktila,7/8/2024,31.1,68,100,18.7,1005.1,84.9,20.3,8,"Rain, Partially cloudy",Partly cloudy throughout the day with rain.,rain,obs
Meiktila,7/9/2024,30.8,68.8,100,23.4,1006.7,91.9,20.3,8,"Rain, Overcast",Cloudy skies throughout the day with rain in the morning and afternoon.,rain,obs
Meiktila,7/10/2024,30.1,72.2,100,24.1,1007.4,91.5,20.3,7,"Rain, Overcast",Cloudy skies throughout the day with rain.,rain,obs
Meiktila,7/11/2024,27.9,82.5,100,19.4,1005.8,97.5,17.7,3,"Rain, Overcast",Cloudy skies throughout the day with a chance of rain throughout the day.,rain,obs
Meiktila,7/12/2024,29,77.7,100,21.2,1003.7,94.7,17.8,5,"Rain, Overcast",Cloudy skies throughout the day with a chance of rain throughout the day.,rain,obs
Meiktila,7/13/2024,29.9,73.4,100,21.6,1001.6,93.5,20.1,8,"Rain, Overcast",Cloudy skies throughout the day with rain.,rain,obs
Meiktila,7/14/2024,30.5,70,100,21.2,1001.7,90,21.8,7,"Rain, Partially cloudy",Partly cloudy throughout the day with afternoon rain.,rain,obs
Meiktila,7/15/2024,30.1,70,0,22,1004.4,93.4,20.3,5,Overcast,Cloudy skies throughout the day.,cloudy,obs
Meiktila,7/16/2024,31,68.1,0,15.1,1004.5,82.4,20.3,7,Partially cloudy,Partly cloudy throughout the day.,partly-cloudy-day,obs
Meiktila,7/17/2024,30.9,69.8,100,14.4,1003.1,92.7,20.2,6,"Rain, Overcast",Cloudy skies throughout the day with late afternoon rain.,rain,obs
Meiktila,7/18/2024,30.7,69.5,100,19.4,1002.8,95.6,18.5,6,"Rain, Overcast",Cloudy skies throughout the day with afternoon rain.,rain,obs
Meiktila,7/19/2024,29.7,73.4,100,23.4,1002.8,92.7,20,6,"Rain, Overcast",Cloudy skies throughout the day with rain in the morning and afternoon.,rain,obs
Meiktila,7/20/2024,28.6,79.1,100,23.8,1004.5,98.7,19.4,4,"Rain, Overcast",Cloudy skies throughout the day with rain.,rain,obs
Meiktila,7/21/2024,28.7,76,100,26.6,1005.5,97.5,14.6,5,"Rain, Overcast",Cloudy skies throughout the day with a chance of rain throughout the day.,rain,obs
Meiktila,7/22/2024,28,81.6,100,23,1006.2,92.3,15.3,4,"Rain, Overcast",Cloudy skies throughout the day with a chance of rain throughout the day.,rain,obs
Meiktila,7/23/2024,28.8,77,100,23.8,1004.4,90.4,19.7,5,"Rain, Overcast",Cloudy skies throughout the day with rain in the morning and afternoon.,rain,obs
Meiktila,7/24/2024,29.1,77.9,100,28.8,1000.3,95,18.8,6,"Rain, Overcast",Cloudy skies throughout the day with a chance of rain throughout the day.,rain,obs
Meiktila,7/25/2024,28.8,78.8,100,28.1,998.4,92.9,18.8,4,"Rain, Overcast",Cloudy skies throughout the day with rain in the morning and afternoon.,rain,obs
Meiktila,7/26/2024,28.6,79.5,100,25.2,999.8,90.8,19.8,4,"Rain, Overcast",Cloudy skies throughout the day with a chance of rain throughout the day.,rain,obs
Meiktila,7/27/2024,29,77.3,100,24.1,1002.4,86.2,18.6,5,"Rain, Partially cloudy",Partly cloudy throughout the day with a chance of rain throughout the day.,rain,obs
Meiktila,7/28/2024,29.1,76.1,100,24.5,1002.7,94,18,6,"Rain, Overcast",Cloudy skies throughout the day with a chance of rain throughout the day.,rain,obs
Meiktila,7/29/2024,27.8,81.4,100,25.6,1003.2,98,20.2,3,"Rain, Overcast",Cloudy skies throughout the day with rain.,rain,obs
Meiktila,7/30/2024,26.9,87.5,100,20.9,1004.5,99.6,20.9,2,"Rain, Overcast",Cloudy skies throughout the day with a chance of rain throughout the day.,rain,obs
Meiktila,7/31/2024,26.3,89.5,100,25.9,1005.3,98.8,14.5,2,"Rain, Overcast",Cloudy skies throughout the day with a chance of rain throughout the day.,rain,obs
Meiktila,8/1/2024,26.7,88.2,100,22.3,1006.4,98.6,13.7,3,"Rain, Overcast",Cloudy skies throughout the day with a chance of rain throughout the day.,rain,obs
Meiktila,8/2/2024,27.1,85.9,100,23.8,1006.9,99,17.5,4,"Rain, Overcast",Cloudy skies throughout the day with a chance of rain throughout the day.,rain,obs
Meiktila,8/3/2024,27.6,82.6,100,21.6,1007.9,95.2,19.9,6,"Rain, Overcast",Cloudy skies throughout the day with a chance of rain throughout the day.,rain,obs
Meiktila,8/4/2024,28.4,78.5,100,21.2,1007.2,97.9,18.2,7,"Rain, Overcast",Cloudy skies throughout the day with a chance of rain throughout the day.,rain,obs
Meiktila,8/5/2024,28.6,76.7,100,20.5,1006.8,96.1,14.9,6,"Rain, Overcast",Cloudy skies throughout the day with rain.,rain,obs
Meiktila,8/6/2024,29.1,75.3,100,19.1,1005.7,94.1,16,7,"Rain, Overcast",Cloudy skies throughout the day with a chance of rain throughout the day.,rain,obs
Meiktila,8/7/2024,28,79.7,100,21.6,1007.1,97.8,18.2,3,"Rain, Overcast",Cloudy skies throughout the day with a chance of rain throughout the day.,rain,obs
Meiktila,8/8/2024,28.4,77.2,100,24.5,1008.2,67.9,19.7,7,"Rain, Partially cloudy",Partly cloudy throughout the day with rain.,rain,obs
Meiktila,8/9/2024,30,71,100,21.6,1008.1,58.1,20.3,8,"Rain, Partially cloudy",Partly cloudy throughout the day with afternoon rain.,rain,obs
Meiktila,8/10/2024,30.8,69,100,20.9,1006.5,82.1,20.3,7,"Rain, Partially cloudy",Partly cloudy throughout the day with rain in the morning and afternoon.,rain,obs
Meiktila,8/11/2024,30.4,71.4,100,19.8,1005.2,84.6,20.3,6,"Rain, Partially cloudy",Partly cloudy throughout the day with rain in the morning and afternoon.,rain,obs
Meiktila,8/12/2024,27.9,86.9,100,14,1004.8,99.5,19.7,3,"Rain, Overcast",Cloudy skies throughout the day with a chance of rain throughout the day.,rain,obs
Meiktila,8/13/2024,26.8,88.7,100,16.6,1005.6,99.5,16,5,"Rain, Overcast",Cloudy skies throughout the day with a chance of rain throughout the day.,rain,obs
Meiktila,8/14/2024,27.2,85.7,100,16.2,1006.3,99,19.3,4,"Rain, Overcast",Cloudy skies throughout the day with a chance of rain throughout the day.,rain,obs
Meiktila,8/15/2024,27.3,86.9,100,17.3,1005.8,99.1,15.9,5,"Rain, Overcast",Cloudy skies throughout the day with a chance of rain throughout the day.,rain,obs
Meiktila,8/16/2024,27.3,87.8,100,18.7,1005.5,98.6,15.7,5,"Rain, Overcast",Cloudy skies throughout the day with a chance of rain throughout the day.,rain,obs
Meiktila,8/17/2024,27.9,82.9,100,18.7,1006.5,97.3,14.8,6,"Rain, Overcast",Cloudy skies throughout the day with a chance of rain throughout the day.,rain,obs
Meiktila,8/18/2024,28,83,100,19.8,1007.6,97.1,18.3,6,"Rain, Overcast",Cloudy skies throughout the day with a chance of rain throughout the day.,rain,obs
Meiktila,8/19/2024,27.9,83,100,22,1007.3,98.3,16.6,6,"Rain, Overcast",Cloudy skies throughout the day with a chance of rain throughout the day.,rain,obs
Meiktila,8/20/2024,28.7,78.9,100,23,1008,91.8,21.3,7,"Rain, Overcast",Cloudy skies throughout the day with rain.,rain,obs
Meiktila,8/21/2024,28.4,81.9,100,18.4,1008.4,95.2,18.6,4,"Rain, Overcast",Cloudy skies throughout the day with a chance of rain throughout the day.,rain,obs
Meiktila,8/22/2024,28.3,81.7,100,20.9,1007.6,96.9,20.2,6,"Rain, Overcast",Cloudy skies throughout the day with a chance of rain throughout the day.,rain,obs
Meiktila,8/23/2024,26.5,87.9,100,18,1008.6,99.9,16.2,2,"Rain, Overcast",Cloudy skies throughout the day with a chance of rain throughout the day.,rain,obs
Meiktila,8/24/2024,26.5,87.5,100,21.2,1008.8,98.6,13.8,2,"Rain, Overcast",Cloudy skies throughout the day with a chance of rain throughout the day.,rain,obs
Meiktila,8/25/2024,27.2,85.1,100,19.1,1007.5,98.1,14.9,4,"Rain, Overcast",Cloudy skies throughout the day with a chance of rain throughout the day.,rain,obs
Meiktila,8/26/2024,28.4,79.2,100,19.4,1007,89.7,18.1,6,"Rain, Partially cloudy",Partly cloudy throughout the day with afternoon rain.,rain,obs
Meiktila,8/27/2024,27.9,81.7,100,14,1007.4,93.9,20.3,5,"Rain, Overcast",Cloudy skies throughout the day with rain in the morning and afternoon.,rain,obs
Meiktila,8/28/2024,28.6,79.1,100,12.6,1006.4,70.8,20.3,7,"Rain, Partially cloudy",Partly cloudy throughout the day with rain in the morning and afternoon.,rain,obs
Meiktila,8/29/2024,28.4,80.7,100,11.2,1006,65.5,19.6,7,"Rain, Partially cloudy",Partly cloudy throughout the day with morning rain.,rain,obs
Meiktila,8/30/2024,29,78.8,0,16.6,1006.8,70,20.3,7,Partially cloudy,Partly cloudy throughout the day.,partly-cloudy-day,obs
Meiktila,8/31/2024,28.7,77.4,0,17.6,1007.6,91.8,20.3,6,Overcast,Cloudy skies throughout the day.,cloudy,obs
Meiktila,9/1/2024,27.2,85.8,100,13,1007.7,87.1,20.2,7,"Rain, Partially cloudy",Partly cloudy throughout the day with rain in the morning and afternoon.,rain,obs
Meiktila,9/2/2024,28.9,80,0,6.8,1006.9,91.3,20.3,8,Overcast,Cloudy skies throughout the day.,cloudy,obs
Meiktila,9/3/2024,29.5,80,100,8.3,1006.9,90.7,20.1,8,"Rain, Overcast",Cloudy skies throughout the day with late afternoon rain.,rain,obs
Meiktila,9/4/2024,29.1,80.1,100,11.9,1005.6,98.6,20.1,7,"Rain, Overcast",Cloudy skies throughout the day with early morning rain.,rain,obs
Meiktila,9/5/2024,29.4,77.4,100,13.3,1004.6,83.2,20.3,7,"Rain, Partially cloudy",Partly cloudy throughout the day with early morning rain.,rain,obs
Meiktila,9/6/2024,28.6,81,100,9.4,1005.1,84.7,19.6,4,"Rain, Partially cloudy",Partly cloudy throughout the day with a chance of rain throughout the day.,rain,obs
Meiktila,9/7/2024,29.4,75,0,13.7,1005.4,68.7,19.5,8,Partially cloudy,Partly cloudy throughout the day.,partly-cloudy-day,obs
Meiktila,9/8/2024,29.3,77.7,100,17.3,1005.8,87.6,20.3,7,"Rain, Partially cloudy",Partly cloudy throughout the day with afternoon rain.,rain,obs
Meiktila,9/9/2024,28,85.4,100,17.6,1004.8,96.6,16.8,4,"Rain, Overcast",Cloudy skies throughout the day with a chance of rain throughout the day.,rain,obs
Meiktila,9/10/2024,26.2,94.5,100,15.1,1003.4,100,10.6,3,"Rain, Overcast",Cloudy skies throughout the day with a chance of rain throughout the day.,rain,obs
Meiktila,9/11/2024,25.3,95.6,100,24.1,1002.9,100,6.3,1,"Rain, Overcast",Cloudy skies throughout the day with a chance of rain throughout the day.,rain,obs
Meiktila,9/12/2024,25.3,92.5,100,22,1005.3,100,10.5,3,"Rain, Overcast",Cloudy skies throughout the day with a chance of rain throughout the day.,rain,obs
Meiktila,9/13/2024,25.6,91.8,100,22.3,1005.2,99.7,19.5,2,"Rain, Overcast",Cloudy skies throughout the day with a chance of rain throughout the day.,rain,obs
Meiktila,9/14/2024,27.1,82.2,100,16.9,1004.9,98,19.5,7,"Rain, Overcast",Cloudy skies throughout the day with a chance of rain throughout the day.,rain,obs
Meiktila,9/15/2024,27.8,81.4,100,16.2,1005,95.5,20.3,7,"Rain, Overcast",Cloudy skies throughout the day with rain clearing later.,rain,obs
Meiktila,9/16/2024,28.7,78.5,0,11.9,1005.5,78.7,20.2,8,Partially cloudy,Partly cloudy throughout the day.,partly-cloudy-day,obs
Meiktila,9/17/2024,29,80.3,100,9,1005.4,80.8,20.3,7,"Rain, Partially cloudy",Partly cloudy throughout the day with afternoon rain.,rain,obs
Meiktila,9/18/2024,29.3,81.1,100,6.8,1003.9,80.7,17.8,7,"Rain, Partially cloudy",Partly cloudy throughout the day with rain clearing later.,rain,obs
Meiktila,9/19/2024,29.3,81.6,0,9,1003.4,35.3,20,9,Partially cloudy,Partly cloudy throughout the day.,partly-cloudy-day,obs
Meiktila,9/20/2024,28.8,82.9,0,12.2,1003.7,65.6,20.2,9,Partially cloudy,Partly cloudy throughout the day.,partly-cloudy-day,obs
Meiktila,9/21/2024,28.9,82,0,8.6,1004.2,85.6,19.3,7,Partially cloudy,Partly cloudy throughout the day.,partly-cloudy-day,obs
Meiktila,9/22/2024,29.2,84.6,100,13.3,1003.2,83.2,19,7,"Rain, Partially cloudy",Partly cloudy throughout the day with late afternoon rain.,rain,obs
Meiktila,9/23/2024,27.5,86,100,11.9,1006.7,97.1,17.9,4,"Rain, Overcast",Cloudy skies throughout the day with a chance of rain throughout the day.,rain,obs
Meiktila,9/24/2024,27.1,87,100,12.2,1008.6,97.6,18.6,2,"Rain, Overcast",Cloudy skies throughout the day with rain.,rain,obs
Meiktila,9/25/2024,27.8,81.1,100,13.7,1009.7,97.2,18.9,5,"Rain, Overcast",Cloudy skies throughout the day with a chance of rain throughout the day.,rain,obs
Meiktila,9/26/2024,28.4,79.3,100,11.5,1010.3,85.3,20,7,"Rain, Partially cloudy",Partly cloudy throughout the day with a chance of rain throughout the day.,rain,obs
Meiktila,9/27/2024,28.7,79.3,100,9,1010.7,94.1,19.7,6,"Rain, Overcast",Cloudy skies throughout the day with afternoon rain.,rain,obs
Meiktila,9/28/2024,29.3,80.1,100,9.7,1009.5,79.8,20.2,8,"Rain, Partially cloudy",Partly cloudy throughout the day with rain.,rain,obs
Meiktila,9/29/2024,29.7,81.2,100,11.5,1008.2,68.8,21.1,8,"Rain, Partially cloudy",Partly cloudy throughout the day with rain.,rain,obs
Meiktila,9/30/2024,29.9,79.4,100,14,1006.9,92.6,19,7,"Rain, Overcast",Cloudy skies throughout the day with rain.,rain,obs
Meiktila,10/1/2024,26.9,88.5,100,12.6,1005.1,99.2,14.9,4,"Rain, Overcast",Cloudy skies throughout the day with rain.,rain,obs
Meiktila,10/2/2024,25.8,89.7,100,22,1006.1,97.5,18.7,5,"Rain, Overcast",Cloudy skies throughout the day with a chance of rain throughout the day.,rain,obs
Meiktila,10/3/2024,27.3,82.2,100,22.7,1007.3,93.5,17.3,6,"Rain, Overcast",Cloudy skies throughout the day with a chance of rain throughout the day.,rain,obs
Meiktila,10/4/2024,28.2,79.4,100,22,1009.1,93.6,17.8,7,"Rain, Overcast",Cloudy skies throughout the day with a chance of rain throughout the day.,rain,obs
Meiktila,10/5/2024,27.5,80.9,100,19.4,1009.9,68.1,20.3,9,"Rain, Partially cloudy",Partly cloudy throughout the day with afternoon rain.,rain,obs
Meiktila,10/6/2024,28.8,78.1,0,10.8,1011.2,59.7,20.2,8,Partially cloudy,Partly cloudy throughout the day.,partly-cloudy-day,obs
Meiktila,10/7/2024,29.2,79.5,100,7.6,1012.2,49.1,20.1,8,"Rain, Partially cloudy",Partly cloudy throughout the day with rain.,rain,obs
Meiktila,10/8/2024,28.4,83.7,100,7.6,1012.3,77.7,19.2,7,"Rain, Partially cloudy",Partly cloudy throughout the day with afternoon rain.,rain,obs
Meiktila,10/9/2024,28.9,78.8,100,7.2,1010.6,61.3,19.9,8,"Rain, Partially cloudy",Partly cloudy throughout the day with afternoon rain.,rain,obs
Meiktila,10/10/2024,28.6,79.7,100,10.4,1009.8,49.5,19.6,8,"Rain, Partially cloudy",Partly cloudy throughout the day with a chance of rain throughout the day.,rain,obs
Meiktila,10/11/2024,28.8,77.7,100,9.4,1009.5,39.1,20.3,8,"Rain, Partially cloudy",Partly cloudy throughout the day with afternoon rain.,rain,obs
Meiktila,10/12/2024,29.4,76.4,100,8.3,1010.6,48.4,20.3,8,"Rain, Partially cloudy",Partly cloudy throughout the day with late afternoon rain.,rain,obs
Meiktila,10/13/2024,28.5,76.2,100,8.6,1010.5,45.6,20.2,9,"Rain, Partially cloudy",Partly cloudy throughout the day with rain.,rain,obs
Meiktila,10/14/2024,28.4,80.8,100,6.8,1010.5,41.3,20.3,8,"Rain, Partially cloudy",Partly cloudy throughout the day with rain.,rain,obs
Meiktila,10/15/2024,28.9,81.4,100,5.8,1010.1,45.6,19.5,8,"Rain, Partially cloudy",Partly cloudy throughout the day with rain.,rain,obs
Meiktila,10/16/2024,28.6,81.6,100,6.8,1010.6,42.9,20.3,7,"Rain, Partially cloudy",Partly cloudy throughout the day with rain.,rain,obs
Meiktila,10/17/2024,27.5,85.1,100,5.8,1011,43.4,19.3,8,"Rain, Partially cloudy",Partly cloudy throughout the day with a chance of rain throughout the day.,rain,obs
Meiktila,10/18/2024,28,84.8,100,7.2,1010.4,44,20.3,7,"Rain, Partially cloudy",Partly cloudy throughout the day with rain.,rain,obs
Meiktila,10/19/2024,28,83.5,0,11.5,1011.1,42.1,20.3,8,Partially cloudy,Partly cloudy throughout the day.,partly-cloudy-day,obs
Meiktila,10/20/2024,27.4,84,100,11.5,1011.8,82.9,20.1,7,"Rain, Partially cloudy",Partly cloudy throughout the day with afternoon rain.,rain,obs
Meiktila,10/21/2024,25.4,88,100,9.7,1011.5,99.4,20.2,3,"Rain, Overcast",Cloudy skies throughout the day with a chance of rain throughout the day.,rain,obs
Meiktila,10/22/2024,27.1,85.1,100,11.5,1011.3,88.8,19.3,6,"Rain, Partially cloudy",Partly cloudy throughout the day with rain.,rain,obs
Meiktila,10/23/2024,26.8,89.4,100,8.3,1011.9,91.9,17.2,7,"Rain, Overcast",Cloudy skies throughout the day with a chance of rain throughout the day.,rain,obs
Meiktila,10/24/2024,26.8,88.2,100,7.9,1011.6,79.5,19.1,6,"Rain, Partially cloudy",Partly cloudy throughout the day with rain.,rain,obs
Meiktila,10/25/2024,27.3,84.3,100,9.4,1011.1,66.5,20.3,6,"Rain, Partially cloudy",Partly cloudy throughout the day with rain.,rain,obs
Meiktila,10/26/2024,27.5,82.7,100,10.8,1009.9,54.8,20.3,6,"Rain, Partially cloudy",Partly cloudy throughout the day with rain in the morning and afternoon.,rain,obs
Meiktila,10/27/2024,27.7,82.1,0,13.3,1007.9,20.7,20.3,8,Partially cloudy,Partly cloudy throughout the day.,partly-cloudy-day,obs
Meiktila,10/28/2024,26.9,80.6,0,13.3,1006.6,19.7,20.3,8,Clear,Clear conditions throughout the day.,clear-day,obs
Meiktila,10/29/2024,28.4,77.5,0,9,1007.9,12,20.2,7,Clear,Clear conditions throughout the day.,clear-day,obs
Meiktila,10/30/2024,29,78.8,0,10.4,1009.7,22,20.3,7,Partially cloudy,Partly cloudy throughout the day.,partly-cloudy-day,obs
Meiktila,10/31/2024,28.4,81.2,100,7.9,1010.6,31.7,21,7,"Rain, Partially cloudy",Partly cloudy throughout the day with a chance of rain throughout the day.,rain,obs
Meiktila,11/1/2024,27.8,81.4,100,11.2,1011.2,31.7,20.1,7,"Rain, Partially cloudy",Clearing in the afternoon with morning rain.,rain,obs
Meiktila,11/2/2024,28,81,100,11.9,1012,16.9,20.4,8,Rain,Clear conditions throughout the day with afternoon rain.,rain,obs
Meiktila,11/3/2024,28.2,80.6,100,7.2,1012.7,23.3,20.3,7,"Rain, Partially cloudy",Partly cloudy throughout the day with afternoon rain.,rain,obs
Meiktila,11/4/2024,28.1,80.5,0,7.6,1012,15.8,20.1,8,Clear,Clear conditions throughout the day.,clear-day,obs
Meiktila,11/5/2024,27.9,79.5,0,6.8,1013,28.9,20.4,8,Partially cloudy,Partly cloudy throughout the day.,partly-cloudy-day,obs
Meiktila,11/6/2024,24.1,91.3,100,8.3,1014.3,89.3,18.4,3,"Rain, Partially cloudy",Partly cloudy throughout the day with rain.,rain,obs
Meiktila,11/7/2024,22.9,92.4,100,8.6,1014.5,97.2,19.7,3,"Rain, Overcast",Cloudy skies throughout the day with a chance of rain throughout the day.,rain,obs
Meiktila,11/8/2024,22.6,89.8,0,12.2,1015.2,95.8,20.2,3,Overcast,Cloudy skies throughout the day.,cloudy,obs
Meiktila,11/9/2024,23.5,88.5,100,11.9,1014.6,95.6,20.2,2,"Rain, Overcast",Cloudy skies throughout the day with a chance of rain throughout the day.,rain,obs
Meiktila,11/10/2024,25,84.6,100,10.4,1014.3,83.4,20.3,5,"Rain, Partially cloudy",Partly cloudy throughout the day with early morning rain.,rain,obs
Meiktila,11/11/2024,26.3,84.3,0,9.7,1012.9,54.7,20.3,7,Partially cloudy,Partly cloudy throughout the day.,partly-cloudy-day,obs
Meiktila,11/12/2024,27,82.3,100,9.4,1011.9,37.8,20.4,7,"Rain, Partially cloudy",Partly cloudy throughout the day with rain clearing later.,rain,obs
Meiktila,11/13/2024,26.6,83.1,0,11.2,1010.9,26.3,20.3,7,Partially cloudy,Clearing in the afternoon.,partly-cloudy-day,obs
Meiktila,11/14/2024,26.1,82.1,0,12.6,1011.3,4.6,20.3,8,Clear,Clear conditions throughout the day.,clear-day,obs
Meiktila,11/15/2024,25,81.6,0,9,1011.5,20.8,20.4,8,Partially cloudy,Clearing in the afternoon.,partly-cloudy-day,obs
Meiktila,11/16/2024,24.1,78.6,0,9.4,1011.2,36.2,20.3,8,Partially cloudy,Clearing in the afternoon.,partly-cloudy-day,obs
Meiktila,11/17/2024,23.2,74,0,11.5,1011.2,30.9,20.4,8,Partially cloudy,Becoming cloudy in the afternoon.,partly-cloudy-day,obs
Meiktila,11/18/2024,24.3,78.3,0,12.2,1012.6,11.7,24.1,7,Clear,Clear conditions throughout the day.,clear-day,obs
Meiktila,11/19/2024,25.4,82.9,0,9.4,1013.8,22.5,24.1,5,Partially cloudy,Partly cloudy throughout the day.,partly-cloudy-day,obs
Meiktila,11/20/2024,26.1,83.7,100,7.6,1012.9,18,23.6,7,Rain,Clear conditions throughout the day with afternoon rain.,rain,obs
Meiktila,11/21/2024,26.1,83,100,9.7,1012.7,19.3,24.1,7,Rain,Clear conditions throughout the day with afternoon rain.,rain,obs
Meiktila,11/22/2024,24.1,76.5,0,10.4,1012.4,10.6,21.1,8,Clear,Clear conditions throughout the day.,clear-day,obs
Meiktila,11/23/2024,24.6,77.5,100,8.6,1013.4,26.7,20.3,7,"Rain, Partially cloudy",Partly cloudy throughout the day with afternoon rain.,rain,obs
Meiktila,11/24/2024,24.3,80.8,0,8.3,1013.4,43.1,20.4,8,Partially cloudy,Partly cloudy throughout the day.,partly-cloudy-day,obs
Meiktila,11/25/2024,23.6,78.5,0,9.4,1013.4,24,20.3,8,Partially cloudy,Clearing in the afternoon.,partly-cloudy-day,obs
Meiktila,11/26/2024,22.4,80,0,9.4,1013.2,43.3,20.3,7,Partially cloudy,Partly cloudy throughout the day.,partly-cloudy-day,obs
Meiktila,11/27/2024,23.3,76.6,0,10.8,1012.9,58.3,20.4,7,Partially cloudy,Partly cloudy throughout the day.,partly-cloudy-day,obs
Meiktila,11/28/2024,23.5,79.3,100,12.2,1014.2,76.6,20.2,6,"Rain, Partially cloudy",Partly cloudy throughout the day with rain.,rain,obs
Meiktila,11/29/2024,24.3,86,100,8.6,1014.3,87.3,20.3,6,"Rain, Partially cloudy",Partly cloudy throughout the day with rain.,rain,obs
Meiktila,11/30/2024,25.1,82.8,0,10.8,1012.7,53.5,20.5,7,Partially cloudy,Partly cloudy throughout the day.,partly-cloudy-day,obs
Meiktila,12/1/2024,24.3,84.2,0,12.2,1011.4,27.1,24.1,7,Partially cloudy,Clearing in the afternoon.,partly-cloudy-day,obs
Meiktila,12/2/2024,24.5,81.9,0,9.7,1011.5,32.5,20.4,7,Partially cloudy,Partly cloudy throughout the day.,partly-cloudy-day,obs
Meiktila,12/3/2024,24.8,81.1,0,10.4,1011.9,17.8,20.4,7,Clear,Clear conditions throughout the day.,clear-day,obs
Meiktila,12/4/2024,24.9,81,0,9,1011,13,20.3,7,Clear,Clear conditions throughout the day.,clear-day,obs
Meiktila,12/5/2024,24.7,81.4,0,8.3,1010.6,29.6,20.3,7,Partially cloudy,Partly cloudy throughout the day.,partly-cloudy-day,obs
Meiktila,12/6/2024,23.6,80.7,0,8.3,1010.3,34.7,20.3,7,Partially cloudy,Partly cloudy throughout the day.,partly-cloudy-day,obs
Meiktila,12/7/2024,23.2,78,0,7.6,1011.4,28.5,20.3,7,Partially cloudy,Partly cloudy throughout the day.,partly-cloudy-day,obs
Meiktila,12/8/2024,23.1,80,0,8.6,1012.8,19.6,20.4,7,Clear,Clear conditions throughout the day.,clear-day,obs
Meiktila,12/9/2024,24,81.2,100,8.3,1012.2,45.5,20.3,7,"Rain, Partially cloudy",Partly cloudy throughout the day with afternoon rain.,rain,obs
Meiktila,12/10/2024,24.1,80.3,0,9.4,1011.3,44.6,20.4,7,Partially cloudy,Partly cloudy throughout the day.,partly-cloudy-day,obs
Meiktila,12/11/2024,22.6,80.6,0,10.1,1012.2,46.9,20.4,7,Partially cloudy,Partly cloudy throughout the day.,partly-cloudy-day,obs
Meiktila,12/12/2024,21.8,78.8,0,10.4,1011.7,45,20.3,7,Partially cloudy,Partly cloudy throughout the day.,partly-cloudy-day,obs
Meiktila,12/13/2024,21.7,79,0,9,1012.7,0.1,20.4,7,Clear,Clear conditions throughout the day.,clear-day,obs
Meiktila,12/14/2024,22.2,78.4,0,13,1014.2,18.7,20.4,7,Clear,Clear conditions throughout the day.,clear-day,obs
Meiktila,12/15/2024,23.1,75,0,13.3,1015.4,31.2,20.3,6,Partially cloudy,Partly cloudy throughout the day.,partly-cloudy-day,obs
Meiktila,12/16/2024,23.1,77.6,0,10.8,1015.4,3.6,20.4,7,Clear,Clear conditions throughout the day.,clear-day,obs
Meiktila,12/17/2024,23.4,76.2,0,11.5,1014.6,15,20.4,7,Clear,Clear conditions throughout the day.,clear-day,obs
Meiktila,12/18/2024,23,78.5,0,9,1013.5,44.2,21.8,6,Partially cloudy,Partly cloudy throughout the day.,partly-cloudy-day,obs
Meiktila,12/19/2024,23.6,75.2,0,9.4,1014.1,62.4,20.4,7,Partially cloudy,Partly cloudy throughout the day.,partly-cloudy-day,obs
Meiktila,12/20/2024,22.8,77.5,0,9,1012.9,48.1,20.4,7,Partially cloudy,Partly cloudy throughout the day.,partly-cloudy-day,obs
Meiktila,12/21/2024,23,76.9,100,10.4,1013.3,78.8,20.3,5,"Rain, Partially cloudy",Partly cloudy throughout the day with rain in the morning and afternoon.,rain,obs
Meiktila,12/22/2024,23.1,77.4,0,10.4,1013.8,63.5,20.4,7,Partially cloudy,Partly cloudy throughout the day.,partly-cloudy-day,obs
Meiktila,12/23/2024,21.5,78.5,0,11.2,1014.1,60,20.3,7,Partially cloudy,Partly cloudy throughout the day.,partly-cloudy-day,obs
Meiktila,12/24/2024,21.4,79.1,0,9,1014.5,31.6,20.4,7,Partially cloudy,Partly cloudy throughout the day.,partly-cloudy-day,obs
Meiktila,12/25/2024,22.1,78.2,0,9,1015.4,0,20.4,7,Clear,Clear conditions throughout the day.,clear-day,obs
Meiktila,12/26/2024,22.7,76.9,0,10.8,1017,3.3,20.4,7,Clear,Clear conditions throughout the day.,clear-day,obs
Meiktila,12/27/2024,22.8,77.6,0,10.8,1017,0.2,20.3,7,Clear,Clear conditions throughout the day.,clear-day,obs
Meiktila,12/28/2024,22.6,78,0,10.1,1016.9,0,20.4,7,Clear,Clear conditions throughout the day.,clear-day,obs
Meiktila,12/29/2024,22.8,79,0,10.8,1015.1,0.2,20.4,7,Clear,Clear conditions throughout the day.,clear-day,obs
Meiktila,12/30/2024,23.8,77,0,8.6,1014,6,20.3,7,Clear,Clear conditions throughout the day.,clear-day,obs
Meiktila,12/31/2024,22.9,80,0,9.4,1014.3,22.6,20.4,7,Partially cloudy,Clearing in the afternoon.,partly-cloudy-day,obs
name,datetime,temp,humidity,precipprob,windspeed,sealevelpressure,cloudcover,visibility,uvindex,conditions,description,icon,source
meiktila,1/1/2025,22.4,76.7,0,8.6,1013,14.5,20.4,7,Clear,Clear conditions throughout the day.,clear-day,obs
meiktila,1/2/2025,21.9,76.1,0,9,1013.5,8,20.3,7,Clear,Clear conditions throughout the day.,clear-day,obs
meiktila,1/3/2025,21.8,76.4,0,9.4,1014.5,33.3,20.4,7,Partially cloudy,Clearing in the afternoon.,partly-cloudy-day,obs
meiktila,1/4/2025,22.1,75.4,0,9,1013.8,26.4,20.4,6,Partially cloudy,Partly cloudy throughout the day.,partly-cloudy-day,obs
meiktila,1/5/2025,22.5,75.2,0,9,1014.8,11.2,20.3,7,Clear,Clear conditions throughout the day.,clear-day,obs
meiktila,1/6/2025,22.7,72.9,0,9,1013.6,15.4,20.4,6,Clear,Clear conditions throughout the day.,clear-day,obs
meiktila,1/7/2025,22.7,69.1,0,8.3,1012.6,21.3,1240.1,7,Partially cloudy,Partly cloudy throughout the day.,partly-cloudy-day,obs
meiktila,1/8/2025,22.8,65.3,0,17.3,1012,19.5,20.3,7,Clear,Clear conditions throughout the day.,clear-day,obs
meiktila,1/9/2025,22.2,70.7,0,10.1,1014.6,12.4,20.4,7,Clear,Clear conditions throughout the day.,clear-day,obs
meiktila,1/10/2025,21.7,75.4,0,9.4,1017.2,4.6,20.4,7,Clear,Clear conditions throughout the day.,clear-day,obs
meiktila,1/11/2025,21.6,75.2,0,10.4,1017.8,7.5,20.4,7,Clear,Clear conditions throughout the day.,clear-day,obs
meiktila,1/12/2025,22.1,71.6,0,9.4,1017.4,47.1,20.3,7,Partially cloudy,Partly cloudy throughout the day.,partly-cloudy-day,obs
meiktila,1/13/2025,21.9,72.2,0,9.7,1014.6,3.8,20.4,8,Clear,Clear conditions throughout the day.,clear-day,obs
meiktila,1/14/2025,21.6,72.5,0,10.1,1015.4,5.1,20.4,8,Clear,Clear conditions throughout the day.,clear-day,obs
meiktila,1/15/2025,21.6,74.9,0,10.1,1016.4,0,20.3,8,Clear,Clear conditions throughout the day.,clear-day,obs
meiktila,1/16/2025,21.7,73.5,0,10.1,1016.6,0,20.4,8,Clear,Clear conditions throughout the day.,clear-day,obs
meiktila,1/17/2025,21.3,71.5,0,9.4,1015.2,0.1,20.4,8,Clear,Clear conditions throughout the day.,clear-day,obs
meiktila,1/18/2025,22,69.5,0,7.9,1014.1,20.6,20.3,8,Partially cloudy,Partly cloudy throughout the day.,partly-cloudy-day,obs
meiktila,1/19/2025,22.4,67.8,0,6.8,1012.5,0,20.4,8,Clear,Clear conditions throughout the day.,clear-day,obs
meiktila,1/20/2025,22.7,68.9,0,9,1010.7,0,20.4,8,Clear,Clear conditions throughout the day.,clear-day,obs
meiktila,1/21/2025,22.4,70.2,0,13.7,1010.1,0,20.3,8,Clear,Clear conditions throughout the day.,clear-day,obs
meiktila,1/22/2025,22.5,71.6,0,10.8,1011.1,0,20.4,8,Clear,Clear conditions throughout the day.,clear-day,obs
meiktila,1/23/2025,23.1,72.6,0,10.4,1011.6,0,20.4,8,Clear,Clear conditions throughout the day.,clear-day,obs
meiktila,1/24/2025,23.1,70.5,0,10.1,1010.4,0,20.3,8,Clear,Clear conditions throughout the day.,clear-day,obs
meiktila,1/25/2025,22.8,71.2,0,10.4,1011.1,4.2,20.3,8,Clear,Clear conditions throughout the day.,clear-day,obs
meiktila,1/26/2025,23.1,63.3,0,9.7,1010.8,0,20.4,8,Clear,Clear conditions throughout the day.,clear-day,obs
meiktila,1/27/2025,23.1,65.9,0,16.2,1009.5,0,20.2,8,Clear,Clear conditions throughout the day.,clear-day,obs
meiktila,1/28/2025,24,63.8,0,25.2,1011.1,10.2,20.3,8,Clear,Clear conditions throughout the day.,clear-day,obs
meiktila,1/29/2025,23.8,64.7,100,16.2,1013.5,19.4,20.3,8,Rain,Clear conditions throughout the day with morning rain.,rain,obs
meiktila,1/30/2025,23.1,63.1,0,21.2,1011,7.8,20.3,8,Clear,Clear conditions throughout the day.,clear-day,obs
meiktila,1/31/2025,22.7,56.6,0,14.4,1011.1,37,20.3,8,Partially cloudy,Partly cloudy throughout the day.,partly-cloudy-day,obs
meiktila,2/1/2025,22.3,64.6,0,10.1,1011.1,32.4,20.3,8,Partially cloudy,Partly cloudy throughout the day.,partly-cloudy-day,obs
meiktila,2/2/2025,23.4,61.6,0,8.3,1010.7,2.3,20.3,8,Clear,Clear conditions throughout the day.,clear-day,obs
meiktila,2/3/2025,23.1,61.4,0,11.5,1010.9,0.4,20.3,8,Clear,Clear conditions throughout the day.,clear-day,obs
meiktila,2/4/2025,22.6,62.7,0,10.4,1010.8,0.1,20.2,8,Clear,Clear conditions throughout the day.,clear-day,obs
meiktila,2/5/2025,24.4,63.8,0,15.1,1009.2,3.3,20.3,8,Clear,Clear conditions throughout the day.,clear-day,obs
meiktila,2/6/2025,25,61.6,0,11.9,1010.4,1.3,20.2,8,Clear,Clear conditions throughout the day.,clear-day,obs
meiktila,2/7/2025,24.2,61.6,0,10.1,1011.3,2.7,20.2,8,Clear,Clear conditions throughout the day.,clear-day,obs
meiktila,2/8/2025,24.6,61.9,0,11.2,1011.2,4.2,20.3,8,Clear,Clear conditions throughout the day.,clear-day,obs
meiktila,2/9/2025,26,58.8,0,18,1010.8,2.7,20.2,8,Clear,Clear conditions throughout the day.,clear-day,obs
meiktila,2/10/2025,26.3,55.7,0,20.9,1011.3,0.4,20.2,9,Clear,Clear conditions throughout the day.,clear-day,obs
meiktila,2/11/2025,24.8,51.5,0,17.6,1011.3,0,20.3,9,Clear,Clear conditions throughout the day.,clear-day,obs
meiktila,2/12/2025,24.5,48.3,0,11.5,1012.3,0,20.2,9,Clear,Clear conditions throughout the day.,clear-day,obs
meiktila,2/13/2025,24.4,54.6,0,12.2,1011.2,0,20.2,9,Clear,Clear conditions throughout the day.,clear-day,obs
meiktila,2/14/2025,26.3,48.1,0,18.4,1010.4,0,20.3,9,Clear,Clear conditions throughout the day.,clear-day,obs
meiktila,2/15/2025,25.3,55.1,0,13.7,1010.4,0.2,20.2,9,Clear,Clear conditions throughout the day.,clear-day,obs
meiktila,2/16/2025,24.8,56,0,11.5,1011,0.4,20.2,9,Clear,Clear conditions throughout the day.,clear-day,obs
meiktila,2/17/2025,24.3,55.3,0,10.4,1013.6,0,20.2,9,Clear,Clear conditions throughout the day.,clear-day,obs
meiktila,2/18/2025,24.3,52,0,10.4,1013.3,0,20.2,9,Clear,Clear conditions throughout the day.,clear-day,obs
meiktila,2/19/2025,24.6,51.2,0,11.2,1012.1,0.3,20.2,9,Clear,Clear conditions throughout the day.,clear-day,obs
meiktila,2/20/2025,25.5,51.2,0,9.4,1013,0.4,20.3,9,Clear,Clear conditions throughout the day.,clear-day,obs
meiktila,2/21/2025,25.4,54.1,0,9,1013.5,1.4,20.2,9,Clear,Clear conditions throughout the day.,clear-day,obs
meiktila,2/22/2025,26,54.4,0,9,1013.4,2.2,20.2,9,Clear,Clear conditions throughout the day.,clear-day,obs
meiktila,2/23/2025,26,53.7,0,9.7,1014.2,4.6,20.3,9,Clear,Clear conditions throughout the day.,clear-day,obs
meiktila,2/24/2025,26.2,55.6,0,9,1015.3,11.3,20.2,8,Clear,Clear conditions throughout the day.,clear-day,obs
meiktila,2/25/2025,27.7,59.1,0,14.4,1015.6,18.8,20.2,8,Clear,Clear conditions throughout the day.,clear-day,obs
meiktila,2/26/2025,27.3,56.7,0,9.7,1015.9,2.5,20.2,9,Clear,Clear conditions throughout the day.,clear-day,obs
meiktila,2/27/2025,26.5,53.8,0,9.4,1013.8,13.9,20.2,9,Clear,Clear conditions throughout the day.,clear-day,obs
meiktila,2/28/2025,26.5,52.8,0,13.7,1011.6,0,21,9,Clear,Clear conditions throughout the day.,clear-day,obs
meiktila,3/1/2025,25.9,50.4,0,10.8,1010.5,0.1,20.3,9,Clear,Clear conditions throughout the day.,clear-day,obs
meiktila,3/2/2025,27.2,52,0,12.2,1008.3,1.2,20.2,9,Clear,Clear conditions throughout the day.,clear-day,obs
meiktila,3/3/2025,27.5,48.7,0,10.4,1008.6,3.4,20.2,9,Clear,Clear conditions throughout the day.,clear-day,obs
meiktila,3/4/2025,27.1,51.4,0,9.4,1007.9,4.9,20.2,9,Clear,Clear conditions throughout the day.,clear-day,obs
meiktila,3/5/2025,26.5,50.2,0,11.9,1007.6,1.9,20.2,9,Clear,Clear conditions throughout the day.,clear-day,obs
meiktila,3/6/2025,26.4,50.5,0,11.2,1008.5,0,20.2,9,Clear,Clear conditions throughout the day.,clear-day,obs
meiktila,3/7/2025,26.8,49.9,0,16.2,1007.8,0,20.2,10,Clear,Clear conditions throughout the day.,clear-day,obs
meiktila,3/8/2025,27.9,42.8,0,20.9,1008.2,2.1,20.2,10,Clear,Clear conditions throughout the day.,clear-day,obs
meiktila,3/9/2025,28,44.8,0,14,1011.6,0,20.2,10,Clear,Clear conditions throughout the day.,clear-day,obs
meiktila,3/10/2025,27.6,48.4,0,10.4,1013.3,0,20.2,10,Clear,Clear conditions throughout the day.,clear-day,obs
meiktila,3/11/2025,27.9,50.5,0,9.4,1011,33.3,20.3,9,Partially cloudy,Partly cloudy throughout the day.,partly-cloudy-day,obs
meiktila,3/12/2025,27.5,47.2,0,14.8,1008.2,0,20.2,10,Clear,Clear conditions throughout the day.,clear-day,obs
meiktila,3/13/2025,27.9,43.6,0,12.2,1008.1,0.5,21,10,Clear,Clear conditions throughout the day.,clear-day,obs
meiktila,3/14/2025,29.9,38.9,0,13.7,1009.5,0.1,21,10,Clear,Clear conditions throughout the day.,clear-day,obs
meiktila,3/15/2025,30.3,40.8,0,14,1009.8,0.1,20.2,10,Clear,Clear conditions throughout the day.,clear-day,obs
meiktila,3/16/2025,30.6,43.7,0,13.3,1008.8,0,20.2,10,Clear,Clear conditions throughout the day.,clear-day,obs
meiktila,3/17/2025,31.3,42.7,0,14.4,1008.2,3.3,20.2,10,Clear,Clear conditions throughout the day.,clear-day,obs
meiktila,3/18/2025,31.7,40.8,0,18.7,1008.8,18.2,20.2,10,Clear,Clear conditions throughout the day.,clear-day,obs
meiktila,3/19/2025,31.7,42.7,0,18.4,1011.3,28.8,20.2,10,Partially cloudy,Partly cloudy throughout the day.,partly-cloudy-day,obs
meiktila,3/20/2025,31.2,48.4,0,17.6,1013,1.3,20.2,9,Clear,Clear conditions throughout the day.,clear-day,obs
meiktila,3/21/2025,31.5,47.2,100,20.9,1013.1,12.9,20.2,9,Rain,Clear conditions throughout the day with late afternoon rain.,rain,obs
meiktila,3/22/2025,31.2,51.6,0,17.6,1012.6,20,20.2,8,Clear,Partly cloudy throughout the day.,clear-day,obs
meiktila,3/23/2025,30.9,49.4,0,14,1012,5.8,20.2,10,Clear,Clear conditions throughout the day.,clear-day,obs
meiktila,3/24/2025,30.1,48.2,0,8.6,1010.4,24,20.2,9,Partially cloudy,Partly cloudy throughout the day.,partly-cloudy-day,obs
meiktila,3/25/2025,29.3,49.4,0,7.2,1007.1,19.2,20.2,9,Clear,Clear conditions throughout the day.,clear-day,obs
meiktila,3/26/2025,29,53.4,0,9.7,1005.4,28,20.2,8,Partially cloudy,Partly cloudy throughout the day.,partly-cloudy-day,obs
meiktila,3/27/2025,29.8,45.3,0,14.4,1004.1,0.6,20.2,10,Clear,Clear conditions throughout the day.,clear-day,obs
meiktila,3/28/2025,30.1,41.7,0,16.9,1004.8,0.2,23.3,10,Clear,Clear conditions throughout the day.,clear-day,obs
meiktila,3/29/2025,31.5,40,0,18.4,1006.4,1.2,24.1,10,Clear,Clear conditions throughout the day.,clear-day,obs
meiktila,3/30/2025,31.9,34.5,0,17.6,1008.4,1.8,24.1,10,Clear,Clear conditions throughout the day.,clear-day,obs
meiktila,3/31/2025,32.4,31.3,0,19.8,1007.7,1.1,24.1,10,Clear,Clear conditions throughout the day.,clear-day,obs
meiktila,4/1/2025,32.4,30.7,0,19.4,1007.6,1.1,24.1,10,Clear,Clear conditions throughout the day.,clear-day,obs
meiktila,4/2/2025,32.2,36.9,0,16.9,1008.3,20.3,20.2,10,Partially cloudy,Partly cloudy throughout the day.,partly-cloudy-day,obs
meiktila,4/3/2025,33.1,34.7,0,19.8,1009,0.9,21,10,Clear,Clear conditions throughout the day.,clear-day,obs
meiktila,4/4/2025,32.7,40,0,17.3,1008.2,15.8,20.2,10,Clear,Clear conditions throughout the day.,clear-day,obs
meiktila,4/5/2025,32.4,40.5,0,19.4,1007.6,19.5,20.2,10,Clear,Clear conditions throughout the day.,clear-day,obs
meiktila,4/6/2025,31.5,44.9,0,18.4,1008.3,76.5,21,8,Partially cloudy,Partly cloudy throughout the day.,partly-cloudy-day,obs
meiktila,4/7/2025,29.4,51.8,0,20.9,1011.5,96.7,20.8,5,Overcast,Cloudy skies throughout the day.,cloudy,obs
meiktila,4/8/2025,30.3,54.1,100,8.6,1013,94.9,20.2,7,"Rain, Overcast",Cloudy skies throughout the day with afternoon rain.,rain,obs
meiktila,4/9/2025,29.5,53.1,0,9.7,1011,97.1,20.3,4,Overcast,Cloudy skies throughout the day.,cloudy,obs
meiktila,4/10/2025,29.2,59.5,100,13,1007.5,88.3,20.2,7,"Rain, Partially cloudy",Partly cloudy throughout the day with rain.,rain,obs
meiktila,4/11/2025,29.3,65.8,100,20.2,1006,74.7,20,9,"Rain, Partially cloudy",Partly cloudy throughout the day with rain.,rain,obs
meiktila,4/12/2025,29.8,66.9,100,16.2,1007.4,63.7,19.2,8,"Rain, Partially cloudy",Partly cloudy throughout the day with a chance of rain throughout the day.,rain,obs
meiktila,4/13/2025,30.6,65,100,11.2,1009,86.4,20,8,"Rain, Partially cloudy",Partly cloudy throughout the day with rain.,rain,obs
meiktila,4/14/2025,29.7,69.5,100,11.2,1009.5,60,17.4,8,"Rain, Partially cloudy",Partly cloudy throughout the day with a chance of rain throughout the day.,rain,obs
meiktila,4/15/2025,27.5,78.1,100,12.2,1010.7,63.3,18.7,8,"Rain, Partially cloudy",Partly cloudy throughout the day with rain.,rain,obs
meiktila,4/16/2025,29.8,69,100,14.8,1008.9,49.4,19.2,9,"Rain, Partially cloudy",Partly cloudy throughout the day with late afternoon rain.,rain,obs
meiktila,4/17/2025,29.9,65,100,13.7,1008.2,28.5,20.3,9,"Rain, Partially cloudy",Partly cloudy throughout the day with late afternoon rain.,rain,obs
meiktila,4/18/2025,30.3,62.9,100,15.1,1007.5,33,19.9,10,"Rain, Partially cloudy",Partly cloudy throughout the day with late afternoon rain.,rain,obs
meiktila,4/19/2025,30.5,58.7,100,13.7,1006.8,36.5,20.3,9,"Rain, Partially cloudy",Partly cloudy throughout the day with late afternoon rain.,rain,obs
meiktila,4/20/2025,31.2,56.4,0,16.6,1006.8,21.9,20.3,10,Partially cloudy,Partly cloudy throughout the day.,partly-cloudy-day,obs
meiktila,4/21/2025,32.5,54.1,0,19.1,1008.2,20.7,20.3,9,Partially cloudy,Partly cloudy throughout the day.,partly-cloudy-day,obs
meiktila,4/22/2025,33.6,52.5,0,17.6,1007.9,28.2,20.3,10,Partially cloudy,Partly cloudy throughout the day.,partly-cloudy-day,obs
meiktila,4/23/2025,34.2,50.8,0,22.3,1006.4,15.5,20.3,10,Clear,Clear conditions throughout the day.,clear-day,obs
meiktila,4/24/2025,34.1,47.4,0,22.3,1006.2,4.7,20.3,10,Clear,Clear conditions throughout the day.,clear-day,obs
meiktila,4/25/2025,34.6,48.1,0,21.2,1006.4,6.1,20.3,10,Clear,Clear conditions throughout the day.,clear-day,obs
meiktila,4/26/2025,34.8,46.2,0,20.5,1006.4,13.7,20.2,10,Clear,Clear conditions throughout the day.,clear-day,obs
meiktila,4/27/2025,34.7,47,0,15.8,1007.4,15,20.3,9,Clear,Clear conditions throughout the day.,clear-day,obs
meiktila,4/28/2025,34,48.9,0,16.9,1007.1,29,20.3,9,Partially cloudy,Partly cloudy throughout the day.,partly-cloudy-day,obs
meiktila,4/29/2025,29.9,65.6,100,16.9,1009,48.9,20.1,9,"Rain, Partially cloudy",Partly cloudy throughout the day with rain.,rain,obs
meiktila,4/30/2025,26.3,85.5,100,10.4,1010.3,77.4,19.2,7,"Rain, Partially cloudy",Partly cloudy throughout the day with a chance of rain throughout the day.,rain,obs
meiktila,5/1/2025,26.7,83.2,100,11.5,1011.5,74.1,20.2,8,"Rain, Partially cloudy",Partly cloudy throughout the day with a chance of rain throughout the day.,rain,obs
meiktila,5/2/2025,26.6,80.5,100,7.6,1010.8,73.3,18.3,7,"Rain, Partially cloudy",Partly cloudy throughout the day with rain.,rain,obs
meiktila,5/3/2025,27.6,77.4,100,13,1008.3,45.1,20.3,9,"Rain, Partially cloudy",Partly cloudy throughout the day with rain.,rain,obs
meiktila,5/4/2025,28.9,74,100,11.9,1007.2,37.9,19.5,9,"Rain, Partially cloudy",Partly cloudy throughout the day with a chance of rain throughout the day.,rain,obs
meiktila,5/5/2025,30.2,65,0,11.5,1006.4,16.9,20.3,8,Clear,Clear conditions throughout the day.,clear-day,obs
meiktila,5/6/2025,31.1,63.5,0,12.6,1006.2,12.1,20.3,9,Clear,Clear conditions throughout the day.,clear-day,obs
meiktila,5/7/2025,31.7,62.5,0,11.2,1004.7,35.7,20.3,9,Partially cloudy,Partly cloudy throughout the day.,partly-cloudy-day,obs
meiktila,5/8/2025,31.9,59.2,0,16.2,1004.9,18.6,21.1,10,Clear,Clear conditions throughout the day.,clear-day,obs
meiktila,5/9/2025,33.2,54.4,0,14,1005.5,38.6,21.8,9,Partially cloudy,Partly cloudy throughout the day.,partly-cloudy-day,obs
meiktila,5/10/2025,32.5,61.9,0,15.1,1005.4,29.6,20.3,9,Partially cloudy,Partly cloudy throughout the day.,partly-cloudy-day,obs
meiktila,5/11/2025,31.8,66.4,100,12.2,1004.7,48.8,19.8,9,"Rain, Partially cloudy",Partly cloudy throughout the day with rain in the morning and afternoon.,rain,obs
meiktila,5/12/2025,30.3,69.2,100,14.4,1005.3,54.2,21.1,8,"Rain, Partially cloudy",Clearing in the afternoon with rain.,rain,obs
meiktila,5/13/2025,30.2,70.2,100,20.2,1006,63.5,20.3,9,"Rain, Partially cloudy",Partly cloudy throughout the day with rain.,rain,obs
meiktila,5/14/2025,30.2,69.3,100,17.3,1007.3,75.9,19.9,7,"Rain, Partially cloudy",Partly cloudy throughout the day with late afternoon rain.,rain,obs
meiktila,5/15/2025,30.1,69.7,100,14.4,1007.9,77.9,20.3,8,"Rain, Partially cloudy",Partly cloudy throughout the day with rain.,rain,obs
meiktila,5/16/2025,29.6,69.8,100,19.4,1008.6,88.1,20.3,7,"Rain, Partially cloudy",Partly cloudy throughout the day with rain.,rain,obs
meiktila,5/17/2025,29.8,69.1,100,19.8,1008.3,92.3,19.4,7,"Rain, Overcast",Cloudy skies throughout the day with a chance of rain throughout the day.,rain,obs
meiktila,5/18/2025,28.8,75.5,100,13.3,1008.8,91.8,18.5,6,"Rain, Overcast",Cloudy skies throughout the day with a chance of rain throughout the day.,rain,obs
meiktila,5/19/2025,29.9,71.9,100,13.3,1007.6,76.6,19.7,9,"Rain, Partially cloudy",Partly cloudy throughout the day with rain.,rain,obs
meiktila,5/20/2025,31.3,67.3,100,18,1006.4,49.9,20.5,9,"Rain, Partially cloudy",Partly cloudy throughout the day with late afternoon rain.,rain,obs
meiktila,5/21/2025,29.5,76.4,100,17.6,1007.3,75.9,19.8,9,"Rain, Partially cloudy",Partly cloudy throughout the day with rain.,rain,obs
meiktila,5/22/2025,29.5,76.4,100,16.9,1006.1,87.6,19.7,5,"Rain, Partially cloudy",Partly cloudy throughout the day with rain.,rain,obs
meiktila,5/23/2025,29.1,79.8,100,14,1004.2,89.9,19.8,7,"Rain, Partially cloudy",Partly cloudy throughout the day with a chance of rain throughout the day.,rain,obs
meiktila,5/24/2025,28.2,82.8,100,10.4,1004.6,96.2,19.9,5,"Rain, Overcast",Cloudy skies throughout the day with rain.,rain,obs
meiktila,5/25/2025,28.3,84.2,100,7.6,1005.9,98.2,17.7,6,"Rain, Overcast",Cloudy skies throughout the day with a chance of rain throughout the day.,rain,obs
meiktila,5/26/2025,27.6,88.2,100,8.3,1005.7,98.8,13.9,4,"Rain, Overcast",Cloudy skies throughout the day with a chance of rain throughout the day.,rain,obs
meiktila,5/27/2025,27,90.9,100,17.6,1003.7,97.4,15.2,4,"Rain, Overcast",Cloudy skies throughout the day with a chance of rain throughout the day.,rain,obs
meiktila,5/28/2025,27.5,82,100,23.4,1003.2,97.3,18.3,4,"Rain, Overcast",Cloudy skies throughout the day with a chance of rain throughout the day.,rain,obs
meiktila,5/29/2025,27.9,82.7,100,25.9,1002.7,97.7,17.7,7,"Rain, Overcast",Cloudy skies throughout the day with a chance of rain throughout the day.,rain,obs
meiktila,5/30/2025,27.5,84.6,100,33.5,1003.5,97.8,18.2,5,"Rain, Overcast",Cloudy skies throughout the day with a chance of rain throughout the day.,rain,obs
meiktila,5/31/2025,27.3,87.7,100,28.4,1005.5,97.5,17.8,6,"Rain, Overcast",Cloudy skies throughout the day with a chance of rain throughout the day.,rain,obs
meiktila,6/1/2025,27.9,85.4,100,31.3,1005.2,95.4,15.5,5,"Rain, Overcast",Cloudy skies throughout the day with a chance of rain throughout the day.,rain,obs
meiktila,6/2/2025,27.1,88.2,100,29.9,1003.8,97.9,16.3,1,"Rain, Overcast",Cloudy skies throughout the day with a chance of rain throughout the day.,rain,obs
meiktila,6/3/2025,27.6,84.8,100,25.2,1005,79,20.3,7,"Rain, Partially cloudy",Partly cloudy throughout the day with a chance of rain throughout the day.,rain,obs
meiktila,6/4/2025,28.9,76.5,100,19.4,1006.6,50.2,20.3,9,"Rain, Partially cloudy",Partly cloudy throughout the day with a chance of rain throughout the day.,rain,obs
meiktila,6/5/2025,29.2,75.8,100,14.4,1007.3,67.2,19,8,"Rain, Partially cloudy",Partly cloudy throughout the day with afternoon rain.,rain,obs
meiktila,6/6/2025,30,73,0,16.2,1007.1,54,20.3,8,Partially cloudy,Partly cloudy throughout the day.,partly-cloudy-day,obs
meiktila,6/7/2025,30.3,74.5,100,15.1,1006.1,64.6,20.3,8,"Rain, Partially cloudy",Partly cloudy throughout the day with rain.,rain,obs
meiktila,6/8/2025,30.2,76.6,100,13.7,1004.5,77.1,20.4,8,"Rain, Partially cloudy",Partly cloudy throughout the day with a chance of rain throughout the day.,rain,obs
meiktila,6/9/2025,29.4,78.9,100,14,1003.8,94.4,20.8,8,"Rain, Overcast",Cloudy skies throughout the day with late afternoon rain.,rain,obs
meiktila,6/10/2025,28.4,82.3,100,17.3,1003.7,91.2,20,7,"Rain, Overcast",Cloudy skies throughout the day with rain.,rain,obs
meiktila,6/11/2025,27.1,87.9,100,13,1004.7,98,15.2,4,"Rain, Overcast",Cloudy skies throughout the day with a chance of rain throughout the day.,rain,obs
meiktila,6/12/2025,27.5,86.5,100,10.1,1004.6,95.5,14.3,6,"Rain, Overcast",Cloudy skies throughout the day with a chance of rain throughout the day.,rain,obs
meiktila,6/13/2025,28,83.7,100,14.4,1004.8,84,18.1,5,"Rain, Partially cloudy",Partly cloudy throughout the day with a chance of rain throughout the day.,rain,obs
meiktila,6/14/2025,28.4,81.8,100,19.1,1004.3,91.3,21.1,7,"Rain, Overcast",Cloudy skies throughout the day with a chance of rain throughout the day.,rain,obs
meiktila,6/15/2025,28.7,79,100,21.2,1004.4,96,19.2,8,"Rain, Overcast",Cloudy skies throughout the day with afternoon rain.,rain,obs
meiktila,6/16/2025,28,81.8,100,24.8,1005.2,96,16.1,4,"Rain, Overcast",Cloudy skies throughout the day with rain.,rain,obs
meiktila,6/17/2025,27.8,82.2,100,23.8,1006,97.8,17.9,6,"Rain, Overcast",Cloudy skies throughout the day with rain.,rain,obs
meiktila,6/18/2025,27.6,82.6,100,28.4,1005.8,95.2,18,6,"Rain, Overcast",Cloudy skies throughout the day with a chance of rain throughout the day.,rain,obs
meiktila,6/19/2025,28.2,81.1,100,22.3,1006.1,96.2,19,5,"Rain, Overcast",Cloudy skies throughout the day with rain.,rain,obs
meiktila,6/20/2025,28.6,78.4,100,25.6,1005.8,92.6,18,7,"Rain, Overcast",Cloudy skies throughout the day with a chance of rain throughout the day.,rain,obs
meiktila,6/21/2025,28.6,77.6,100,23,1004.9,95,19.3,6,"Rain, Overcast",Cloudy skies throughout the day with rain.,rain,obs
meiktila,6/22/2025,29.7,75,100,21.2,1003.9,92.5,21.1,7,"Rain, Overcast",Cloudy skies throughout the day with rain.,rain,obs
meiktila,6/23/2025,28.7,76.2,100,22,1003.3,95.4,19.7,6,"Rain, Overcast",Cloudy skies throughout the day with a chance of rain throughout the day.,rain,obs
meiktila,6/24/2025,28.8,76.2,100,22,1003,94.4,20.3,6,"Rain, Overcast",Cloudy skies throughout the day with rain in the morning and afternoon.,rain,obs
meiktila,6/25/2025,28.9,75.8,100,21.6,1005.5,95.3,20.3,5,"Rain, Overcast",Cloudy skies throughout the day with afternoon rain.,rain,obs
meiktila,6/26/2025,28.3,80.3,100,20.5,1006.9,94.5,20.1,6,"Rain, Overcast",Cloudy skies throughout the day with a chance of rain throughout the day.,rain,obs
meiktila,6/27/2025,28.3,81.7,100,19.1,1005.3,93.3,17,7,"Rain, Overcast",Cloudy skies throughout the day with a chance of rain throughout the day.,rain,obs
meiktila,6/28/2025,28.3,79.7,100,22.7,1003.7,90.3,19.4,6,"Rain, Overcast",Cloudy skies throughout the day with rain.,rain,obs
meiktila,6/29/2025,27.9,80.6,100,25.9,1002.5,91.2,19,5,"Rain, Overcast",Cloudy skies throughout the day with rain.,rain,obs
meiktila,6/30/2025,28.4,78.1,100,23,1002.7,97.2,20.2,7,"Rain, Overcast",Cloudy skies throughout the day with rain.,rain,obs
meiktila,7/1/2025,28,79.7,100,22.3,1004.1,96.9,17.3,6,"Rain, Overcast",Cloudy skies throughout the day with rain.,rain,obs
meiktila,7/2/2025,28.2,78.5,100,26.3,1005.3,94.9,20,8,"Rain, Overcast",Cloudy skies throughout the day with a chance of rain throughout the day.,rain,obs
meiktila,7/3/2025,27.7,79.6,100,23,1006.6,95.6,17.9,5,"Rain, Overcast",Cloudy skies throughout the day with rain.,rain,obs
meiktila,7/4/2025,28,77.9,100,23,1006.3,96,19.5,6,"Rain, Overcast",Cloudy skies throughout the day with rain in the morning and afternoon.,rain,obs
meiktila,7/5/2025,27.7,81.3,100,21.6,1004.4,95.4,20.3,4,"Rain, Overcast",Cloudy skies throughout the day with rain.,rain,obs
meiktila,7/6/2025,27.7,81.7,100,25.2,1003.7,97.8,17.7,6,"Rain, Overcast",Cloudy skies throughout the day with rain.,rain,obs
meiktila,7/7/2025,27,82.9,100,27.7,1004.3,96,17.4,3,"Rain, Overcast",Cloudy skies throughout the day with a chance of rain throughout the day.,rain,obs
meiktila,7/8/2025,27.6,85.1,100,23.4,1005,94.8,18.4,8,"Rain, Overcast",Cloudy skies throughout the day with a chance of rain throughout the day.,rain,obs
meiktila,7/9/2025,27.6,84,100,21.6,1006.6,96.4,19.5,7,"Rain, Overcast",Cloudy skies throughout the day with rain in the morning and afternoon.,rain,obs
meiktila,7/10/2025,28.3,79.9,100,18,1005.3,91.9,19.8,7,"Rain, Overcast",Cloudy skies throughout the day with a chance of rain throughout the day.,rain,obs
meiktila,7/11/2025,28.6,80.7,100,15.1,1003.1,93.4,19.6,7,"Rain, Overcast",Cloudy skies throughout the day with rain.,rain,obs
meiktila,7/12/2025,27.5,85.8,100,13.7,1003,95.6,16.6,6,"Rain, Overcast",Cloudy skies throughout the day with a chance of rain throughout the day.,rain,obs
meiktila,7/13/2025,28,82,100,17.3,1005,96.2,18.4,5,"Rain, Overcast",Cloudy skies throughout the day with a chance of rain throughout the day.,rain,obs
meiktila,7/14/2025,28.3,80.2,100,19.8,1006.1,90.3,19.8,5,"Rain, Overcast",Cloudy skies throughout the day with late afternoon rain.,rain,obs
meiktila,7/15/2025,29,80.5,100,18.4,1004.9,97.3,20.3,8,"Rain, Overcast",Cloudy skies throughout the day with rain.,rain,obs
meiktila,7/16/2025,26.8,89,100,17.6,1005.5,99.1,17.4,3,"Rain, Overcast",Cloudy skies throughout the day with a chance of rain throughout the day.,rain,obs
meiktila,7/17/2025,26.8,88.3,100,15.5,1006,98.5,15.9,4,"Rain, Overcast",Cloudy skies throughout the day with a chance of rain throughout the day.,rain,obs
meiktila,7/18/2025,27.6,84.1,100,17.6,1004.8,86.9,12.8,7,"Rain, Partially cloudy",Partly cloudy throughout the day with a chance of rain throughout the day.,rain,obs
meiktila,7/19/2025,28.7,78,100,21.6,1002.1,90.8,20.3,7,"Rain, Overcast",Cloudy skies throughout the day with rain in the morning and afternoon.,rain,obs
meiktila,7/20/2025,29.3,77.8,100,16.2,1001.8,83.4,20.2,7,"Rain, Partially cloudy",Partly cloudy throughout the day with afternoon rain.,rain,obs
meiktila,7/21/2025,29.2,77.5,0,16.2,1002.5,93.5,19.5,6,Overcast,Cloudy skies throughout the day.,cloudy,obs
meiktila,7/22/2025,29.1,77.4,100,16.2,1001.1,95.8,19.8,7,"Rain, Overcast",Cloudy skies throughout the day with rain in the morning and afternoon.,rain,obs
meiktila,7/23/2025,27.2,87.8,100,15.5,998.3,99.2,15.4,3,"Rain, Overcast",Cloudy skies throughout the day with a chance of rain throughout the day.,rain,obs
meiktila,7/24/2025,27.4,83.9,100,33.5,998.7,99.8,19.2,5,"Rain, Overcast",Cloudy skies throughout the day with a chance of rain throughout the day.,rain,obs
meiktila,7/25/2025,27.8,80.7,100,29.2,1002.1,97.9,16.3,6,"Rain, Overcast",Cloudy skies throughout the day with a chance of rain throughout the day.,rain,obs
meiktila,7/26/2025,28,82.4,100,25.6,1004,97.8,18,6,"Rain, Overcast",Cloudy skies throughout the day with a chance of rain throughout the day.,rain,obs
meiktila,7/27/2025,26.9,90.5,100,20.9,1003.1,100,17.1,7,"Rain, Overcast",Cloudy skies throughout the day with a chance of rain throughout the day.,rain,obs
meiktila,7/28/2025,26.8,91.2,100,19.8,1002.8,98.8,12.8,4,"Rain, Overcast",Cloudy skies throughout the day with a chance of rain throughout the day.,rain,obs
meiktila,7/29/2025,27.5,86.4,100,18.7,1002.9,91.5,14.8,4,"Rain, Overcast",Cloudy skies throughout the day with a chance of rain throughout the day.,rain,obs
meiktila,7/30/2025,28.1,83.4,100,21.2,1004.2,84.3,17.2,5,"Rain, Partially cloudy",Partly cloudy throughout the day with a chance of rain throughout the day.,rain,obs
meiktila,7/31/2025,27.7,84.9,100,26.6,1004.7,95.5,17.7,6,"Rain, Overcast",Cloudy skies throughout the day with rain.,rain,obs
meiktila,8/1/2025,28.5,82.7,100,23,1004.1,89.5,19,7,"Rain, Partially cloudy",Partly cloudy throughout the day with rain.,rain,obs
meiktila,8/2/2025,28.4,82.8,100,22,1005.3,85.5,19.1,6,"Rain, Partially cloudy",Partly cloudy throughout the day with a chance of rain throughout the day.,rain,obs
meiktila,8/3/2025,29.3,78.2,100,21.2,1007.3,80.3,19.7,6,"Rain, Partially cloudy",Partly cloudy throughout the day with rain.,rain,obs
meiktila,8/4/2025,29.4,76.9,100,22.3,1007.5,96.2,20.3,7,"Rain, Overcast",Cloudy skies throughout the day with rain clearing later.,rain,obs
meiktila,8/5/2025,29.5,77.8,0,20.2,1006.4,96.8,20.2,6,Overcast,Cloudy skies throughout the day.,cloudy,obs
meiktila,8/6/2025,28,83.5,100,20.2,1005.2,93.5,9.3,5,"Rain, Overcast",Cloudy skies throughout the day with rain.,rain,obs
meiktila,8/7/2025,27,87,100,23.8,1006.1,94.8,18.1,5,"Rain, Overcast",Cloudy skies throughout the day with a chance of rain throughout the day.,rain,obs
meiktila,8/8/2025,27.5,81.6,100,22.7,1009.2,89.8,20.2,6,"Rain, Partially cloudy",Partly cloudy throughout the day with a chance of rain throughout the day.,rain,obs
meiktila,8/9/2025,28.9,77.3,100,23.8,1009.2,75.9,18,8,"Rain, Partially cloudy",Partly cloudy throughout the day with rain.,rain,obs
meiktila,8/10/2025,29.1,77.3,100,20.2,1007.4,77.2,19.8,8,"Rain, Partially cloudy",Partly cloudy throughout the day with rain.,rain,obs
meiktila,8/11/2025,29.8,75.9,100,18.4,1005.6,91.4,20.7,7,"Rain, Overcast",Cloudy skies throughout the day with rain.,rain,obs
meiktila,8/12/2025,29.4,76.6,100,17.3,1004.7,94.4,19.7,7,"Rain, Overcast",Cloudy skies throughout the day with rain in the morning and afternoon.,rain,obs
meiktila,8/13/2025,29.4,74.5,100,14.8,1007.2,90.8,20.3,8,"Rain, Overcast",Cloudy skies throughout the day with afternoon rain.,rain,obs
meiktila,8/14/2025,28.8,76.7,100,14.8,1007.3,92.3,19.3,7,"Rain, Overcast",Cloudy skies throughout the day with a chance of rain throughout the day.,rain,obs
meiktila,8/15/2025,29.1,77.3,100,11.9,1004.4,89.6,20,7,"Rain, Partially cloudy",Partly cloudy throughout the day with rain.,rain,obs
meiktila,8/16/2025,27.1,89.6,100,12.2,1003.1,96.2,18.4,5,"Rain, Overcast",Cloudy skies throughout the day with a chance of rain throughout the day.,rain,obs
meiktila,8/17/2025,27.5,86.1,100,12.6,1006,95.6,17.5,5,"Rain, Overcast",Cloudy skies throughout the day with a chance of rain throughout the day.,rain,obs
meiktila,8/18/2025,28.3,79.1,100,13.3,1008.5,89,19.4,8,"Rain, Partially cloudy",Partly cloudy throughout the day with afternoon rain.,rain,obs
meiktila,8/19/2025,28.6,78.2,100,16.6,1008.1,65.2,19.7,7,"Rain, Partially cloudy",Partly cloudy throughout the day with rain.,rain,obs
meiktila,8/20/2025,28.3,78.2,100,18.7,1008.1,90.1,19.9,8,"Rain, Overcast",Cloudy skies throughout the day with rain.,rain,obs
meiktila,8/21/2025,28.3,79.4,100,22.7,1008.6,93.5,20.3,8,"Rain, Overcast",Cloudy skies throughout the day with rain in the morning and afternoon.,rain,obs
meiktila,8/22/2025,28.5,78.9,100,22.3,1007,92.1,19,8,"Rain, Overcast",Cloudy skies throughout the day with rain.,rain,obs
meiktila,8/23/2025,28.5,78.2,100,20.2,1006.4,95.7,18.6,7,"Rain, Overcast",Cloudy skies throughout the day with rain in the morning and afternoon.,rain,obs
meiktila,8/24/2025,28.3,80.1,100,18.4,1007,98.4,22.6,5,"Rain, Overcast",Cloudy skies throughout the day with a chance of rain throughout the day.,rain,obs
meiktila,8/25/2025,28.6,80.9,100,10.4,1005.6,83.1,23.6,7,"Rain, Partially cloudy",Partly cloudy throughout the day with rain.,rain,obs
meiktila,8/26/2025,28.4,82.7,100,15.1,1005.5,80.7,21.5,7,"Rain, Partially cloudy",Partly cloudy throughout the day with rain.,rain,obs
meiktila,8/27/2025,26.2,90.2,100,17.6,1006.5,99.4,16.1,4,"Rain, Overcast",Cloudy skies throughout the day with a chance of rain throughout the day.,rain,obs
meiktila,8/28/2025,26.1,85.8,100,17.3,1007.7,100,15.8,3,"Rain, Overcast",Cloudy skies throughout the day with a chance of rain throughout the day.,rain,obs
meiktila,8/29/2025,26.6,82.2,100,17.3,1009,91.9,23.8,4,"Rain, Overcast",Cloudy skies throughout the day with a chance of rain throughout the day.,rain,obs
meiktila,8/30/2025,28.3,78.6,0,10.1,1008.4,60,24.1,7,Partially cloudy,Partly cloudy throughout the day.,partly-cloudy-day,obs
meiktila,8/31/2025,28.7,80.7,100,14,1004.5,91.4,24.1,7,"Rain, Overcast",Cloudy skies throughout the day with afternoon rain.,rain,obs
meiktila,9/1/2025,28.5,82.7,100,16.2,1003.3,96.6,20.9,5,"Rain, Overcast",Cloudy skies throughout the day with morning rain.,rain,obs
meiktila,9/2/2025,28.6,79.1,100,12.6,1006,82.3,22.9,8,"Rain, Partially cloudy",Partly cloudy throughout the day with afternoon rain.,rain,obs
meiktila,9/3/2025,28.9,77.3,100,12.2,1007.2,96.1,24,8,"Rain, Overcast",Cloudy skies throughout the day with afternoon rain.,rain,obs
meiktila,9/4/2025,29.3,77.5,0,13,1007.3,76.3,24.1,7,Partially cloudy,Partly cloudy throughout the day.,partly-cloudy-day,obs
meiktila,9/5/2025,30,76.7,100,15.1,1007,78.7,24.1,7,"Rain, Partially cloudy",Partly cloudy throughout the day with afternoon rain.,rain,obs
meiktila,9/6/2025,29.9,77.4,100,12.6,1007.4,96,24,8,"Rain, Overcast",Cloudy skies throughout the day with afternoon rain.,rain,obs
meiktila,9/7/2025,29.5,78.4,100,13,1006.8,97.7,22.3,7,"Rain, Overcast",Cloudy skies throughout the day with afternoon rain.,rain,obs
meiktila,9/8/2025,29.5,77,100,10.8,1006.5,93.9,24.1,8,"Rain, Overcast",Cloudy skies throughout the day with late afternoon rain.,rain,obs
meiktila,9/9/2025,29.6,79.4,100,13,1006.8,87.4,22,9,"Rain, Partially cloudy",Partly cloudy throughout the day with rain.,rain,obs
meiktila,9/10/2025,29,81.5,100,14.4,1006.8,99.6,21.4,7,"Rain, Overcast",Cloudy skies throughout the day with rain in the morning and afternoon.,rain,obs
meiktila,9/11/2025,28.4,79.4,100,19.1,1007.7,99.2,24,6,"Rain, Overcast",Cloudy skies throughout the day with rain.,rain,obs
meiktila,9/12/2025,28.9,77.1,100,19.1,1008.8,99,23.6,7,"Rain, Overcast",Cloudy skies throughout the day with rain.,rain,obs
meiktila,9/13/2025,28.1,82.8,100,16.2,1009.3,98.8,23.1,6,"Rain, Overcast",Cloudy skies throughout the day with a chance of rain throughout the day.,rain,obs
meiktila,9/14/2025,27.2,84.9,100,17.3,1009.6,99.8,12.1,6,"Rain, Overcast",Cloudy skies throughout the day with a chance of rain throughout the day.,rain,obs
meiktila,9/15/2025,27.3,84.9,100,15.5,1009.2,98.1,22.6,5,"Rain, Overcast",Cloudy skies throughout the day with a chance of rain throughout the day.,rain,obs
meiktila,9/16/2025,28.8,79.8,100,14.8,1009.1,91.1,18.9,7,"Rain, Overcast",Cloudy skies throughout the day with rain.,rain,obs
meiktila,9/17/2025,29.1,79.9,100,11.9,1008.4,93.8,24.1,7,"Rain, Overcast",Cloudy skies throughout the day with afternoon rain.,rain,obs
meiktila,9/18/2025,29.2,79,100,11.9,1007.2,94.1,24.1,8,"Rain, Overcast",Cloudy skies throughout the day with rain in the morning and afternoon.,rain,obs
meiktila,9/19/2025,28.4,83.2,100,7.9,1007,91.3,23.8,9,"Rain, Overcast",Cloudy skies throughout the day with afternoon rain.,rain,obs
meiktila,9/20/2025,29,81.7,0,7.6,1005.4,93.8,23.9,9,Overcast,Cloudy skies throughout the day.,cloudy,obs
meiktila,9/21/2025,28.5,82.9,100,14,1005.3,98.3,21.5,6,"Rain, Overcast",Cloudy skies throughout the day with afternoon rain.,rain,obs
meiktila,9/22/2025,28.3,81,100,13,1006.5,94.7,23,7,"Rain, Overcast",Cloudy skies throughout the day with rain in the morning and afternoon.,rain,obs
meiktila,9/23/2025,28.3,80.7,100,11.5,1005.6,80.6,22.4,7,"Rain, Partially cloudy",Partly cloudy throughout the day with afternoon rain.,rain,obs
meiktila,9/24/2025,27.7,82.4,100,10.4,1003.3,82.3,22.3,7,"Rain, Partially cloudy",Partly cloudy throughout the day with rain.,rain,obs
meiktila,9/25/2025,27.6,85.7,100,10.4,1003.8,96.2,16.2,6,"Rain, Overcast",Cloudy skies throughout the day with rain.,rain,obs
meiktila,9/26/2025,27.9,82.5,100,10.1,1007,80.8,23,6,"Rain, Partially cloudy",Partly cloudy throughout the day with rain in the morning and afternoon.,rain,obs
meiktila,9/27/2025,28.1,82.7,100,7.6,1009.7,96.7,22.6,6,"Rain, Overcast",Cloudy skies throughout the day with rain in the morning and afternoon.,rain,obs
meiktila,9/28/2025,28.5,84.7,100,9,1007.6,82.2,23.3,7,"Rain, Partially cloudy",Partly cloudy throughout the day with rain.,rain,obs
meiktila,9/29/2025,29.6,81.7,100,10.8,1003.8,46.4,24.1,8,"Rain, Partially cloudy",Becoming cloudy in the afternoon with afternoon rain.,rain,obs
meiktila,9/30/2025,26.2,91.4,100,15.1,1004.5,99.6,22.1,5,"Rain, Overcast",Cloudy skies throughout the day with a chance of rain throughout the day.,rain,obs
meiktila,10/1/2025,27.1,83.2,100,20.9,1008.1,99.3,22.6,6,"Rain, Overcast",Cloudy skies throughout the day with a chance of rain throughout the day.,rain,obs
meiktila,10/2/2025,27.7,80.5,100,15.8,1011.3,95.4,24.1,6,"Rain, Overcast",Cloudy skies throughout the day with early morning rain.,rain,obs
meiktila,10/3/2025,28.2,81.6,100,7.6,1011.5,79.6,24.1,8,"Rain, Partially cloudy",Partly cloudy throughout the day with afternoon rain.,rain,obs
meiktila,10/4/2025,28,85.4,100,10.1,1010.5,70.3,24.1,8,"Rain, Partially cloudy",Partly cloudy throughout the day with rain.,rain,obs
meiktila,10/5/2025,28.7,79.5,100,14.8,1010,70.2,23.9,7,"Rain, Partially cloudy",Partly cloudy throughout the day with afternoon rain.,rain,obs
meiktila,10/6/2025,27.9,81,100,15.1,1009.4,36.8,24.1,7,"Rain, Partially cloudy",Partly cloudy throughout the day with rain.,rain,obs
meiktila,10/7/2025,28,79.7,100,16.6,1009.4,88.2,24.1,8,"Rain, Partially cloudy",Partly cloudy throughout the day with rain.,rain,obs
meiktila,10/8/2025,28.3,79.6,100,16.2,1010.5,79.7,23.9,7,"Rain, Partially cloudy",Partly cloudy throughout the day with afternoon rain.,rain,obs
meiktila,10/9/2025,28.2,79.8,0,10.4,1010.6,66.4,24.1,7,Partially cloudy,Becoming cloudy in the afternoon.,partly-cloudy-day,obs
meiktila,10/10/2025,28.3,80.7,100,8.3,1010,82,22.3,7,"Rain, Partially cloudy",Partly cloudy throughout the day with afternoon rain.,rain,obs
meiktila,10/11/2025,28.8,79.2,100,6.5,1009.5,17.7,23.8,8,Rain,Clear conditions throughout the day with afternoon rain.,rain,obs
meiktila,10/12/2025,29.2,77.5,100,8.6,1009.1,16.6,24.1,8,Rain,Clear conditions throughout the day with afternoon rain.,rain,obs
meiktila,10/13/2025,28.1,83.6,100,7.6,1009.4,42.3,24.1,8,"Rain, Partially cloudy",Partly cloudy throughout the day with rain in the morning and afternoon.,rain,obs
meiktila,10/14/2025,27.7,84.8,100,7.9,1009,78.9,24.1,7,"Rain, Partially cloudy",Partly cloudy throughout the day with rain in the morning and afternoon.,rain,obs
meiktila,10/15/2025,27.7,84.5,100,7.6,1008.7,94.3,21.9,7,"Rain, Overcast",Cloudy skies throughout the day with rain in the morning and afternoon.,rain,obs
meiktila,10/16/2025,27,86.9,100,9,1010.1,88.9,22.8,5,"Rain, Partially cloudy",Partly cloudy throughout the day with a chance of rain throughout the day.,rain,obs
meiktila,10/17/2025,27.3,84,100,10.4,1011.5,85.8,23.6,7,"Rain, Partially cloudy",Partly cloudy throughout the day with afternoon rain.,rain,obs
meiktila,10/18/2025,27.6,86,100,8.6,1011,63.8,24.1,7,"Rain, Partially cloudy",Partly cloudy throughout the day with afternoon rain.,rain,obs
meiktila,10/19/2025,28.1,83.7,100,10.4,1009.8,49.5,24.1,8,"Rain, Partially cloudy",Partly cloudy throughout the day with rain.,rain,obs
meiktila,10/20/2025,27.9,84.9,100,10.4,1010.1,49.9,23.3,8,"Rain, Partially cloudy",Partly cloudy throughout the day with rain.,rain,obs
meiktila,10/21/2025,28.2,83.9,100,10.4,1011,29.9,23.5,8,"Rain, Partially cloudy",Clearing in the afternoon with afternoon rain.,rain,obs
meiktila,10/22/2025,27.8,85,100,8.3,1011,35.2,24.1,8,"Rain, Partially cloudy",Partly cloudy throughout the day with afternoon rain.,rain,obs
meiktila,10/23/2025,28.1,80,0,8.3,1011.2,29.5,24.1,8,Partially cloudy,Partly cloudy throughout the day.,partly-cloudy-day,obs
meiktila,10/24/2025,28.2,77,0,7.2,1011.3,16.5,24.1,8,Clear,Clear conditions throughout the day.,clear-day,obs
meiktila,10/25/2025,28.5,75.6,0,6.5,1010.9,17.3,24.1,8,Clear,Clear conditions throughout the day.,clear-day,obs
meiktila,10/26/2025,28.2,80.1,100,8.3,1011.4,16.3,24.1,8,Rain,Clear conditions throughout the day with afternoon rain.,rain,obs
meiktila,10/27/2025,28.2,79.3,0,7.6,1012.4,22.9,24.1,8,Partially cloudy,Partly cloudy throughout the day.,partly-cloudy-day,obs
meiktila,10/28/2025,28.4,80.7,100,7.2,1012,36.9,24.1,7,"Rain, Partially cloudy",Partly cloudy throughout the day with afternoon rain.,rain,obs
meiktila,10/29/2025,29.1,76.5,0,6.5,1011.4,42.8,24.1,7,Partially cloudy,Partly cloudy throughout the day.,partly-cloudy-day,obs
meiktila,10/30/2025,29,78.8,0,9.4,1011.1,41.9,24.1,8,Partially cloudy,Partly cloudy throughout the day.,partly-cloudy-day,obs
meiktila,10/31/2025,28.9,80,0,7.9,1010.3,36.9,24,8,Partially cloudy,Partly cloudy throughout the day.,partly-cloudy-day,obs
meiktila,11/1/2025,28.5,81.5,100,7.6,1009.8,89.9,23.8,6,"Rain, Partially cloudy",Partly cloudy throughout the day with afternoon rain.,rain,obs
meiktila,11/2/2025,27.8,86.1,100,7.2,1009,99.3,21.3,3,"Rain, Overcast",Cloudy skies throughout the day with a chance of rain throughout the day.,rain,obs
meiktila,11/3/2025,27.8,84.2,100,7.6,1007.7,96.8,21.1,4,"Rain, Overcast",Cloudy skies throughout the day with a chance of rain throughout the day.,rain,obs
meiktila,11/4/2025,27,86.5,100,13,1008.7,98.4,12.2,4,"Rain, Overcast",Cloudy skies throughout the day with a chance of rain throughout the day.,rain,obs
meiktila,11/5/2025,26.8,81,100,14.4,1008.6,73.2,22.6,3,"Rain, Partially cloudy",Partly cloudy throughout the day with afternoon rain.,rain,obs
meiktila,11/6/2025,27.6,78.5,0,7.6,1009.2,61.3,24.1,7,Partially cloudy,Partly cloudy throughout the day.,partly-cloudy-day,obs
meiktila,11/7/2025,28,80.3,0,12.6,1009.5,93,24.1,7,Overcast,Cloudy skies throughout the day.,cloudy,obs
meiktila,11/8/2025,27.9,81.1,0,13,1009.3,68.8,24.1,7,Partially cloudy,Partly cloudy throughout the day.,partly-cloudy-day,obs
meiktila,11/9/2025,27.8,79.4,0,7.2,1009,89.6,24.1,6,Partially cloudy,Partly cloudy throughout the day.,partly-cloudy-day,obs
meiktila,11/10/2025,27.8,78.6,100,9,1009.9,37.2,24.1,7,"Rain, Partially cloudy",Partly cloudy throughout the day with morning rain.,rain,obs
meiktila,11/11/2025,26.3,78.8,0,8.6,1010.3,23.7,24.1,8,Partially cloudy,Clearing in the afternoon.,partly-cloudy-day,obs
meiktila,11/12/2025,25.5,73.1,0,11.5,1011.5,0.4,24.1,8,Clear,Clear conditions throughout the day.,clear-day,obs
meiktila,11/13/2025,25.1,74.2,0,9,1013.5,0,24.1,8,Clear,Clear conditions throughout the day.,clear-day,obs
meiktila,11/14/2025,25.3,72.5,0,9,1013.5,0,24.1,8,Clear,Clear conditions throughout the day.,clear-day,obs
meiktila,11/15/2025,24.8,73.7,0,10.4,1014.7,0.9,24.1,8,Clear,Clear conditions throughout the day.,clear-day,obs
meiktila,11/16/2025,25.4,74.4,0,10.8,1016,20.4,24.1,7,Partially cloudy,Partly cloudy throughout the day.,partly-cloudy-day,obs
meiktila,11/17/2025,25.5,76.2,0,11.2,1015.5,2.2,24.1,8,Clear,Clear conditions throughout the day.,clear-day,obs
meiktila,11/18/2025,26,76,0,11.2,1014.3,37,24.1,6,Partially cloudy,Partly cloudy throughout the day.,partly-cloudy-day,obs
meiktila,11/19/2025,27,73.3,0,6.8,1014.4,41.9,23.2,6,Partially cloudy,Partly cloudy throughout the day.,partly-cloudy-day,obs
meiktila,11/20/2025,27.3,72.5,0,8.3,1014.9,36.5,24.1,7,Partially cloudy,Partly cloudy throughout the day.,partly-cloudy-day,obs
meiktila,11/21/2025,26.7,71.4,0,6.8,1015.8,15.9,24.1,7,Clear,Clear conditions throughout the day.,clear-day,obs
meiktila,11/22/2025,26.5,66.8,0,9.7,1014.3,4.9,24.1,7,Clear,Clear conditions throughout the day.,clear-day,obs
meiktila,11/23/2025,25.4,64.3,0,9,1014.5,14.2,24.1,8,Clear,Clear conditions throughout the day.,clear-day,obs
meiktila,11/24/2025,24.4,66.9,0,11.2,1015,0.1,24.1,8,Clear,Clear conditions throughout the day.,clear-day,obs
meiktila,11/25/2025,24.3,72.3,0,8.6,1014.7,0.1,24.1,8,Clear,Clear conditions throughout the day.,clear-day,obs
meiktila,11/26/2025,23.9,70,0,11.9,1015,24.2,24.1,8,Partially cloudy,Partly cloudy throughout the day.,partly-cloudy-day,obs
meiktila,11/27/2025,23.4,70.3,0,11.2,1016.2,15.6,24.1,8,Clear,Clear conditions throughout the day.,clear-day,obs
meiktila,11/28/2025,22,69.8,0,9,1015.2,3.4,24.1,8,Clear,Clear conditions throughout the day.,clear-day,obs
meiktila,11/29/2025,21.3,63,0,8.3,1013.4,0,24.1,8,Clear,Clear conditions throughout the day.,clear-day,obs
meiktila,11/30/2025,21.3,62.9,0,8.6,1013.3,0.5,24.1,8,Clear,Clear conditions throughout the day.,clear-day,obs
meiktila,12/1/2025,20.9,67.2,0,9,1013.2,0,24.1,8,Clear,Clear conditions throughout the day.,clear-day,obs
meiktila,12/2/2025,21.3,69.9,0,9.7,1013.1,2.8,24.1,7,Clear,Clear conditions throughout the day.,clear-day,obs
meiktila,12/3/2025,22.4,72.8,0,9,1014.3,12.1,24.1,7,Clear,Clear conditions throughout the day.,clear-day,obs
meiktila,12/4/2025,23.3,70.5,0,9.7,1015,1.9,24.1,7,Clear,Clear conditions throughout the day.,clear-day,obs
meiktila,12/5/2025,23,73,0,10.8,1016,0.1,24.1,7,Clear,Clear conditions throughout the day.,clear-day,obs
meiktila,12/6/2025,22.6,75.2,0,9.7,1015.6,0.9,24.1,7,Clear,Clear conditions throughout the day.,clear-day,obs
meiktila,12/7/2025,22.3,77,0,9.4,1015.4,18.5,24.1,7,Clear,Clear conditions throughout the day.,clear-day,obs
meiktila,12/8/2025,21.9,75.3,0,9.7,1015.2,45.6,24.1,7,Partially cloudy,Becoming cloudy in the afternoon.,partly-cloudy-day,obs
meiktila,12/9/2025,21.9,73.5,0,9.4,1014.9,17.5,24.1,7,Clear,Clear conditions throughout the day.,clear-day,obs
meiktila,12/10/2025,22,72,0,9.4,1015.2,5.3,24.1,7,Clear,Clear conditions throughout the day.,clear-day,obs
meiktila,12/11/2025,22.2,74.8,0,9.4,1014.5,0.4,24.1,7,Clear,Clear conditions throughout the day.,clear-day,obs
meiktila,12/12/2025,22.9,76.3,0,10.1,1014,0.5,24.1,7,Clear,Clear conditions throughout the day.,clear-day,obs
meiktila,12/13/2025,23,77.2,0,11.2,1014.9,0.5,24.1,7,Clear,Clear conditions throughout the day.,clear-day,obs
meiktila,12/14/2025,23.1,71.8,0,11.9,1015.6,0.2,24.1,7,Clear,Clear conditions throughout the day.,clear-day,obs
meiktila,12/15/2025,22.6,74.1,0,10.1,1015.2,0,24.1,7,Clear,Clear conditions throughout the day.,clear-day,obs
meiktila,12/16/2025,22.2,76.6,0,8.6,1014.2,11,24.1,7,Clear,Clear conditions throughout the day.,clear-day,obs
meiktila,12/17/2025,22.4,72.4,0,7.6,1014.9,3.5,24.1,7,Clear,Clear conditions throughout the day.,clear-day,obs
meiktila,12/18/2025,22,75.4,0,10.1,1015.3,0.1,24.1,7,Clear,Clear conditions throughout the day.,clear-day,obs
meiktila,12/19/2025,21.4,75.7,0,7.9,1013.8,17.9,24.1,7,Clear,Clear conditions throughout the day.,clear-day,obs
meiktila,12/20/2025,21.2,71.7,0,10.4,1013,0,24.1,7,Clear,Clear conditions throughout the day.,clear-day,obs
meiktila,12/21/2025,21.5,71.7,0,9.4,1014.3,2.2,24.1,7,Clear,Clear conditions throughout the day.,clear-day,obs
meiktila,12/22/2025,22.4,73,0,9.4,1013.8,5.4,24.1,7,Clear,Clear conditions throughout the day.,clear-day,obs
meiktila,12/23/2025,21.8,72,0,9,1012.6,7.5,24.1,7,Clear,Clear conditions throughout the day.,clear-day,obs
meiktila,12/24/2025,22.5,67.9,0,9,1012.5,31.5,24.1,7,Partially cloudy,Partly cloudy throughout the day.,partly-cloudy-day,obs
meiktila,12/25/2025,21.8,69.8,0,9.7,1013.2,30.1,24.1,7,Partially cloudy,Partly cloudy throughout the day.,partly-cloudy-day,obs
meiktila,12/26/2025,21.7,71,0,10.1,1013.3,0.1,24.1,7,Clear,Clear conditions throughout the day.,clear-day,obs
meiktila,12/27/2025,21.8,68.4,0,9.4,1013.7,0,24.1,7,Clear,Clear conditions throughout the day.,clear-day,obs
meiktila,12/28/2025,20.9,61.1,0,11.9,1013.7,0,24.1,8,Clear,Clear conditions throughout the day.,clear-day,obs
meiktila,12/29/2025,21.2,57.2,0,10.4,1012.9,0.3,24.1,8,Clear,Clear conditions throughout the day.,clear-day,obs
meiktila,12/30/2025,20.8,56.8,0,12.2,1011.3,0,24.1,8,Clear,Clear conditions throughout the day.,clear-day,obs
meiktila,12/31/2025,20.6,51.1,0,11.5,1010.2,15.2,24.1,8,Clear,Clear conditions throughout the day.,clear-day,obs
