Temperature,Humidity,Precipitation (%),Wind Speed,Cloud Cover,Visibility (km),Season,Uv Index,Weather Type
23.7,69.9,100.0,8.3,44.5,5.0,Winter,6.0,rain
22.8,72.2,0.0,9.4,18.8,5.0,Winter,7.0,clear-day
22.5,68.5,0.0,8.3,22.1,4.4,Winter,7.0,partly-cloudy-day
21.9,67.1,0.0,10.1,23.0,5.0,Winter,7.0,partly-cloudy-day
20.5,66.8,0.0,11.2,1.9,6.0,Winter,8.0,clear-day
20.3,61.0,0.0,9.7,0.0,4.5,Winter,8.0,clear-day
20.6,59.1,0.0,6.1,37.5,5.0,Winter,8.0,partly-cloudy-day
21.5,59.1,0.0,7.6,40.5,5.5,Winter,8.0,partly-cloudy-day
20.7,64.0,0.0,9.0,90.0,4.4,Winter,7.0,partly-cloudy-day
19.6,67.3,0.0,13.0,5.4,4.3,Winter,8.0,clear-day
19.6,68.9,0.0,12.6,61.3,5.0,Winter,8.0,partly-cloudy-day
18.3,65.2,0.0,10.4,65.5,4.5,Winter,8.0,partly-cloudy-day
20.1,64.2,0.0,7.9,46.7,5.3,Winter,8.0,partly-cloudy-day
20.1,63.2,0.0,10.4,79.9,4.7,Winter,8.0,partly-cloudy-day
19.7,69.9,0.0,8.3,48.6,5.0,Winter,8.0,partly-cloudy-day
19.4,66.7,0.0,10.1,3.2,4.7,Winter,8.0,clear-day
18.3,66.9,0.0,14.4,0.3,5.3,Winter,8.0,clear-day
18.5,67.6,0.0,12.2,12.0,4.3,Winter,8.0,clear-day
18.3,68.0,0.0,12.2,24.5,4.8,Winter,8.0,partly-cloudy-day
20.4,64.9,0.0,9.7,1.2,4.7,Winter,8.0,clear-day
21.3,65.1,0.0,12.6,18.7,5.0,Winter,7.0,clear-day
22.9,66.9,0.0,7.6,60.1,4.3,Winter,7.0,partly-cloudy-day
22.8,71.3,0.0,9.0,22.4,5.3,Winter,8.0,partly-cloudy-day
21.7,70.1,0.0,9.0,1.6,4.7,Winter,8.0,clear-day
22.2,71.1,100.0,13.0,32.0,5.5,Winter,6.0,rain
21.7,76.6,100.0,18.0,36.0,5.0,Winter,7.0,rain
21.2,69.2,100.0,22.0,25.8,5.0,Winter,7.0,rain
19.6,72.4,0.0,9.7,11.5,4.7,Winter,8.0,clear-day
19.8,71.1,0.0,9.4,3.4,5.0,Winter,8.0,clear-day
19.7,68.3,0.0,10.1,3.3,4.3,Winter,8.0,clear-day
20.7,67.0,0.0,10.1,2.3,5.3,Winter,8.0,clear-day
20.8,64.3,0.0,9.4,16.0,4.5,Winter,8.0,clear-day
21.9,62.5,0.0,11.5,8.6,4.7,Winter,8.0,clear-day
21.3,66.1,0.0,10.1,0.2,5.0,Winter,8.0,clear-day
21.2,62.9,0.0,10.4,0.2,4.0,Winter,8.0,clear-day
21.9,63.7,0.0,9.7,17.4,5.0,Winter,8.0,clear-day
23.0,61.2,0.0,9.7,1.1,5.0,Winter,8.0,clear-day
24.6,61.6,0.0,11.9,17.1,5.0,Winter,8.0,clear-day
24.3,62.4,0.0,10.8,34.5,5.5,Winter,6.0,partly-cloudy-day
24.2,60.6,0.0,17.3,15.2,5.0,Winter,8.0,clear-day
24.6,54.1,0.0,15.5,25.2,5.5,Winter,8.0,partly-cloudy-day
24.4,55.3,0.0,14.8,13.5,5.3,Winter,8.0,clear-day
24.4,57.3,0.0,16.6,2.8,5.3,Winter,8.0,clear-day
25.4,57.6,0.0,9.0,13.8,5.0,Winter,8.0,clear-day
24.8,60.1,0.0,10.8,0.3,4.8,Winter,9.0,clear-day
25.0,52.9,0.0,12.2,0.0,5.3,Winter,9.0,clear-day
25.9,53.9,0.0,9.7,0.0,4.5,Winter,9.0,clear-day
26.1,51.4,0.0,9.7,0.6,4.4,Winter,9.0,clear-day
26.4,51.8,0.0,8.3,0.0,5.0,Winter,9.0,clear-day
27.2,49.6,0.0,10.1,34.2,5.0,Winter,9.0,partly-cloudy-day
27.7,52.4,0.0,11.9,53.2,4.7,Winter,9.0,partly-cloudy-day
29.9,47.1,0.0,23.8,75.9,4.8,Winter,9.0,partly-cloudy-day
29.8,47.7,0.0,21.2,17.7,4.7,Winter,9.0,clear-day
28.9,48.0,0.0,15.8,35.8,4.8,Winter,9.0,partly-cloudy-day
28.9,41.2,0.0,16.9,15.0,4.8,Winter,9.0,clear-day
26.8,52.4,100.0,15.5,42.6,4.0,Winter,8.0,rain
26.3,59.9,100.0,11.2,69.8,4.3,Winter,7.0,rain
25.9,60.6,100.0,10.8,67.1,5.0,Winter,6.0,rain
26.0,60.2,100.0,10.1,27.2,4.3,Winter,8.0,rain
27.1,47.7,0.0,8.6,18.1,5.0,Winter,8.0,clear-day
27.9,46.8,0.0,12.6,26.9,4.5,Summer,8.0,partly-cloudy-day
28.7,46.7,0.0,9.0,73.6,5.0,Summer,9.0,partly-cloudy-day
28.1,44.8,0.0,8.6,71.7,4.8,Summer,9.0,partly-cloudy-day
27.6,45.8,0.0,9.7,71.5,5.0,Summer,9.0,partly-cloudy-day
29.0,41.0,0.0,8.6,88.1,4.3,Summer,9.0,partly-cloudy-day
29.1,44.6,0.0,9.0,61.7,4.3,Summer,9.0,partly-cloudy-day
29.7,46.1,0.0,12.6,10.4,5.0,Summer,9.0,clear-day
30.2,43.3,0.0,15.1,4.0,5.0,Summer,9.0,clear-day
30.9,39.2,0.0,12.6,13.2,4.5,Summer,9.0,clear-day
31.2,39.9,0.0,8.6,75.3,4.5,Summer,9.0,partly-cloudy-day
30.9,40.2,0.0,9.0,76.4,5.0,Summer,9.0,partly-cloudy-day
30.9,42.7,0.0,9.4,89.8,4.0,Summer,8.0,partly-cloudy-day
32.1,39.5,0.0,14.0,67.3,6.4,Summer,9.0,partly-cloudy-day
31.5,39.8,0.0,10.1,53.0,4.5,Summer,9.0,partly-cloudy-day
32.2,35.4,0.0,15.5,25.8,6.4,Summer,9.0,partly-cloudy-day
31.6,35.5,0.0,12.2,29.8,4.5,Summer,10.0,partly-cloudy-day
30.7,39.7,0.0,9.4,4.8,4.3,Summer,9.0,clear-day
30.1,37.2,0.0,8.3,6.2,4.5,Summer,10.0,clear-day
29.6,37.6,0.0,9.4,8.8,4.5,Summer,10.0,clear-day
30.7,39.5,0.0,11.9,20.2,5.0,Summer,9.0,partly-cloudy-day
32.2,35.7,0.0,17.3,10.7,4.7,Summer,9.0,clear-day
31.1,47.8,100.0,15.5,27.9,4.6,Summer,9.0,rain
31.4,45.0,0.0,13.7,20.4,4.7,Summer,9.0,partly-cloudy-day
30.1,45.6,100.0,10.4,17.7,5.0,Summer,8.0,rain
30.7,30.4,0.0,11.5,1.9,4.3,Summer,10.0,clear-day
31.9,35.9,0.0,17.6,20.1,4.5,Summer,10.0,partly-cloudy-day
32.0,31.6,0.0,23.0,1.3,5.0,Summer,10.0,clear-day
30.5,32.2,0.0,20.9,29.9,4.7,Summer,10.0,partly-cloudy-day
30.1,31.2,0.0,21.6,93.0,4.3,Summer,9.0,cloudy
30.3,35.7,0.0,11.5,64.0,4.0,Summer,9.0,partly-cloudy-day
30.2,36.7,0.0,11.9,12.4,4.4,Summer,10.0,clear-day
29.8,48.0,100.0,12.2,27.2,4.7,Summer,9.0,rain
30.2,46.6,0.0,11.9,27.1,4.3,Summer,9.0,partly-cloudy-day
30.7,43.5,0.0,10.8,35.6,4.0,Summer,9.0,partly-cloudy-day
32.3,41.8,0.0,16.9,62.1,4.5,Summer,9.0,partly-cloudy-day
33.5,37.2,100.0,20.5,26.6,4.8,Summer,9.0,rain
33.1,45.3,100.0,74.2,14.6,4.4,Summer,10.0,rain
33.5,44.5,100.0,16.6,10.6,4.5,Summer,10.0,rain
34.2,44.6,100.0,13.0,12.1,4.3,Summer,10.0,rain
34.1,41.1,0.0,18.4,6.9,5.0,Summer,9.0,clear-day
35.2,40.8,0.0,17.6,15.1,4.5,Summer,9.0,clear-day
35.5,35.9,0.0,11.2,11.2,5.5,Summer,10.0,clear-day
35.5,35.3,0.0,19.8,12.3,5.0,Summer,9.0,clear-day
35.0,41.8,100.0,22.0,16.6,4.7,Summer,9.0,rain
34.3,43.9,0.0,15.8,21.2,5.7,Summer,9.0,partly-cloudy-day
34.3,43.7,0.0,14.8,13.3,5.3,Summer,10.0,clear-day
34.4,43.6,0.0,15.1,9.8,5.0,Summer,10.0,clear-day
33.9,44.8,0.0,14.8,15.7,5.5,Summer,10.0,clear-day
34.5,39.6,0.0,15.5,46.7,5.0,Summer,10.0,partly-cloudy-day
35.4,37.1,0.0,17.3,48.8,5.3,Summer,9.0,partly-cloudy-day
35.8,31.7,0.0,19.8,9.5,5.0,Summer,10.0,clear-day
34.7,34.3,0.0,24.8,12.5,5.0,Summer,10.0,clear-day
32.4,50.7,100.0,24.1,47.2,5.0,Summer,8.0,rain
33.8,48.1,100.0,24.1,27.3,5.0,Summer,9.0,rain
32.8,54.3,100.0,26.3,39.0,4.7,Summer,8.0,rain
33.4,53.3,100.0,19.4,24.9,5.3,Summer,9.0,rain
33.8,46.6,0.0,9.7,10.0,5.0,Summer,9.0,clear-day
35.1,42.3,0.0,11.2,13.6,5.0,Summer,9.0,clear-day
36.2,38.9,0.0,14.8,13.2,5.5,Summer,10.0,clear-day
36.1,36.2,100.0,19.8,33.2,5.0,Summer,10.0,rain
34.4,42.7,100.0,16.9,14.9,5.0,Summer,10.0,rain
31.3,59.9,100.0,18.4,41.3,4.4,Summer,10.0,rain
30.6,63.7,100.0,13.0,35.9,5.0,Summer,10.0,rain
30.8,56.9,100.0,9.7,14.4,5.3,Summer,10.0,rain
31.7,52.3,100.0,13.0,14.5,5.0,Summer,10.0,rain
30.6,63.2,100.0,7.6,19.4,5.0,Summer,9.0,rain
32.1,56.0,0.0,7.9,17.2,5.3,Summer,9.0,clear-day
33.4,47.5,0.0,7.9,21.7,5.0,Summer,10.0,partly-cloudy-day
34.1,44.1,0.0,10.1,13.6,5.0,Summer,10.0,clear-day
35.3,43.4,0.0,9.0,19.6,5.3,Summer,10.0,clear-day
35.1,48.1,100.0,10.8,30.3,5.0,Summer,9.0,rain
35.8,46.8,100.0,7.6,31.7,5.5,Summer,9.0,rain
34.7,48.4,100.0,14.8,72.3,5.0,Summer,7.0,rain
34.2,48.4,100.0,16.6,68.3,4.8,Summer,9.0,rain
34.6,44.4,0.0,16.2,14.0,5.0,Summer,10.0,clear-day
35.5,40.5,0.0,13.3,15.3,5.3,Summer,10.0,clear-day
34.9,47.9,100.0,13.7,27.4,5.0,Summer,10.0,rain
35.6,39.9,0.0,20.9,25.5,5.5,Summer,10.0,partly-cloudy-day
34.2,47.7,100.0,21.2,61.2,5.0,Summer,9.0,rain
28.5,77.5,100.0,14.0,97.1,5.0,Summer,3.0,rain
26.0,88.3,100.0,15.8,99.1,5.2,Summer,3.0,rain
26.6,85.3,100.0,27.7,99.2,5.7,Summer,5.0,rain
27.9,83.2,100.0,27.0,98.2,5.0,Summer,4.0,rain
27.7,83.1,100.0,21.2,95.6,5.0,Summer,5.0,rain
27.6,81.8,100.0,13.3,93.9,5.0,Summer,7.0,rain
28.6,77.6,100.0,18.4,67.3,4.3,Summer,8.0,rain
30.6,69.1,100.0,18.0,36.1,6.0,Summer,9.0,rain
30.1,71.0,0.0,18.7,41.3,5.0,Summer,9.0,partly-cloudy-day
31.1,66.9,100.0,13.3,61.7,5.8,Summer,9.0,rain
30.4,70.9,100.0,17.3,27.4,5.7,Summer,9.0,rain
29.7,73.1,100.0,18.4,73.8,5.0,Summer,8.0,rain
29.1,75.1,100.0,17.3,89.8,5.0,Summer,6.0,rain
27.6,80.9,100.0,14.4,97.7,4.3,Summer,4.0,rain
26.6,86.7,100.0,14.0,97.9,4.7,Summer,5.0,rain
28.2,80.5,100.0,15.5,82.0,4.8,Summer,8.0,rain
29.1,76.2,100.0,17.6,74.2,5.6,Summer,7.0,rain
29.4,71.3,100.0,15.8,78.9,5.3,Summer,7.0,rain
29.3,74.3,100.0,16.2,83.5,5.7,Summer,8.0,rain
28.5,77.9,100.0,19.4,82.4,5.0,Summer,7.0,rain
27.8,81.4,100.0,23.0,98.3,5.3,Summer,7.0,rain
26.8,86.3,100.0,23.4,99.0,5.5,Summer,2.0,rain
25.6,90.2,100.0,31.7,99.2,5.0,Summer,3.0,rain
25.7,91.8,100.0,24.5,99.9,5.0,Summer,1.0,rain
26.5,87.0,100.0,24.5,98.6,5.7,Summer,6.0,rain
28.1,81.5,100.0,25.2,92.7,5.5,Summer,6.0,rain
27.7,79.0,100.0,23.8,93.4,5.3,Summer,5.0,rain
27.7,81.5,100.0,20.9,94.7,4.5,Summer,6.0,rain
28.2,80.2,100.0,17.6,84.4,6.0,Summer,7.0,rain
29.1,75.4,0.0,19.1,96.2,5.3,Summer,7.0,cloudy
29.0,75.6,100.0,16.9,94.6,5.5,Summer,5.0,rain
29.1,73.7,100.0,18.4,95.4,5.5,Summer,7.0,rain
29.6,71.5,100.0,14.0,97.6,5.7,Summer,6.0,rain
30.4,70.2,0.0,17.3,93.7,5.8,Summer,8.0,cloudy
30.0,74.6,100.0,16.6,95.4,5.3,Summer,8.0,rain
31.1,70.1,100.0,14.8,85.0,5.5,Summer,8.0,rain
30.4,71.7,0.0,18.0,83.6,5.4,Summer,8.0,partly-cloudy-day
29.7,72.1,0.0,18.7,72.6,5.3,Summer,7.0,partly-cloudy-day
29.6,70.8,100.0,16.6,72.8,6.0,Summer,9.0,rain
30.3,67.9,0.0,18.4,60.0,6.0,Summer,8.0,partly-cloudy-day
30.3,69.0,100.0,14.4,74.4,5.3,Summer,7.0,rain
30.7,69.1,100.0,15.1,98.1,6.0,Summer,7.0,rain
30.6,68.7,100.0,19.4,96.2,5.7,Summer,7.0,rain
29.1,74.7,100.0,23.8,97.3,5.3,Rainy Season,6.0,rain
28.1,76.9,100.0,26.3,98.7,5.5,Rainy Season,4.0,rain
27.7,80.2,100.0,29.5,99.7,5.0,Rainy Season,5.0,rain
27.9,80.4,100.0,26.3,99.1,5.0,Rainy Season,5.0,rain
27.3,83.1,100.0,23.4,100.0,5.0,Rainy Season,3.0,rain
28.9,76.5,100.0,24.1,99.0,5.0,Rainy Season,6.0,rain
28.2,80.4,100.0,15.8,98.2,5.8,Rainy Season,5.0,rain
28.7,77.3,100.0,17.6,98.2,5.3,Rainy Season,6.0,rain
28.1,80.8,100.0,27.7,97.6,6.3,Rainy Season,6.0,rain
26.8,82.5,100.0,23.4,97.0,5.3,Rainy Season,4.0,rain
28.5,77.1,100.0,23.8,69.2,5.8,Rainy Season,7.0,rain
27.7,80.6,100.0,20.5,97.5,4.3,Rainy Season,6.0,rain
28.6,79.3,100.0,16.2,95.1,5.3,Rainy Season,0.0,rain
28.5,80.2,100.0,20.9,97.6,4.3,Rainy Season,5.0,rain
27.6,82.1,100.0,25.9,98.7,5.5,Rainy Season,5.0,rain
27.3,81.6,100.0,25.6,98.9,5.3,Rainy Season,4.0,rain
27.9,79.1,100.0,22.0,95.3,5.5,Rainy Season,5.0,rain
28.4,77.5,100.0,23.4,99.3,5.5,Rainy Season,6.0,rain
29.3,73.9,100.0,23.0,98.7,6.0,Rainy Season,7.0,rain
27.8,81.7,100.0,16.9,99.5,4.7,Rainy Season,5.0,rain
27.0,82.9,100.0,23.4,91.7,5.8,Rainy Season,6.0,rain
27.7,77.6,100.0,20.5,98.6,8.0,Rainy Season,5.0,rain
27.5,79.1,100.0,12.6,98.8,6.0,Rainy Season,3.0,rain
27.3,82.2,100.0,18.0,99.2,6.0,Rainy Season,5.0,rain
26.4,86.2,100.0,10.4,85.9,4.7,Rainy Season,3.0,rain
28.4,76.9,0.0,7.2,40.4,5.5,Rainy Season,7.0,partly-cloudy-day
29.4,75.2,100.0,7.6,67.0,8.0,Rainy Season,9.0,rain
29.1,76.1,100.0,12.2,88.0,6.0,Rainy Season,9.0,rain
28.5,78.3,100.0,12.6,98.1,6.0,Rainy Season,8.0,rain
28.4,81.2,100.0,10.1,98.7,6.5,Rainy Season,6.0,rain
26.5,84.1,100.0,15.5,99.1,5.3,Rainy Season,3.0,rain
27.8,77.2,100.0,18.7,95.3,5.0,Rainy Season,5.0,rain
28.6,75.3,100.0,15.8,55.0,5.3,Rainy Season,8.0,rain
29.2,75.8,100.0,16.2,84.4,5.5,Rainy Season,7.0,rain
28.4,80.1,100.0,15.8,97.5,5.5,Rainy Season,6.0,rain
28.0,81.1,100.0,19.4,95.1,5.4,Rainy Season,7.0,rain
27.7,80.8,100.0,19.4,92.3,6.3,Rainy Season,7.0,rain
27.9,78.0,0.0,19.8,90.1,6.3,Rainy Season,6.0,cloudy
27.8,78.8,100.0,22.7,95.5,5.2,Rainy Season,8.0,rain
27.2,83.4,100.0,25.2,86.0,4.8,Rainy Season,5.0,rain
28.5,77.3,100.0,22.0,72.0,5.3,Rainy Season,8.0,rain
28.2,79.7,100.0,21.2,97.6,5.0,Rainy Season,5.0,rain
28.5,79.5,100.0,16.6,97.2,5.3,Rainy Season,7.0,rain
28.2,81.7,100.0,19.8,94.6,5.0,Rainy Season,6.0,rain
27.7,81.5,100.0,18.7,99.1,5.3,Rainy Season,5.0,rain
27.8,78.0,100.0,22.3,97.8,5.3,Rainy Season,7.0,rain
27.6,81.3,100.0,27.7,96.2,5.0,Rainy Season,4.0,rain
29.0,74.6,100.0,24.1,82.6,5.0,Rainy Season,7.0,rain
28.5,78.6,100.0,18.7,69.0,5.0,Rainy Season,6.0,rain
29.0,75.7,100.0,15.8,80.2,5.0,Rainy Season,6.0,rain
25.5,91.3,100.0,20.5,100.0,2.0,Rainy Season,1.0,rain
26.8,85.2,100.0,23.4,92.7,3.7,Rainy Season,5.0,rain
28.4,78.5,100.0,9.7,77.5,5.8,Rainy Season,8.0,rain
27.9,82.8,100.0,9.0,94.2,4.8,Rainy Season,6.0,rain
28.6,82.2,0.0,7.2,56.5,5.3,Rainy Season,8.0,partly-cloudy-day
29.6,79.5,100.0,9.0,55.8,4.8,Rainy Season,8.0,rain
29.0,80.3,100.0,8.6,94.8,5.2,Rainy Season,8.0,rain
27.9,84.4,100.0,13.7,92.3,5.3,Rainy Season,7.0,rain
27.4,83.9,100.0,9.0,86.0,4.0,Rainy Season,6.0,rain
28.4,81.0,100.0,15.1,83.6,6.0,Rainy Season,7.0,rain
28.4,78.8,100.0,19.1,95.5,6.0,Rainy Season,7.0,rain
28.2,77.8,100.0,24.5,94.2,5.3,Rainy Season,8.0,rain
27.8,80.8,100.0,24.1,97.2,5.5,Rainy Season,5.0,rain
28.3,78.6,100.0,24.1,90.9,6.0,Rainy Season,7.0,rain
28.1,78.8,100.0,25.9,93.0,5.5,Rainy Season,7.0,rain
27.9,78.9,100.0,27.0,89.9,5.3,Rainy Season,7.0,rain
28.4,76.8,100.0,23.0,97.0,6.0,Rainy Season,8.0,rain
29.0,75.1,100.0,21.2,91.6,5.6,Rainy Season,8.0,rain
28.8,75.5,100.0,14.4,93.6,6.3,Rainy Season,7.0,rain
29.1,75.4,100.0,15.5,92.3,5.5,Rainy Season,7.0,rain
29.1,73.6,0.0,16.9,94.9,5.0,Rainy Season,8.0,cloudy
28.5,75.3,100.0,16.2,95.1,5.0,Rainy Season,6.0,rain
27.4,82.1,100.0,13.0,97.9,4.8,Rainy Season,5.0,rain
27.3,85.0,100.0,13.7,96.2,5.3,Rainy Season,6.0,rain
28.2,76.9,100.0,9.7,94.0,5.3,Rainy Season,7.0,rain
29.0,78.4,100.0,9.7,94.3,5.5,Rainy Season,9.0,rain
28.4,82.2,100.0,12.6,93.3,5.7,Rainy Season,6.0,rain
28.1,83.2,100.0,11.9,93.3,5.4,Rainy Season,6.0,rain
29.1,76.8,0.0,14.8,86.3,5.4,Rainy Season,8.0,partly-cloudy-day
27.9,82.5,100.0,10.8,90.7,3.7,Rainy Season,7.0,rain
28.5,79.6,100.0,10.8,87.0,5.0,Rainy Season,7.0,rain
28.4,80.0,100.0,9.0,96.1,5.5,Rainy Season,7.0,rain
28.5,80.6,100.0,7.2,91.4,5.0,Rainy Season,7.0,rain
28.2,82.0,100.0,7.9,90.7,5.7,Rainy Season,7.0,rain
28.7,79.7,100.0,6.1,86.0,5.3,Rainy Season,8.0,rain
29.2,77.1,100.0,8.6,88.4,4.8,Rainy Season,8.0,rain
29.0,81.1,100.0,10.4,89.2,4.8,Rainy Season,7.0,rain
28.3,82.2,100.0,10.4,94.3,5.2,Rainy Season,6.0,rain
28.2,81.7,100.0,10.1,90.0,5.3,Rainy Season,7.0,rain
29.0,78.3,100.0,7.9,54.3,5.5,Rainy Season,8.0,rain
28.7,79.4,100.0,9.7,62.9,5.0,Rainy Season,7.0,rain
29.7,73.0,0.0,9.0,74.6,5.8,Rainy Season,7.0,partly-cloudy-day
29.2,75.9,100.0,11.2,91.1,5.2,Rainy Season,7.0,rain
28.9,78.0,100.0,9.4,95.2,5.3,Rainy Season,7.0,rain
27.5,85.9,100.0,7.2,97.7,5.0,Rainy Season,6.0,rain
27.7,84.1,100.0,8.6,84.8,4.7,Rainy Season,7.0,rain
27.8,82.5,100.0,8.6,66.2,5.0,Rainy Season,6.0,rain
28.3,83.1,100.0,6.5,67.3,6.0,Rainy Season,6.0,rain
27.8,81.6,100.0,8.3,70.0,5.4,Rainy Season,8.0,rain
28.3,78.5,100.0,10.8,84.6,5.3,Rainy Season,7.0,rain
28.9,74.2,100.0,14.4,53.1,5.5,Rainy Season,8.0,rain
28.8,74.0,100.0,19.4,40.1,5.5,Rainy Season,7.0,rain
28.7,73.5,100.0,14.4,31.1,5.3,Rainy Season,8.0,rain
29.2,71.5,100.0,15.1,88.0,5.7,Rainy Season,7.0,rain
29.2,74.6,100.0,6.8,83.1,5.0,Rainy Season,7.0,rain
29.7,74.1,100.0,10.8,62.7,5.0,Rainy Season,8.0,rain
29.6,76.2,100.0,10.1,62.9,5.2,Rainy Season,8.0,rain
29.4,77.6,100.0,8.6,64.4,5.0,Rainy Season,8.0,rain
29.9,73.3,0.0,7.2,91.1,6.0,Rainy Season,7.0,cloudy
28.9,77.4,100.0,9.0,57.3,5.5,Rainy Season,7.0,rain
29.3,78.9,100.0,7.9,34.1,5.3,Rainy Season,8.0,rain
28.2,80.9,100.0,7.9,38.9,4.0,Rainy Season,7.0,rain
28.9,79.2,100.0,9.7,35.5,5.0,Rainy Season,7.0,rain
27.9,80.7,100.0,10.1,41.1,5.0,Rainy Season,6.0,rain
27.7,78.2,100.0,7.2,36.2,4.5,Rainy Season,6.0,rain
28.2,79.2,100.0,6.5,57.0,5.0,Rainy Season,6.0,rain
27.5,79.4,100.0,6.5,83.5,5.4,Rainy Season,7.0,rain
28.2,78.3,100.0,7.2,84.9,5.5,Rainy Season,6.0,rain
28.5,77.9,100.0,9.7,72.4,5.5,Rainy Season,7.0,rain
26.0,90.7,100.0,6.8,95.5,5.0,Rainy Season,2.0,rain
25.7,88.2,100.0,9.4,97.3,4.8,Rainy Season,4.0,rain
25.8,88.3,100.0,10.8,92.2,4.7,Rainy Season,4.0,rain
26.6,84.8,100.0,15.8,72.4,5.5,Rainy Season,6.0,rain
27.1,82.0,100.0,13.3,64.6,5.5,Winter,7.0,rain
27.3,82.6,100.0,9.7,82.8,4.7,Winter,6.0,rain
27.4,81.1,100.0,11.2,51.8,5.3,Winter,6.0,rain
27.3,82.6,100.0,6.8,55.6,5.2,Winter,7.0,rain
26.5,84.9,100.0,7.2,44.3,5.3,Winter,6.0,rain
27.0,81.3,100.0,11.9,40.9,5.0,Winter,7.0,rain
27.2,80.4,100.0,13.3,53.5,4.7,Winter,7.0,rain
27.9,81.9,100.0,7.6,50.9,4.7,Winter,6.0,rain
27.1,84.7,100.0,6.5,92.4,5.0,Winter,6.0,rain
25.8,88.7,100.0,6.8,97.4,5.0,Winter,5.0,rain
25.8,88.0,100.0,6.8,91.0,4.5,Winter,5.0,rain
27.0,84.1,100.0,6.1,87.4,5.3,Winter,5.0,rain
26.9,84.4,100.0,7.9,44.9,5.3,Winter,6.0,rain
25.9,83.5,0.0,9.4,36.8,5.0,Winter,7.0,partly-cloudy-day
25.5,80.8,0.0,10.8,16.3,6.0,Winter,7.0,clear-day
25.4,80.8,0.0,10.1,13.3,5.5,Winter,7.0,clear-day
24.7,82.1,0.0,10.4,21.3,5.2,Winter,7.0,partly-cloudy-day
23.7,84.1,0.0,11.9,30.9,5.7,Winter,8.0,partly-cloudy-day
23.2,84.1,0.0,10.8,35.2,5.0,Winter,8.0,partly-cloudy-day
22.5,84.3,0.0,9.4,29.7,5.7,Winter,8.0,partly-cloudy-day
22.2,81.4,0.0,8.3,18.8,5.3,Winter,8.0,clear-day
21.4,83.0,0.0,8.3,29.9,5.2,Winter,8.0,partly-cloudy-day
21.8,81.1,0.0,7.9,24.8,5.7,Winter,8.0,partly-cloudy-day
22.6,80.8,0.0,10.8,17.6,5.5,Winter,8.0,clear-day
22.0,81.1,0.0,9.4,29.1,5.5,Winter,8.0,partly-cloudy-day
21.5,78.5,0.0,7.9,17.2,5.2,Winter,8.0,clear-day
22.5,77.8,0.0,7.2,14.3,5.5,Winter,7.0,clear-day
23.5,77.4,100.0,11.2,34.3,5.5,Winter,6.0,rain
23.5,77.6,100.0,7.9,27.0,5.7,Winter,6.0,rain
23.9,77.9,0.0,10.8,32.4,5.5,Winter,7.0,partly-cloudy-day
24.6,77.4,100.0,9.4,50.5,5.7,Winter,6.0,rain
24.4,79.1,100.0,9.7,42.5,5.3,Winter,7.0,rain
25.4,76.2,100.0,11.2,36.0,5.7,Winter,7.0,rain
23.9,77.2,0.0,15.5,64.2,6.0,Winter,7.0,partly-cloudy-day
23.2,71.8,0.0,16.2,8.8,5.4,Winter,7.0,clear-day
23.9,70.7,0.0,14.0,13.5,5.5,Winter,7.0,clear-day
23.9,70.6,0.0,11.2,65.4,5.5,Winter,7.0,partly-cloudy-day
23.5,75.9,0.0,13.0,82.6,5.5,Winter,7.0,partly-cloudy-day
23.3,75.4,0.0,12.2,72.3,5.3,Winter,7.0,partly-cloudy-day
23.3,75.6,0.0,10.1,52.0,5.6,Winter,7.0,partly-cloudy-day
23.1,73.7,0.0,8.6,8.7,5.5,Winter,7.0,clear-day
23.5,73.4,0.0,7.9,21.3,4.7,Winter,7.0,partly-cloudy-day
23.5,72.4,0.0,9.4,31.4,5.3,Winter,7.0,partly-cloudy-day
23.1,72.5,0.0,7.9,2.4,5.3,Winter,7.0,clear-day
22.9,71.9,0.0,7.6,0.9,5.5,Winter,7.0,clear-day
23.4,72.7,0.0,10.4,9.2,5.3,Winter,7.0,clear-day
24.2,73.1,100.0,7.6,38.3,5.0,Winter,6.0,rain
25.7,71.9,100.0,9.4,29.3,5.0,Winter,6.0,rain
24.7,71.6,0.0,10.8,19.3,5.3,Winter,7.0,clear-day
24.5,66.8,0.0,13.3,5.8,5.5,Winter,7.0,clear-day
23.0,67.8,0.0,7.2,12.8,5.4,Winter,7.0,clear-day
22.9,73.0,0.0,9.7,5.7,5.0,Winter,7.0,clear-day
24.3,70.0,0.0,16.6,26.3,5.5,Winter,7.0,partly-cloudy-day
25.3,69.0,100.0,13.3,36.5,5.5,Winter,6.0,rain
25.3,69.7,0.0,7.6,19.9,5.0,Winter,6.0,clear-day
25.1,69.1,0.0,6.8,21.9,5.3,Winter,7.0,partly-cloudy-day
24.0,70.9,0.0,8.3,9.8,5.2,Winter,7.0,clear-day
22.9,72.9,0.0,11.9,6.2,5.0,Winter,7.0,clear-day
22.6,69.6,0.0,10.4,4.8,5.3,Winter,7.0,clear-day
23.5,65.8,0.0,9.7,18.3,6.0,Winter,6.0,clear-day
23.5,70.4,0.0,9.7,14.8,6.0,Winter,7.0,clear-day
24.3,69.3,0.0,10.8,6.9,5.5,Winter,7.0,clear-day
24.5,66.5,0.0,10.4,39.9,5.5,Winter,7.0,partly-cloudy-day
21.4,81.6,100.0,7.6,96.5,4.3,Winter,1.0,rain
23.1,79.6,100.0,9.0,47.9,5.0,Winter,7.0,rain
22.7,80.6,0.0,8.6,19.0,5.7,Winter,7.0,clear-day
22.5,76.6,0.0,10.4,8.3,5.5,Winter,7.0,clear-day
20.6,71.9,0.0,10.1,0.0,5.3,Winter,8.0,clear-day
20.2,67.9,0.0,10.1,0.1,5.5,Winter,8.0,clear-day
20.3,68.3,0.0,9.4,0.0,5.5,Winter,8.0,clear-day
20.7,68.6,0.0,10.8,10.2,5.5,Winter,7.0,clear-day
21.7,65.7,0.0,10.4,15.1,5.4,Winter,8.0,clear-day
20.7,67.6,0.0,9.7,5.3,5.4,Winter,8.0,clear-day
20.5,62.8,0.0,10.8,8.1,5.7,Winter,8.0,clear-day
20.0,63.7,0.0,11.2,30.7,5.7,Winter,8.0,partly-cloudy-day
19.7,63.5,0.0,11.5,43.2,5.5,Winter,8.0,partly-cloudy-day
20.8,56.8,0.0,8.6,0.0,5.3,Winter,8.0,clear-day
21.2,56.6,0.0,10.1,0.0,5.0,Winter,8.0,clear-day
20.8,64.1,0.0,9.4,29.5,5.5,Winter,8.0,partly-cloudy-day
20.9,66.3,0.0,13.3,59.9,5.5,Winter,8.0,partly-cloudy-day
21.4,61.6,0.0,16.2,71.8,5.3,Winter,8.0,partly-cloudy-day
21.1,59.7,0.0,10.1,31.9,5.6,Winter,8.0,partly-cloudy-day
21.7,59.5,0.0,9.7,1.3,5.5,Winter,8.0,clear-day
23.9,58.4,0.0,6.1,29.0,5.0,Winter,8.0,partly-cloudy-day
24.1,65.8,0.0,9.0,14.6,5.4,Winter,8.0,clear-day
23.6,66.1,0.0,12.2,0.0,5.5,Winter,8.0,clear-day
23.8,62.1,0.0,9.7,1.7,5.3,Winter,8.0,clear-day
24.4,61.7,0.0,7.2,0.2,5.5,Winter,8.0,clear-day
24.9,60.6,0.0,8.6,5.7,5.5,Winter,8.0,clear-day
23.5,64.7,0.0,9.7,1.3,5.5,Winter,8.0,clear-day
23.3,62.8,0.0,9.7,0.0,5.4,Winter,8.0,clear-day
23.1,64.5,0.0,13.7,1.7,5.5,Winter,8.0,clear-day
24.3,64.5,0.0,9.7,1.5,5.2,Winter,8.0,clear-day
24.7,61.7,0.0,9.7,2.6,5.3,Winter,8.0,clear-day
23.1,65.3,0.0,8.6,0.1,5.3,Winter,8.0,clear-day
22.9,63.9,0.0,13.7,0.0,5.7,Winter,8.0,clear-day
23.3,63.3,0.0,9.7,0.0,5.4,Winter,9.0,clear-day
23.6,61.1,0.0,9.0,0.0,5.5,Winter,8.0,clear-day
23.3,63.0,0.0,12.2,0.0,5.5,Winter,9.0,clear-day
23.4,62.0,0.0,9.7,0.0,6.0,Winter,9.0,clear-day
24.7,58.3,0.0,10.4,0.0,5.7,Winter,9.0,clear-day
24.8,58.6,0.0,17.3,0.0,5.5,Winter,9.0,clear-day
25.2,51.3,0.0,12.6,0.0,5.3,Winter,9.0,clear-day
24.1,50.6,0.0,10.1,0.0,6.0,Winter,9.0,clear-day
23.6,58.1,0.0,9.4,0.1,5.2,Winter,9.0,clear-day
24.5,58.8,0.0,9.4,4.6,5.0,Winter,9.0,clear-day
24.5,58.9,0.0,9.4,11.7,5.0,Winter,8.0,clear-day
25.1,57.5,0.0,9.7,4.5,5.3,Winter,9.0,clear-day
25.6,54.1,0.0,9.4,0.4,5.0,Winter,9.0,clear-day
26.0,50.8,0.0,9.4,0.2,5.0,Winter,9.0,clear-day
26.0,58.7,0.0,11.2,8.4,4.8,Winter,9.0,clear-day
25.8,48.3,0.0,20.2,0.5,4.8,Winter,9.0,clear-day
26.4,46.9,0.0,20.2,0.1,4.4,Winter,9.0,clear-day
27.6,43.9,0.0,18.4,0.1,4.7,Winter,9.0,clear-day
27.6,44.6,0.0,21.2,0.4,4.8,Winter,9.0,clear-day
28.4,42.5,0.0,16.9,0.0,5.0,Winter,9.0,clear-day
26.7,50.8,0.0,9.7,0.0,4.5,Winter,9.0,clear-day
24.8,45.5,0.0,14.8,0.0,5.0,Winter,9.0,clear-day
25.4,41.8,0.0,14.0,1.3,4.8,Winter,9.0,clear-day
25.3,46.1,0.0,10.4,0.3,4.8,Winter,9.0,clear-day
25.7,48.0,0.0,10.8,13.9,4.4,Summer,9.0,clear-day
26.2,42.6,0.0,15.8,0.0,5.0,Summer,9.0,clear-day
26.9,36.3,0.0,15.1,15.0,4.8,Summer,9.0,clear-day
28.3,34.4,0.0,16.2,0.2,4.8,Summer,9.0,clear-day
27.1,40.1,0.0,16.2,1.5,4.5,Summer,9.0,clear-day
27.3,34.9,0.0,15.1,4.4,4.7,Summer,9.0,clear-day
27.0,46.2,100.0,10.8,9.3,4.3,Summer,9.0,rain
27.1,54.9,0.0,10.8,28.4,4.8,Summer,9.0,partly-cloudy-day
27.8,52.8,0.0,9.0,45.1,4.6,Summer,9.0,partly-cloudy-day
27.8,55.8,100.0,14.8,56.0,5.0,Summer,7.0,rain
27.8,60.1,100.0,16.6,44.9,5.0,Summer,9.0,rain
26.4,65.5,100.0,19.8,59.7,5.0,Summer,8.0,rain
27.4,60.4,0.0,13.0,18.8,4.8,Summer,9.0,clear-day
26.8,59.3,0.0,8.6,1.0,5.0,Summer,10.0,clear-day
27.2,52.1,0.0,10.4,0.0,5.0,Summer,10.0,clear-day
27.9,48.8,0.0,9.4,8.9,4.8,Summer,10.0,clear-day
27.8,44.0,0.0,14.8,12.4,4.6,Summer,10.0,clear-day
27.3,39.5,0.0,13.0,1.5,4.6,Summer,10.0,clear-day
26.9,45.1,0.0,9.7,8.8,4.4,Summer,10.0,clear-day
27.7,47.0,0.0,16.9,31.4,4.6,Summer,9.0,partly-cloudy-day
26.0,51.5,0.0,10.4,12.0,4.8,Summer,9.0,clear-day
26.5,43.9,0.0,12.2,0.0,4.8,Summer,10.0,clear-day
27.6,42.8,0.0,9.4,0.1,5.2,Summer,10.0,clear-day
28.5,41.7,0.0,15.5,0.2,4.2,Summer,10.0,clear-day
29.7,36.1,0.0,17.3,0.9,5.0,Summer,10.0,clear-day
29.5,40.0,0.0,9.4,11.6,5.0,Summer,9.0,clear-day
30.7,43.3,0.0,16.2,14.2,5.0,Summer,9.0,clear-day
31.0,40.1,0.0,13.7,21.6,4.7,Summer,10.0,partly-cloudy-day
31.4,39.4,0.0,16.2,39.2,4.8,Summer,10.0,partly-cloudy-day
31.3,42.7,0.0,22.7,47.0,4.6,Summer,10.0,partly-cloudy-day
30.5,48.9,0.0,11.5,18.0,4.6,Summer,9.0,clear-day
31.6,48.0,0.0,11.5,11.3,5.5,Summer,9.0,clear-day
32.4,44.8,0.0,20.5,10.6,5.0,Summer,10.0,clear-day
31.2,48.2,100.0,23.8,19.8,4.5,Summer,10.0,rain
29.5,47.5,100.0,13.7,18.7,5.0,Summer,10.0,rain
30.0,43.0,0.0,8.6,9.6,5.2,Summer,10.0,clear-day
30.8,44.2,0.0,7.9,18.1,5.0,Summer,10.0,clear-day
32.8,45.3,0.0,9.4,12.8,5.2,Summer,10.0,clear-day
33.7,46.3,0.0,15.1,7.6,5.2,Summer,9.0,clear-day
34.8,44.5,0.0,19.1,8.6,5.4,Summer,10.0,clear-day
34.9,44.2,0.0,20.2,7.6,5.0,Summer,10.0,clear-day
33.6,47.2,0.0,16.6,6.9,5.0,Summer,9.0,clear-day
33.1,47.0,0.0,9.7,5.4,5.0,Summer,10.0,clear-day
33.8,48.3,0.0,16.2,9.0,4.8,Summer,9.0,clear-day
32.6,42.8,0.0,22.7,78.3,4.8,Summer,9.0,partly-cloudy-day
30.3,58.7,100.0,22.3,96.4,5.2,Summer,6.0,rain
24.0,84.7,100.0,14.8,100.0,4.3,Summer,2.0,rain
22.6,91.9,100.0,21.2,85.6,3.6,Summer,2.0,rain
25.8,76.8,100.0,7.9,46.7,4.4,Summer,8.0,rain
28.1,70.1,100.0,12.6,16.3,5.2,Summer,9.0,rain
28.4,63.8,0.0,22.0,30.3,5.4,Summer,10.0,partly-cloudy-day
27.4,72.3,100.0,18.7,41.3,4.6,Summer,9.0,rain
28.2,71.5,100.0,14.0,67.9,4.8,Summer,9.0,rain
28.3,64.5,100.0,23.0,39.7,5.3,Summer,10.0,rain
28.7,61.9,0.0,23.4,42.6,4.6,Summer,10.0,partly-cloudy-day
29.0,66.4,0.0,21.6,49.5,5.0,Summer,9.0,partly-cloudy-day
30.0,66.1,0.0,20.2,13.7,5.0,Summer,10.0,clear-day
30.9,64.9,0.0,14.8,5.8,4.6,Summer,10.0,clear-day
31.2,65.1,100.0,13.3,13.4,4.8,Summer,10.0,rain
30.6,65.9,100.0,15.8,24.2,5.4,Summer,9.0,rain
31.8,61.5,100.0,14.8,14.0,5.0,Summer,9.0,rain
32.1,58.6,0.0,14.4,6.4,5.4,Summer,10.0,clear-day
32.3,58.1,0.0,13.0,14.2,5.2,Summer,10.0,clear-day
32.2,57.1,0.0,7.2,18.2,5.0,Summer,10.0,clear-day
32.2,61.2,0.0,7.2,21.6,5.0,Summer,9.0,partly-cloudy-day
32.2,62.7,100.0,18.0,17.9,5.2,Summer,9.0,rain
31.9,63.8,100.0,17.3,26.7,4.5,Summer,9.0,rain
32.4,57.9,100.0,16.2,24.5,5.5,Summer,10.0,rain
31.4,59.4,0.0,13.3,25.3,5.2,Summer,9.0,partly-cloudy-day
32.0,57.8,100.0,15.1,57.3,4.8,Summer,9.0,rain
30.1,67.4,100.0,13.3,43.9,5.2,Summer,9.0,rain
31.4,66.2,100.0,11.5,34.1,5.3,Summer,10.0,rain
30.0,70.2,100.0,7.9,44.8,5.0,Summer,9.0,rain
31.5,64.7,100.0,14.4,38.3,5.0,Summer,9.0,rain
31.2,67.2,100.0,17.6,41.0,5.4,Summer,9.0,rain
30.4,69.5,100.0,17.3,62.6,5.3,Summer,9.0,rain
30.1,71.9,100.0,16.6,62.5,5.4,Summer,7.0,rain
27.7,79.9,100.0,13.3,73.5,5.6,Summer,6.0,rain
29.0,74.3,100.0,11.2,64.8,5.2,Summer,8.0,rain
31.4,67.3,100.0,11.5,22.2,5.5,Summer,9.0,rain
32.2,64.7,0.0,15.5,22.0,5.6,Summer,9.0,partly-cloudy-day
32.6,63.6,100.0,16.6,27.2,5.6,Summer,9.0,rain
33.1,61.3,100.0,13.7,45.3,5.6,Summer,9.0,rain
33.1,62.5,100.0,14.0,75.0,5.8,Summer,9.0,rain
32.9,64.4,100.0,14.8,63.9,5.0,Summer,8.0,rain
32.9,62.1,100.0,16.2,65.8,5.0,Summer,9.0,rain
28.8,76.6,100.0,16.2,92.4,5.2,Summer,8.0,rain
30.9,67.7,100.0,13.0,90.8,5.7,Summer,6.0,rain
29.1,79.2,100.0,10.1,97.4,5.8,Summer,6.0,rain
28.1,83.6,100.0,11.2,95.7,5.3,Summer,5.0,rain
28.6,76.3,100.0,31.0,95.3,5.0,Summer,9.0,rain
28.6,78.7,100.0,24.5,95.6,5.0,Summer,8.0,rain
30.0,73.8,100.0,22.3,79.0,5.0,Summer,9.0,rain
30.5,70.9,100.0,20.5,82.6,5.4,Summer,9.0,rain
31.0,68.5,100.0,24.1,32.5,5.6,Summer,9.0,rain
30.3,72.2,100.0,23.0,46.2,5.5,Summer,9.0,rain
30.4,70.4,100.0,19.4,38.2,5.7,Summer,8.0,rain
31.3,69.5,100.0,16.6,34.3,5.8,Summer,8.0,rain
30.1,74.7,100.0,14.4,78.5,5.4,Summer,8.0,rain
30.5,70.5,100.0,15.1,86.1,5.4,Summer,7.0,rain
30.2,69.2,100.0,17.6,91.7,5.4,Summer,6.0,rain
29.8,70.5,100.0,20.2,96.8,5.4,Summer,7.0,rain
28.0,82.1,100.0,28.1,98.5,5.4,Summer,5.0,rain
27.8,81.5,100.0,30.6,95.0,5.4,Summer,9.0,rain
27.4,83.3,100.0,24.8,95.1,5.6,Summer,6.0,rain
26.7,87.7,100.0,22.7,99.6,4.5,Summer,5.0,rain
26.7,85.3,100.0,24.1,96.1,4.8,Summer,6.0,rain
28.0,79.7,100.0,25.9,92.0,5.6,Summer,7.0,rain
27.9,82.6,100.0,24.8,95.5,5.6,Summer,7.0,rain
28.0,80.4,100.0,25.2,88.5,5.2,Summer,7.0,rain
27.4,82.6,100.0,25.9,95.2,5.8,Summer,7.0,rain
26.3,86.6,100.0,24.5,99.7,5.6,Summer,4.0,rain
27.0,85.0,100.0,26.3,96.7,5.4,Summer,4.0,rain
27.9,81.5,100.0,24.1,87.4,5.8,Summer,8.0,rain
28.3,77.6,100.0,24.5,86.0,5.6,Summer,7.0,rain
28.6,74.0,100.0,24.1,76.5,5.5,Summer,6.0,rain
29.5,72.9,0.0,18.4,74.8,6.2,Summer,5.0,partly-cloudy-day
29.3,74.1,100.0,20.5,94.6,5.5,Summer,7.0,rain
29.2,74.4,100.0,18.7,97.4,6.2,Summer,6.0,rain
29.2,73.8,100.0,15.5,97.3,5.5,Summer,7.0,rain
28.9,75.9,100.0,19.4,98.1,5.7,Summer,6.0,rain
28.9,76.6,100.0,27.4,98.2,6.3,Summer,8.0,rain
28.6,74.9,100.0,27.4,98.6,7.0,Rainy Season,4.0,rain
28.1,78.0,100.0,29.2,98.6,5.8,Rainy Season,5.0,rain
28.1,79.6,100.0,29.9,98.3,5.6,Rainy Season,6.0,rain
27.9,78.6,100.0,25.2,98.5,6.2,Rainy Season,7.0,rain
27.5,76.5,100.0,29.5,98.1,5.6,Rainy Season,4.0,rain
28.1,74.8,100.0,23.4,97.4,5.6,Rainy Season,7.0,rain
28.6,73.7,100.0,22.7,99.4,5.5,Rainy Season,6.0,rain
28.5,75.5,100.0,23.8,97.4,5.5,Rainy Season,8.0,rain
28.8,73.4,100.0,24.1,95.0,5.8,Rainy Season,7.0,rain
27.5,79.5,100.0,22.7,96.5,5.4,Rainy Season,7.0,rain
28.6,76.6,100.0,16.2,96.6,5.6,Rainy Season,5.0,rain
28.1,79.1,100.0,14.0,97.9,5.8,Rainy Season,5.0,rain
28.0,77.8,100.0,14.0,98.3,5.5,Rainy Season,7.0,rain
28.7,76.3,100.0,15.8,95.5,6.0,Rainy Season,7.0,rain
29.2,75.9,100.0,16.6,88.3,5.8,Rainy Season,7.0,rain
29.2,73.4,100.0,16.6,93.0,5.6,Rainy Season,6.0,rain
29.0,76.8,100.0,12.6,94.7,5.7,Rainy Season,8.0,rain
25.8,91.8,100.0,18.7,99.2,4.6,Rainy Season,3.0,rain
27.2,82.9,100.0,22.3,98.7,6.0,Rainy Season,5.0,rain
27.4,83.3,100.0,22.7,97.1,5.4,Rainy Season,4.0,rain
28.0,81.5,100.0,17.3,98.3,5.4,Rainy Season,7.0,rain
26.9,85.9,100.0,18.0,97.7,5.5,Rainy Season,3.0,rain
25.7,90.3,100.0,24.5,100.0,3.6,Rainy Season,2.0,rain
26.2,86.6,100.0,18.0,100.0,4.8,Rainy Season,2.0,rain
27.7,83.1,100.0,14.8,93.2,5.5,Rainy Season,6.0,rain
28.2,80.7,100.0,10.8,94.0,5.6,Rainy Season,6.0,rain
29.2,77.7,100.0,11.2,75.8,6.0,Rainy Season,7.0,rain
28.9,80.0,100.0,15.5,85.1,5.6,Rainy Season,6.0,rain
27.6,84.8,100.0,13.3,98.8,4.8,Rainy Season,7.0,rain
29.1,78.8,100.0,15.5,69.4,6.0,Rainy Season,8.0,rain
29.6,75.8,100.0,20.5,79.5,6.0,Rainy Season,9.0,rain
29.0,77.7,100.0,23.8,79.3,5.6,Rainy Season,7.0,rain
29.2,77.1,100.0,21.6,84.0,5.6,Rainy Season,8.0,rain
29.4,75.6,100.0,24.5,95.9,5.8,Rainy Season,7.0,rain
29.7,72.0,100.0,18.0,93.0,5.8,Rainy Season,9.0,rain
29.1,76.9,100.0,18.7,97.7,5.5,Rainy Season,6.0,rain
27.0,87.5,100.0,22.7,99.6,5.0,Rainy Season,4.0,rain
28.1,78.8,100.0,22.0,90.4,5.6,Rainy Season,6.0,rain
28.2,77.2,100.0,23.0,98.0,5.8,Rainy Season,7.0,rain
27.8,80.0,100.0,23.8,98.3,5.6,Rainy Season,6.0,rain
28.1,79.6,100.0,25.2,93.9,5.3,Rainy Season,7.0,rain
28.5,76.8,100.0,26.6,97.5,6.0,Rainy Season,8.0,rain
28.4,76.9,100.0,26.3,96.7,7.0,Rainy Season,7.0,rain
28.6,76.1,100.0,24.5,97.3,5.8,Rainy Season,7.0,rain
29.2,75.9,100.0,21.6,94.2,6.0,Rainy Season,8.0,rain
28.6,78.9,100.0,21.2,95.4,6.0,Rainy Season,6.0,rain
26.6,88.1,100.0,16.9,98.4,4.6,Rainy Season,3.0,rain
28.0,78.3,100.0,13.3,89.0,6.0,Rainy Season,7.0,rain
28.3,80.0,100.0,14.4,85.2,5.4,Rainy Season,8.0,rain
28.4,79.7,100.0,10.1,67.0,5.8,Rainy Season,8.0,rain
29.3,77.1,100.0,10.4,77.3,6.8,Rainy Season,8.0,rain
27.4,85.7,100.0,11.5,98.5,5.3,Rainy Season,6.0,rain
27.5,84.4,100.0,15.1,89.0,5.5,Rainy Season,5.0,rain
28.8,76.8,100.0,13.3,74.3,6.0,Rainy Season,8.0,rain
28.6,79.3,100.0,13.7,85.8,6.2,Rainy Season,8.0,rain
28.1,80.8,100.0,20.2,98.7,6.3,Rainy Season,6.0,rain
27.1,84.9,100.0,19.4,98.5,5.5,Rainy Season,4.0,rain
28.0,80.8,100.0,12.6,80.1,5.8,Rainy Season,8.0,rain
28.6,79.7,100.0,11.5,83.0,5.8,Rainy Season,8.0,rain
28.3,79.6,100.0,14.0,98.7,5.0,Rainy Season,8.0,rain
27.8,82.4,100.0,14.8,97.8,5.6,Rainy Season,6.0,rain
27.4,85.7,100.0,16.2,95.3,5.5,Rainy Season,4.0,rain
28.1,81.1,100.0,22.0,95.7,5.4,Rainy Season,5.0,rain
28.2,80.4,100.0,24.8,88.4,6.2,Rainy Season,7.0,rain
28.8,77.9,100.0,23.4,86.3,5.3,Rainy Season,8.0,rain
29.4,77.7,100.0,18.7,96.8,6.0,Rainy Season,7.0,rain
28.9,80.6,100.0,14.8,92.4,5.7,Rainy Season,7.0,rain
28.2,81.3,100.0,16.6,96.7,5.4,Rainy Season,6.0,rain
27.0,87.8,100.0,15.8,99.6,5.0,Rainy Season,4.0,rain
27.0,86.2,100.0,17.6,97.1,5.4,Rainy Season,4.0,rain
27.2,83.9,100.0,16.6,97.8,5.2,Rainy Season,5.0,rain
27.1,80.6,100.0,14.0,98.2,5.2,Rainy Season,7.0,rain
27.0,81.8,100.0,12.6,87.7,5.0,Rainy Season,5.0,rain
27.2,82.8,100.0,15.8,92.7,5.6,Rainy Season,6.0,rain
28.5,79.4,100.0,13.7,90.8,5.8,Rainy Season,7.0,rain
29.1,77.7,100.0,10.8,66.8,6.4,Rainy Season,8.0,rain
29.4,79.1,100.0,7.2,89.1,5.0,Rainy Season,8.0,rain
28.4,83.6,100.0,16.6,90.9,4.8,Rainy Season,8.0,rain
27.4,89.0,100.0,16.6,97.7,6.2,Rainy Season,5.0,rain
26.8,86.8,100.0,25.6,97.3,5.2,Rainy Season,4.0,rain
27.2,83.6,100.0,20.5,96.3,5.5,Rainy Season,7.0,rain
28.0,80.3,100.0,15.8,78.5,5.6,Rainy Season,6.0,rain
28.8,80.1,100.0,9.4,76.1,5.6,Rainy Season,7.0,rain
29.6,77.7,100.0,7.6,81.6,6.3,Rainy Season,8.0,rain
29.0,80.3,100.0,9.7,56.8,6.6,Rainy Season,8.0,rain
29.1,81.4,100.0,7.9,44.1,5.8,Rainy Season,7.0,rain
29.6,79.8,100.0,9.4,74.3,5.2,Rainy Season,8.0,rain
27.6,87.1,100.0,13.3,95.8,5.4,Rainy Season,5.0,rain
28.2,83.7,100.0,7.9,77.9,5.2,Rainy Season,7.0,rain
28.4,78.3,100.0,14.0,77.1,6.4,Rainy Season,7.0,rain
28.9,78.4,100.0,14.4,68.9,5.6,Rainy Season,8.0,rain
29.5,78.5,100.0,6.8,76.4,6.0,Rainy Season,8.0,rain
29.6,78.2,0.0,7.9,66.4,6.6,Rainy Season,7.0,partly-cloudy-day
28.8,81.9,100.0,9.4,73.5,4.8,Rainy Season,7.0,rain
28.6,80.8,100.0,9.4,85.9,5.0,Rainy Season,6.0,rain
29.1,80.6,100.0,10.4,89.0,6.0,Rainy Season,8.0,rain
28.9,81.7,100.0,11.9,92.6,5.3,Rainy Season,6.0,rain
27.9,81.5,100.0,10.4,89.6,5.6,Rainy Season,7.0,rain
27.9,79.5,100.0,6.1,92.2,6.0,Rainy Season,7.0,rain
28.5,79.1,100.0,5.8,75.9,5.8,Rainy Season,7.0,rain
28.5,80.4,100.0,9.0,78.4,4.8,Rainy Season,7.0,rain
29.7,77.0,0.0,14.8,77.7,5.7,Rainy Season,8.0,partly-cloudy-day
27.5,87.1,100.0,10.8,93.6,4.8,Rainy Season,6.0,rain
26.4,89.1,100.0,20.2,98.6,4.8,Rainy Season,4.0,rain
27.5,82.2,100.0,14.4,95.1,5.4,Rainy Season,5.0,rain
28.6,79.7,100.0,10.4,69.5,6.0,Rainy Season,7.0,rain
29.0,79.8,100.0,12.2,53.7,5.6,Rainy Season,6.0,rain
28.7,82.7,100.0,8.3,67.4,5.4,Rainy Season,7.0,rain
27.6,85.1,100.0,6.1,85.0,5.5,Rainy Season,4.0,rain
27.3,85.4,100.0,8.6,72.7,5.4,Rainy Season,7.0,rain
27.2,83.8,100.0,12.2,73.5,5.3,Rainy Season,7.0,rain
27.2,80.9,0.0,12.2,87.2,5.2,Rainy Season,8.0,partly-cloudy-day
27.2,80.8,100.0,19.4,83.1,4.6,Rainy Season,6.0,rain
27.0,81.2,100.0,25.9,71.3,5.4,Rainy Season,5.0,rain
27.6,79.3,100.0,18.7,43.3,5.7,Rainy Season,7.0,rain
27.6,77.3,100.0,14.0,38.3,4.8,Rainy Season,6.0,rain
26.9,80.2,100.0,7.9,38.5,5.2,Rainy Season,7.0,rain
27.5,77.3,0.0,10.1,34.9,5.0,Rainy Season,7.0,partly-cloudy-day
26.4,77.3,0.0,11.2,20.9,4.4,Rainy Season,8.0,partly-cloudy-day
26.4,77.2,100.0,9.0,25.0,4.8,Rainy Season,8.0,rain
26.7,79.6,100.0,12.2,74.5,5.2,Rainy Season,7.0,rain
24.5,77.5,0.0,14.8,63.9,4.8,Rainy Season,7.0,partly-cloudy-day
23.9,74.8,0.0,11.2,52.2,5.0,Rainy Season,8.0,partly-cloudy-day
24.2,79.8,0.0,14.0,54.5,5.5,Winter,8.0,partly-cloudy-day
25.4,76.0,0.0,10.8,40.1,7.0,Winter,8.0,partly-cloudy-day
26.1,76.1,0.0,10.8,42.0,5.5,Winter,7.0,partly-cloudy-day
26.8,72.5,0.0,14.0,21.7,5.5,Winter,8.0,partly-cloudy-day
25.8,71.4,0.0,12.2,5.3,5.0,Winter,8.0,clear-day
25.5,74.5,0.0,10.1,62.4,5.2,Winter,6.0,partly-cloudy-day
25.8,72.8,0.0,13.0,16.1,4.8,Winter,8.0,clear-day
26.4,74.3,0.0,10.1,29.6,5.0,Winter,7.0,partly-cloudy-day
28.0,70.8,100.0,8.3,24.0,5.0,Winter,8.0,rain
27.8,73.6,100.0,9.0,32.4,5.2,Winter,7.0,rain
27.4,79.1,100.0,9.0,45.6,5.0,Winter,7.0,rain
27.4,77.2,100.0,9.4,35.1,5.2,Winter,7.0,rain
27.3,66.1,0.0,10.4,18.1,5.4,Winter,7.0,clear-day
27.6,60.9,0.0,11.2,22.1,5.5,Winter,7.0,partly-cloudy-day
26.6,63.7,0.0,10.1,71.4,5.2,Winter,7.0,partly-cloudy-day
27.6,62.9,100.0,10.1,72.7,5.0,Winter,7.0,rain
27.3,62.0,0.0,12.2,70.0,5.3,Winter,7.0,partly-cloudy-day
27.6,63.9,0.0,13.0,9.6,5.4,Winter,7.0,clear-day
28.6,64.7,0.0,13.0,10.0,5.3,Winter,7.0,clear-day
28.6,64.7,0.0,9.0,14.2,5.3,Winter,7.0,clear-day
28.5,65.2,0.0,7.6,24.8,5.6,Winter,7.0,partly-cloudy-day
27.5,73.6,100.0,16.6,95.9,4.8,Winter,6.0,rain
27.8,74.9,100.0,14.0,94.0,5.5,Winter,6.0,rain
27.4,76.0,100.0,13.0,79.2,5.4,Winter,5.0,rain
26.9,78.2,100.0,7.6,53.8,5.5,Winter,5.0,rain
26.4,80.2,100.0,7.2,48.3,4.4,Winter,6.0,rain
26.1,76.0,100.0,7.9,27.2,5.0,Winter,7.0,rain
25.4,70.3,0.0,6.5,18.7,5.2,Winter,8.0,clear-day
23.3,75.7,0.0,7.9,11.4,4.8,Winter,8.0,clear-day
23.1,73.7,0.0,10.1,13.7,5.4,Winter,8.0,clear-day
23.3,73.5,0.0,9.4,0.8,5.4,Winter,7.0,clear-day
23.2,75.7,0.0,11.2,9.4,6.7,Winter,7.0,clear-day
22.9,75.3,0.0,10.8,12.6,5.3,Winter,7.0,clear-day
22.8,74.3,0.0,10.4,0.2,5.4,Winter,7.0,clear-day
22.7,72.5,0.0,9.4,3.4,5.6,Winter,7.0,clear-day
22.6,72.6,0.0,7.6,80.6,5.2,Winter,7.0,partly-cloudy-day
23.9,68.2,0.0,10.1,68.5,5.4,Winter,7.0,partly-cloudy-day
25.4,62.5,0.0,11.9,73.2,5.4,Winter,7.0,partly-cloudy-day
21.4,84.3,100.0,11.5,95.1,4.8,Winter,2.0,rain
22.5,85.8,100.0,7.9,76.7,5.5,Winter,6.0,rain
24.1,82.9,0.0,7.2,58.7,5.8,Winter,5.0,partly-cloudy-day
25.0,80.0,100.0,7.2,63.4,5.8,Winter,5.0,rain
24.2,77.5,0.0,11.9,19.2,5.8,Winter,7.0,clear-day
22.6,74.0,0.0,13.0,13.4,4.6,Winter,7.0,clear-day
21.3,76.2,0.0,10.8,17.0,5.2,Winter,7.0,clear-day
21.8,76.5,0.0,9.7,5.8,6.0,Winter,7.0,clear-day
23.0,77.6,0.0,11.5,15.6,5.4,Winter,7.0,clear-day
23.5,75.4,0.0,10.8,6.0,5.2,Winter,7.0,clear-day
23.3,75.7,0.0,10.8,25.6,5.6,Winter,6.0,partly-cloudy-day
22.1,74.3,0.0,9.4,20.3,5.2,Winter,7.0,partly-cloudy-day
20.2,66.4,0.0,9.4,6.5,5.2,Winter,7.0,clear-day
19.1,65.3,0.0,9.0,0.0,5.8,Winter,7.0,clear-day
20.4,66.2,0.0,8.6,0.4,6.0,Winter,7.0,clear-day
21.0,72.5,0.0,11.9,1.3,5.4,Winter,7.0,clear-day
22.0,74.3,0.0,10.4,4.3,5.7,Winter,7.0,clear-day
22.3,75.3,0.0,10.1,37.1,5.4,Winter,7.0,partly-cloudy-day
23.3,70.3,100.0,11.5,19.4,5.6,Winter,6.0,rain
23.4,71.3,0.0,13.7,16.9,5.8,Winter,7.0,clear-day
24.1,71.3,0.0,13.7,18.3,5.6,Winter,7.0,clear-day
25.1,66.8,0.0,12.6,30.0,5.5,Winter,7.0,partly-cloudy-day
22.8,78.5,100.0,10.8,86.6,4.8,Winter,5.0,rain
20.6,94.5,100.0,5.4,94.7,4.0,Winter,0.0,rain
18.9,95.7,100.0,9.4,100.0,4.2,Winter,1.0,rain
18.7,98.2,100.0,10.4,88.4,4.8,Winter,2.0,rain
20.6,86.5,100.0,13.0,68.3,4.8,Winter,5.0,rain
20.0,82.3,0.0,12.2,30.3,5.6,Winter,7.0,partly-cloudy-day
20.1,84.2,0.0,7.6,43.4,5.0,Winter,8.0,partly-cloudy-day
21.8,81.6,0.0,7.2,55.1,5.8,Winter,6.0,partly-cloudy-day
21.3,81.4,100.0,7.9,60.7,5.5,Winter,7.0,rain
20.6,78.4,0.0,8.6,14.4,5.5,Winter,8.0,clear-day
20.5,78.7,0.0,7.6,15.0,5.3,Winter,8.0,clear-day
20.2,76.7,0.0,9.0,40.8,6.0,Winter,8.0,partly-cloudy-day
20.5,75.3,0.0,10.1,41.1,5.6,Winter,7.0,partly-cloudy-day
21.1,70.6,0.0,20.2,31.4,6.3,Winter,7.0,partly-cloudy-day
21.3,71.9,100.0,17.3,41.5,5.5,Winter,6.0,rain
21.4,73.4,0.0,14.8,43.3,5.0,Winter,7.0,partly-cloudy-day
21.2,77.1,0.0,8.6,32.2,3.6,Winter,6.0,partly-cloudy-day
20.5,77.1,0.0,9.7,11.0,5.0,Winter,7.0,clear-day
19.8,76.4,0.0,9.4,13.0,4.8,Winter,8.0,clear-day
20.1,75.4,0.0,9.7,0.1,4.8,Winter,8.0,clear-day
20.8,69.1,0.0,7.6,0.0,5.8,Winter,8.0,clear-day
20.4,74.6,0.0,10.4,0.0,4.8,Winter,8.0,clear-day
20.4,74.3,0.0,9.7,0.0,5.0,Winter,8.0,clear-day
20.5,71.9,0.0,9.0,0.4,4.6,Winter,8.0,clear-day
20.7,67.6,0.0,11.2,23.7,5.6,Winter,8.0,partly-cloudy-day
20.9,66.3,0.0,10.1,2.5,5.0,Winter,8.0,clear-day
21.8,66.0,0.0,10.1,9.9,5.3,Winter,8.0,clear-day
21.9,67.5,0.0,6.8,48.4,5.0,Winter,8.0,partly-cloudy-day
20.6,63.9,0.0,7.2,52.6,5.3,Winter,8.0,partly-cloudy-day
21.0,62.9,0.0,7.6,25.5,5.0,Winter,8.0,partly-cloudy-day
20.5,64.4,0.0,11.2,2.2,5.3,Winter,8.0,clear-day
19.8,60.2,0.0,9.7,0.0,4.8,Winter,8.0,clear-day
20.1,60.6,0.0,9.7,1.2,4.5,Winter,8.0,clear-day
20.8,61.1,0.0,14.4,0.1,5.2,Winter,8.0,clear-day
22.1,60.3,0.0,14.8,0.0,5.3,Winter,8.0,clear-day
23.2,59.9,0.0,18.7,23.1,4.8,Winter,8.0,partly-cloudy-day
23.4,61.4,0.0,9.0,34.5,4.8,Winter,8.0,partly-cloudy-day
23.9,61.8,0.0,8.3,20.3,5.5,Winter,8.0,partly-cloudy-day
24.4,57.1,0.0,16.6,28.5,5.4,Winter,8.0,partly-cloudy-day
24.9,57.8,0.0,16.6,44.7,5.4,Winter,8.0,partly-cloudy-day
25.0,60.4,0.0,15.5,56.1,4.8,Winter,8.0,partly-cloudy-day
24.1,62.3,0.0,8.6,39.5,5.0,Winter,8.0,partly-cloudy-day
24.4,60.9,0.0,11.5,26.6,4.8,Winter,8.0,partly-cloudy-day
24.7,58.8,0.0,10.4,58.6,5.0,Winter,8.0,partly-cloudy-day
24.3,62.6,0.0,10.4,20.4,5.0,Winter,9.0,partly-cloudy-day
25.9,56.7,0.0,9.4,83.7,5.3,Winter,9.0,partly-cloudy-day
25.2,52.8,0.0,12.6,34.2,5.3,Winter,8.0,partly-cloudy-day
23.8,49.3,0.0,11.9,3.3,5.8,Winter,9.0,clear-day
23.3,49.4,0.0,11.9,17.5,5.2,Winter,9.0,clear-day
24.0,47.2,0.0,12.6,82.2,5.0,Winter,8.0,partly-cloudy-day
25.5,37.7,0.0,11.5,59.6,5.0,Winter,9.0,partly-cloudy-day
23.7,42.5,0.0,10.1,0.0,5.0,Winter,9.0,clear-day
23.9,45.2,0.0,10.4,0.0,4.8,Winter,9.0,clear-day
24.3,46.9,0.0,10.4,0.0,5.2,Winter,9.0,clear-day
23.7,50.1,0.0,10.4,0.0,5.0,Winter,9.0,clear-day
24.6,48.4,0.0,10.1,0.2,4.8,Winter,9.0,clear-day
25.3,48.8,0.0,11.9,0.1,5.4,Winter,9.0,clear-day
25.5,47.4,0.0,17.6,5.1,5.0,Winter,9.0,clear-day
25.6,54.7,0.0,10.4,3.1,5.5,Winter,9.0,clear-day
24.9,51.8,0.0,9.4,35.1,5.0,Winter,9.0,partly-cloudy-day
26.3,51.0,0.0,9.7,5.8,5.0,Summer,9.0,clear-day
26.1,49.4,0.0,10.8,0.0,5.4,Summer,9.0,clear-day
27.3,43.5,0.0,15.5,0.8,5.6,Summer,9.0,clear-day
28.2,42.9,0.0,15.1,0.5,5.5,Summer,9.0,clear-day
27.8,47.5,0.0,8.6,0.0,5.2,Summer,9.0,clear-day
28.0,48.2,0.0,9.7,3.3,5.0,Summer,9.0,clear-day
27.3,43.3,0.0,11.5,0.0,5.3,Summer,9.0,clear-day
26.5,42.8,0.0,11.9,0.0,5.0,Summer,10.0,clear-day
26.6,42.4,0.0,8.3,0.0,5.5,Summer,10.0,clear-day
29.3,44.5,0.0,21.2,5.9,5.4,Summer,9.0,clear-day
28.3,46.1,0.0,18.4,1.9,5.5,Summer,10.0,clear-day
26.5,41.2,0.0,10.8,5.1,5.5,Summer,9.0,clear-day
26.5,45.8,100.0,7.9,16.9,5.4,Summer,9.0,rain
26.4,44.0,0.0,8.3,0.9,5.0,Summer,9.0,clear-day
26.5,45.9,0.0,8.3,0.9,5.3,Summer,10.0,clear-day
28.9,42.9,0.0,17.3,17.5,4.6,Summer,10.0,clear-day
26.7,57.6,100.0,14.8,60.3,4.8,Summer,5.0,rain
27.8,56.2,0.0,9.7,27.9,5.0,Summer,9.0,partly-cloudy-day
28.0,44.4,0.0,14.0,1.9,5.0,Summer,10.0,clear-day
27.0,44.9,0.0,8.6,0.1,5.2,Summer,10.0,clear-day
28.0,46.3,0.0,9.7,11.9,5.0,Summer,9.0,clear-day
30.3,44.0,0.0,12.2,13.8,4.7,Summer,9.0,clear-day
30.4,36.0,0.0,17.3,4.1,5.3,Summer,10.0,clear-day
30.6,36.9,0.0,15.8,7.7,4.8,Summer,9.0,clear-day
31.1,37.4,0.0,11.9,15.1,5.0,Summer,9.0,clear-day
30.5,43.2,0.0,14.0,20.8,4.8,Summer,9.0,partly-cloudy-day
30.4,40.5,0.0,21.2,20.0,5.0,Summer,9.0,clear-day
28.7,49.7,100.0,9.4,13.8,5.0,Summer,9.0,rain
29.5,46.9,0.0,8.6,15.4,5.0,Summer,9.0,clear-day
30.1,44.6,0.0,9.4,13.1,4.7,Summer,9.0,clear-day
30.3,44.9,0.0,9.7,17.5,4.6,Summer,9.0,clear-day
30.1,52.3,100.0,8.6,28.2,4.6,Summer,10.0,rain
30.2,54.9,100.0,12.2,51.8,5.0,Summer,9.0,rain
28.8,61.0,100.0,11.2,35.9,5.2,Summer,8.0,rain
29.1,55.2,0.0,9.0,14.7,5.0,Summer,9.0,clear-day
30.3,44.5,0.0,15.1,6.3,5.0,Summer,9.0,clear-day
29.6,40.6,0.0,12.6,7.8,3.0,Summer,10.0,clear-day
30.4,40.1,0.0,9.4,17.1,6.4,Summer,9.0,clear-day
27.5,61.3,100.0,15.8,60.5,5.0,Summer,8.0,rain
29.5,57.9,0.0,7.6,22.0,4.8,Summer,10.0,partly-cloudy-day
31.2,51.4,0.0,9.0,19.3,5.2,Summer,8.0,clear-day
31.3,47.9,0.0,9.4,7.2,5.8,Summer,10.0,clear-day
32.0,42.7,0.0,11.5,7.7,5.8,Summer,10.0,clear-day
32.6,43.8,0.0,13.3,41.3,5.4,Summer,10.0,partly-cloudy-day
32.8,44.5,100.0,9.4,52.4,5.4,Summer,10.0,rain
32.1,45.1,100.0,11.5,27.1,5.2,Summer,10.0,rain
32.0,48.3,0.0,10.1,25.8,5.5,Summer,10.0,partly-cloudy-day
31.0,50.0,100.0,8.3,33.8,5.4,Summer,9.0,rain
31.1,49.7,100.0,14.8,41.4,5.4,Summer,9.0,rain
29.4,58.2,100.0,16.9,35.6,5.4,Summer,9.0,rain
29.9,57.2,0.0,11.5,22.3,5.6,Summer,9.0,partly-cloudy-day
32.2,51.0,100.0,14.8,15.5,5.6,Summer,10.0,rain
33.2,49.1,0.0,18.0,24.2,5.6,Summer,10.0,partly-cloudy-day
33.6,47.9,0.0,13.0,29.2,5.6,Summer,9.0,partly-cloudy-day
33.5,49.2,100.0,9.0,25.9,5.8,Summer,9.0,rain
32.4,55.9,100.0,13.0,32.1,5.6,Summer,9.0,rain
32.3,53.0,100.0,15.1,22.6,5.2,Summer,10.0,rain
31.8,51.0,100.0,16.6,23.9,5.3,Summer,9.0,rain
30.5,58.4,100.0,16.9,22.8,5.5,Summer,9.0,rain
30.4,57.6,100.0,16.6,34.9,5.0,Summer,9.0,rain
30.5,59.6,100.0,15.1,25.0,5.6,Summer,9.0,rain
31.6,54.2,0.0,15.1,19.5,5.7,Summer,9.0,clear-day
29.2,69.1,100.0,17.3,68.6,5.2,Summer,8.0,rain
27.9,75.6,100.0,9.7,60.3,5.3,Summer,7.0,rain
29.1,69.0,100.0,16.2,25.7,5.8,Summer,9.0,rain
30.0,64.2,0.0,17.6,27.9,5.6,Summer,10.0,partly-cloudy-day
31.5,60.4,100.0,17.6,31.6,5.6,Summer,10.0,rain
30.7,62.6,100.0,18.0,21.0,5.5,Summer,10.0,rain
31.3,56.0,0.0,17.6,13.6,5.0,Summer,10.0,clear-day
31.7,52.2,0.0,15.8,16.3,6.4,Summer,10.0,clear-day
31.7,59.1,0.0,10.1,28.0,5.5,Summer,9.0,partly-cloudy-day
29.8,65.8,100.0,11.9,28.1,5.8,Summer,10.0,rain
27.5,75.6,100.0,9.4,49.7,5.8,Summer,9.0,rain
27.2,75.4,100.0,9.0,53.2,6.0,Summer,9.0,rain
29.3,72.4,100.0,7.6,58.2,5.5,Summer,9.0,rain
30.2,64.6,100.0,16.2,22.3,5.8,Summer,10.0,rain
30.1,62.4,0.0,16.6,15.8,5.8,Summer,10.0,clear-day
30.6,59.9,100.0,18.0,31.2,5.6,Summer,10.0,rain
29.8,62.7,0.0,18.4,31.9,5.3,Summer,9.0,partly-cloudy-day
30.9,59.9,100.0,18.0,23.5,5.7,Summer,8.0,rain
31.1,62.4,100.0,17.3,36.7,5.6,Summer,9.0,rain
31.5,62.2,100.0,18.0,36.7,5.8,Summer,9.0,rain
31.3,60.6,100.0,14.8,59.5,5.3,Summer,9.0,rain
31.7,61.7,100.0,16.9,48.6,5.6,Summer,9.0,rain
30.9,65.3,100.0,18.7,58.3,5.8,Summer,9.0,rain
31.1,64.4,100.0,22.3,32.4,6.0,Summer,9.0,rain
32.3,62.7,100.0,19.8,34.4,6.0,Summer,9.0,rain
32.1,61.3,100.0,18.0,42.0,6.4,Summer,9.0,rain
28.6,74.4,100.0,21.6,88.9,5.2,Summer,7.0,rain
25.8,84.9,100.0,22.0,99.9,3.8,Summer,2.0,rain
25.9,88.6,100.0,38.2,98.4,4.0,Summer,3.0,rain
28.1,78.7,100.0,20.9,88.1,5.8,Summer,6.0,rain
28.9,77.2,100.0,15.1,93.8,5.8,Summer,5.0,rain
28.1,80.6,100.0,15.5,96.1,6.0,Summer,4.0,rain
28.4,76.9,100.0,15.5,96.0,5.8,Summer,7.0,rain
29.3,74.4,100.0,14.4,86.3,5.8,Summer,7.0,rain
29.7,75.8,100.0,11.9,92.8,6.5,Summer,7.0,rain
28.9,77.6,100.0,12.2,88.3,6.0,Summer,6.0,rain
28.9,77.9,100.0,18.0,86.9,6.2,Summer,6.0,rain
28.8,77.0,100.0,20.9,94.8,6.2,Summer,6.0,rain
27.3,83.1,100.0,26.6,97.8,5.6,Summer,6.0,rain
25.5,93.4,100.0,27.7,100.0,4.5,Summer,2.0,rain
25.6,94.7,100.0,33.8,100.0,4.2,Summer,2.0,rain
25.8,93.6,100.0,29.5,100.0,4.4,Summer,3.0,rain
26.2,91.0,100.0,32.8,100.0,5.4,Summer,3.0,rain
26.1,89.7,100.0,27.0,96.6,5.0,Summer,5.0,rain
27.2,85.5,100.0,22.7,98.2,5.8,Summer,4.0,rain
27.7,82.4,100.0,20.5,91.7,5.5,Summer,5.0,rain
29.6,77.0,100.0,16.6,82.6,5.6,Summer,7.0,rain
29.7,75.4,100.0,17.6,78.4,5.8,Summer,8.0,rain
29.5,76.7,100.0,19.8,93.9,5.6,Summer,7.0,rain
29.4,76.3,100.0,19.4,89.7,6.2,Summer,8.0,rain
28.7,77.8,100.0,23.4,80.5,6.0,Summer,6.0,rain
27.7,81.3,100.0,23.8,97.8,5.3,Summer,6.0,rain
27.9,80.6,100.0,24.1,95.7,6.2,Summer,7.0,rain
27.8,80.6,100.0,24.8,96.8,6.4,Summer,5.0,rain
27.3,82.9,100.0,25.9,98.4,5.6,Summer,6.0,rain
27.7,80.3,100.0,24.8,97.3,6.6,Summer,7.0,rain
28.7,74.0,100.0,22.7,92.4,5.8,Summer,7.0,rain
28.3,77.1,100.0,19.1,95.7,5.4,Summer,7.0,rain
28.5,76.1,100.0,20.9,92.1,7.0,Summer,7.0,rain
28.1,75.5,100.0,22.0,98.7,6.2,Summer,5.0,rain
28.6,76.1,100.0,23.0,97.2,7.0,Rainy Season,5.0,rain
28.4,79.9,100.0,25.9,97.5,6.8,Rainy Season,7.0,rain
28.6,78.3,100.0,25.9,98.1,6.0,Rainy Season,6.0,rain
28.4,79.2,100.0,25.2,96.5,5.8,Rainy Season,7.0,rain
29.3,75.5,100.0,21.2,83.8,6.6,Rainy Season,8.0,rain
29.4,75.5,100.0,20.5,95.5,5.8,Rainy Season,8.0,rain
29.1,75.3,100.0,21.2,96.7,6.8,Rainy Season,7.0,rain
28.4,79.2,100.0,24.1,96.4,6.8,Rainy Season,6.0,rain
28.3,80.0,100.0,20.2,97.7,5.8,Rainy Season,7.0,rain
28.8,77.0,100.0,21.2,98.9,5.5,Rainy Season,7.0,rain
28.9,76.9,100.0,19.4,97.1,7.0,Rainy Season,6.0,rain
29.3,75.1,100.0,18.4,81.3,6.0,Rainy Season,7.0,rain
29.5,74.2,100.0,17.3,83.9,7.0,Rainy Season,7.0,rain
29.1,75.2,100.0,21.6,90.7,7.0,Rainy Season,7.0,rain
28.6,76.5,100.0,21.2,92.0,6.6,Rainy Season,7.0,rain
28.5,76.5,100.0,21.6,97.7,5.8,Rainy Season,8.0,rain
29.4,75.2,100.0,16.6,93.8,6.0,Rainy Season,6.0,rain
29.6,79.0,100.0,11.5,86.2,5.8,Rainy Season,8.0,rain
29.3,79.3,100.0,16.9,95.2,6.6,Rainy Season,8.0,rain
27.6,81.9,100.0,20.9,97.9,5.4,Rainy Season,6.0,rain
27.3,84.9,100.0,22.0,98.4,5.0,Rainy Season,6.0,rain
27.7,82.8,100.0,22.0,95.3,4.3,Rainy Season,6.0,rain
27.7,82.7,100.0,20.9,97.4,5.4,Rainy Season,6.0,rain
27.2,87.3,100.0,19.8,100.0,5.8,Rainy Season,3.0,rain
27.1,86.8,100.0,20.2,95.1,5.6,Rainy Season,5.0,rain
27.9,83.9,100.0,20.2,97.5,5.6,Rainy Season,6.0,rain
27.9,82.5,100.0,20.5,98.5,5.8,Rainy Season,5.0,rain
27.6,83.9,100.0,22.0,99.0,5.6,Rainy Season,4.0,rain
28.2,80.1,100.0,22.7,98.6,5.6,Rainy Season,6.0,rain
27.8,80.6,100.0,22.0,98.3,5.6,Rainy Season,6.0,rain
27.0,85.6,100.0,23.4,99.6,5.6,Rainy Season,5.0,rain
27.7,81.3,100.0,28.4,84.4,5.8,Rainy Season,7.0,rain
27.7,80.5,100.0,26.6,97.1,5.8,Rainy Season,7.0,rain
28.4,77.2,100.0,21.6,98.1,5.5,Rainy Season,8.0,rain
28.3,77.8,100.0,19.4,97.8,6.0,Rainy Season,7.0,rain
27.8,81.4,100.0,16.2,97.8,5.6,Rainy Season,6.0,rain
28.0,77.7,100.0,16.9,97.4,5.8,Rainy Season,6.0,rain
28.6,76.7,100.0,17.3,85.8,6.2,Rainy Season,7.0,rain
28.9,76.0,100.0,15.8,94.4,5.8,Rainy Season,8.0,rain
28.8,78.5,100.0,15.5,96.1,5.8,Rainy Season,6.0,rain
28.5,82.6,100.0,15.8,97.7,5.3,Rainy Season,5.0,rain
28.6,78.4,100.0,20.5,97.0,5.8,Rainy Season,4.0,rain
28.9,75.7,100.0,20.9,95.5,5.8,Rainy Season,7.0,rain
28.5,77.4,100.0,20.5,94.8,5.8,Rainy Season,6.0,rain
28.8,76.7,100.0,19.8,93.7,5.8,Rainy Season,6.0,rain
28.9,75.2,100.0,18.0,92.1,6.2,Rainy Season,7.0,rain
29.0,75.8,100.0,16.2,97.0,6.0,Rainy Season,7.0,rain
27.8,81.1,100.0,12.2,97.2,5.4,Rainy Season,4.0,rain
27.1,89.7,100.0,15.1,99.7,4.4,Rainy Season,5.0,rain
28.2,79.8,100.0,20.5,97.5,6.2,Rainy Season,6.0,rain
28.3,80.0,100.0,23.0,97.3,5.8,Rainy Season,7.0,rain
27.7,84.0,100.0,21.6,87.6,4.8,Rainy Season,7.0,rain
28.2,81.1,100.0,19.8,90.1,6.0,Rainy Season,5.0,rain
28.0,82.2,100.0,18.0,99.3,5.6,Rainy Season,6.0,rain
26.6,88.9,100.0,18.0,98.5,5.0,Rainy Season,4.0,rain
27.3,83.5,100.0,22.0,89.4,5.8,Rainy Season,5.0,rain
27.6,81.2,100.0,20.5,93.5,5.8,Rainy Season,6.0,rain
27.9,80.1,100.0,19.4,88.4,5.8,Rainy Season,7.0,rain
27.2,85.2,100.0,19.4,88.0,5.0,Rainy Season,6.0,rain
27.9,80.3,100.0,18.4,94.7,5.8,Rainy Season,5.0,rain
27.4,82.4,100.0,17.6,96.8,6.2,Rainy Season,5.0,rain
27.8,82.5,100.0,17.3,97.1,6.0,Rainy Season,7.0,rain
27.4,82.0,100.0,25.2,98.2,6.2,Rainy Season,5.0,rain
27.7,80.5,100.0,20.5,90.8,5.4,Rainy Season,8.0,rain
27.4,83.5,100.0,17.6,97.7,5.6,Rainy Season,5.0,rain
26.1,89.8,100.0,16.9,95.7,5.6,Rainy Season,2.0,rain
27.0,80.5,100.0,23.0,81.4,6.0,Rainy Season,7.0,rain
27.4,79.4,100.0,19.1,70.4,5.6,Rainy Season,5.0,rain
28.3,77.3,100.0,14.4,84.2,5.6,Rainy Season,7.0,rain
28.7,77.7,100.0,8.3,88.6,5.6,Rainy Season,9.0,rain
28.6,79.1,100.0,10.1,96.0,6.3,Rainy Season,5.0,rain
28.7,78.1,100.0,15.5,92.6,5.8,Rainy Season,8.0,rain
29.0,75.2,100.0,17.6,81.9,5.8,Rainy Season,7.0,rain
29.5,72.7,100.0,18.7,89.7,5.8,Rainy Season,8.0,rain
30.0,71.7,100.0,16.2,82.8,5.8,Rainy Season,7.0,rain
28.7,79.3,100.0,10.4,95.9,5.6,Rainy Season,6.0,rain
29.6,76.0,100.0,8.6,79.1,6.4,Rainy Season,8.0,rain
29.9,76.3,100.0,11.5,36.4,6.0,Rainy Season,9.0,rain
30.8,73.7,100.0,14.0,32.5,5.0,Rainy Season,9.0,rain
29.3,76.9,100.0,16.6,92.6,6.0,Rainy Season,7.0,rain
28.0,81.2,100.0,9.4,89.4,6.0,Rainy Season,7.0,rain
27.6,81.7,100.0,9.7,72.0,6.4,Rainy Season,6.0,rain
29.0,73.7,0.0,6.8,38.8,6.2,Rainy Season,8.0,partly-cloudy-day
30.0,70.9,100.0,8.6,46.2,7.4,Rainy Season,9.0,rain
28.9,77.8,100.0,12.6,84.5,6.4,Rainy Season,7.0,rain
29.2,75.1,100.0,13.7,91.5,6.2,Rainy Season,8.0,rain
29.5,73.6,100.0,19.1,63.8,5.8,Rainy Season,8.0,rain
29.7,73.5,100.0,15.8,48.8,6.2,Rainy Season,7.0,rain
30.1,72.9,100.0,12.2,75.3,6.4,Rainy Season,7.0,rain
30.4,72.3,100.0,8.6,71.7,6.2,Rainy Season,8.0,rain
29.3,77.0,100.0,7.9,76.7,6.2,Rainy Season,8.0,rain
29.5,76.8,100.0,10.4,62.0,6.8,Rainy Season,8.0,rain
29.2,75.1,100.0,11.9,72.6,5.8,Rainy Season,8.0,rain
27.8,80.8,100.0,12.2,91.0,5.6,Rainy Season,8.0,rain
26.4,85.6,100.0,7.9,88.5,5.4,Rainy Season,5.0,rain
27.5,83.4,100.0,7.9,75.6,5.8,Rainy Season,5.0,rain
28.6,77.1,100.0,5.8,83.0,5.4,Rainy Season,8.0,rain
28.4,77.7,100.0,5.8,76.5,5.2,Rainy Season,7.0,rain
27.7,82.4,100.0,6.1,66.1,5.6,Rainy Season,7.0,rain
27.6,81.7,100.0,7.9,58.9,6.7,Rainy Season,7.0,rain
26.1,87.1,100.0,7.6,98.7,5.4,Rainy Season,5.0,rain
24.7,93.6,100.0,7.9,100.0,4.8,Rainy Season,3.0,rain
25.4,89.0,100.0,6.8,99.1,5.3,Rainy Season,5.0,rain
25.9,88.3,100.0,7.6,97.2,5.4,Rainy Season,3.0,rain
26.1,86.9,100.0,13.7,98.5,5.6,Rainy Season,6.0,rain
26.8,81.7,100.0,18.4,78.1,5.6,Rainy Season,8.0,rain
28.2,77.8,100.0,15.8,80.2,5.8,Rainy Season,8.0,rain
27.8,81.2,100.0,7.9,60.8,5.0,Rainy Season,7.0,rain
27.4,80.1,100.0,8.3,69.3,4.7,Rainy Season,7.0,rain
27.5,79.0,100.0,9.0,31.7,5.0,Rainy Season,7.0,rain
26.7,80.9,100.0,9.4,57.1,5.0,Rainy Season,8.0,rain
26.8,78.0,0.0,8.6,43.3,5.0,Rainy Season,8.0,partly-cloudy-day
26.8,80.5,100.0,9.4,91.2,5.4,Rainy Season,8.0,rain
26.8,83.2,100.0,6.5,96.8,5.2,Rainy Season,6.0,rain
26.8,84.2,100.0,7.2,87.9,4.8,Rainy Season,6.0,rain
27.1,81.6,100.0,7.2,82.9,5.2,Rainy Season,6.0,rain
27.6,80.2,100.0,6.8,67.6,7.4,Rainy Season,7.0,rain
26.9,81.9,100.0,7.6,56.8,5.2,Rainy Season,7.0,rain
27.6,80.5,100.0,9.7,59.7,5.6,Rainy Season,8.0,rain
27.2,82.3,100.0,9.7,62.4,6.2,Rainy Season,7.0,rain
26.1,83.3,100.0,14.4,67.0,5.6,Rainy Season,7.0,rain
25.2,79.9,100.0,17.3,93.1,5.2,Rainy Season,5.0,rain
23.4,88.9,100.0,13.7,98.0,5.2,Rainy Season,3.0,rain
24.6,85.0,100.0,11.5,66.3,5.4,Winter,6.0,rain
24.5,80.5,0.0,7.6,13.3,6.3,Winter,7.0,clear-day
25.1,78.4,0.0,7.9,8.7,4.6,Winter,7.0,clear-day
25.8,75.0,0.0,8.3,9.3,6.5,Winter,8.0,clear-day
26.2,74.3,0.0,9.4,10.8,5.2,Winter,8.0,clear-day
26.3,73.3,0.0,9.0,2.2,6.5,Winter,8.0,clear-day
26.1,73.7,0.0,9.0,4.8,5.4,Winter,8.0,clear-day
25.7,80.9,0.0,13.0,27.3,5.0,Winter,8.0,partly-cloudy-day
25.4,80.5,100.0,9.7,1.3,4.6,Winter,8.0,rain
26.0,78.6,100.0,9.4,67.8,6.0,Winter,7.0,rain
26.6,73.0,100.0,9.4,92.9,5.4,Winter,7.0,rain
26.2,74.1,0.0,7.6,80.1,5.2,Winter,7.0,partly-cloudy-day
26.3,73.6,100.0,5.4,84.4,5.4,Winter,5.0,rain
27.4,74.3,100.0,5.4,66.6,5.4,Winter,7.0,rain
27.7,74.7,100.0,6.1,62.0,5.6,Winter,6.0,rain
26.3,72.5,100.0,9.7,21.0,5.6,Winter,8.0,rain
26.1,68.1,0.0,7.2,22.7,5.6,Winter,8.0,partly-cloudy-day
25.6,68.0,0.0,8.6,3.0,5.2,Winter,8.0,clear-day
24.6,70.8,0.0,9.4,0.0,5.6,Winter,8.0,clear-day
24.1,72.4,0.0,8.6,12.1,5.4,Winter,8.0,clear-day
24.1,70.8,0.0,10.4,12.3,4.6,Winter,8.0,clear-day
23.4,74.9,0.0,10.8,0.1,6.2,Winter,8.0,clear-day
23.6,72.4,0.0,7.6,0.1,5.2,Winter,8.0,clear-day
23.6,73.5,0.0,8.6,15.9,5.2,Winter,8.0,clear-day
23.3,69.8,0.0,9.4,0.3,6.2,Winter,8.0,clear-day
23.4,70.0,0.0,10.1,0.4,6.4,Winter,8.0,clear-day
23.7,72.4,0.0,9.4,11.9,5.6,Winter,7.0,clear-day
23.5,71.3,0.0,12.2,0.3,6.4,Winter,8.0,clear-day
23.0,69.2,0.0,9.0,8.4,6.0,Winter,8.0,clear-day
23.7,69.7,0.0,9.7,32.6,5.6,Winter,7.0,partly-cloudy-day
23.3,69.1,0.0,8.3,12.8,6.8,Winter,7.0,clear-day
24.4,67.4,0.0,7.9,62.2,5.3,Winter,7.0,partly-cloudy-day
25.3,71.6,100.0,7.9,61.6,6.2,Winter,7.0,rain
24.8,71.5,0.0,9.0,51.5,5.6,Winter,7.0,partly-cloudy-day
24.2,71.9,0.0,8.6,48.5,5.4,Winter,7.0,partly-cloudy-day
23.6,74.4,0.0,9.4,74.9,5.4,Winter,7.0,partly-cloudy-day
23.6,72.3,0.0,8.6,81.7,5.4,Winter,6.0,partly-cloudy-day
24.3,71.9,0.0,9.0,6.3,6.2,Winter,7.0,clear-day
24.5,76.2,100.0,7.6,37.9,5.6,Winter,5.0,rain
25.2,74.3,100.0,9.0,17.8,6.0,Winter,6.0,rain
23.4,77.6,100.0,8.3,42.2,5.4,Winter,6.0,rain
24.2,80.3,100.0,9.0,64.0,5.0,Winter,7.0,rain
24.3,76.9,100.0,10.1,62.5,5.6,Winter,6.0,rain
24.0,81.6,100.0,9.4,90.0,5.0,Winter,2.0,rain
24.9,75.4,0.0,9.7,53.3,6.0,Winter,6.0,partly-cloudy-day
25.6,73.6,0.0,15.1,17.1,6.0,Winter,7.0,clear-day
26.2,68.7,0.0,11.5,9.7,6.0,Winter,7.0,clear-day
25.9,68.5,100.0,8.3,17.7,6.4,Winter,7.0,rain
24.0,82.7,100.0,12.6,64.1,5.0,Winter,3.0,rain
23.2,85.5,100.0,9.4,71.8,5.8,Winter,5.0,rain
22.6,79.2,0.0,8.6,26.0,5.2,Winter,7.0,partly-cloudy-day
23.1,74.8,0.0,7.6,25.4,6.8,Winter,7.0,partly-cloudy-day
22.3,75.7,0.0,10.4,0.0,6.0,Winter,7.0,clear-day
21.5,73.9,0.0,8.3,5.4,7.4,Winter,7.0,clear-day
21.3,71.0,0.0,8.3,13.5,6.4,Winter,7.0,clear-day
21.0,69.1,0.0,10.1,13.8,6.0,Winter,7.0,clear-day
20.6,72.0,0.0,9.0,32.2,5.2,Winter,7.0,partly-cloudy-day
21.2,68.6,0.0,9.7,35.4,6.4,Winter,7.0,partly-cloudy-day
20.9,73.9,0.0,9.0,43.0,6.0,Winter,7.0,partly-cloudy-day
21.9,64.9,0.0,11.9,34.6,7.4,Winter,7.0,partly-cloudy-day
20.4,64.3,0.0,11.2,4.2,7.3,Winter,7.0,clear-day
20.2,69.1,0.0,9.4,1.4,6.4,Winter,8.0,clear-day
20.3,65.1,0.0,10.1,0.0,5.0,Winter,7.0,clear-day
20.6,64.7,0.0,7.9,6.8,6.4,Winter,8.0,clear-day
21.9,59.7,0.0,9.4,37.8,6.4,Winter,8.0,partly-cloudy-day
21.1,70.5,0.0,10.8,14.8,6.0,Winter,7.0,clear-day
21.9,68.8,0.0,11.5,11.4,6.4,Winter,7.0,clear-day
22.2,70.9,100.0,9.7,74.9,5.0,Winter,6.0,rain
19.9,92.8,100.0,8.6,89.8,3.8,Winter,1.0,rain
21.6,80.9,100.0,7.9,52.6,5.0,Winter,6.0,rain
21.6,78.7,100.0,8.6,33.0,5.3,Winter,7.0,rain
21.0,78.9,0.0,9.7,26.9,5.4,Winter,8.0,partly-cloudy-day
21.0,76.8,0.0,8.6,40.9,6.2,Winter,8.0,partly-cloudy-day
20.5,76.2,0.0,9.7,47.0,6.2,Winter,8.0,partly-cloudy-day
20.9,74.2,0.0,9.7,83.7,5.8,Winter,8.0,partly-cloudy-day
21.2,71.0,0.0,10.1,49.3,6.6,Winter,8.0,partly-cloudy-day
20.2,67.0,0.0,13.3,16.4,6.0,Winter,8.0,clear-day
20.3,67.8,0.0,9.7,3.0,6.0,Winter,8.0,clear-day
21.7,69.3,0.0,8.3,5.1,6.2,Winter,8.0,clear-day
22.5,67.8,0.0,9.4,5.4,6.2,Winter,7.0,clear-day
22.2,66.6,0.0,9.0,5.6,6.3,Winter,8.0,clear-day
21.1,68.4,0.0,9.4,0.1,6.0,Winter,8.0,clear-day
22.0,62.1,0.0,10.1,2.6,6.4,Winter,8.0,clear-day
22.2,58.4,0.0,10.4,0.0,5.2,Winter,8.0,clear-day
21.3,60.4,0.0,11.9,0.0,6.4,Winter,8.0,clear-day
21.4,60.4,0.0,10.1,26.9,6.2,Winter,8.0,partly-cloudy-day
22.2,61.7,0.0,9.7,1.8,5.6,Winter,8.0,clear-day
24.4,55.0,0.0,9.4,17.1,6.0,Winter,8.0,clear-day
24.4,58.5,0.0,8.3,17.8,5.4,Winter,8.0,clear-day
23.9,63.2,0.0,13.7,14.2,5.4,Winter,7.0,clear-day
22.6,65.9,0.0,12.2,4.4,6.0,Winter,8.0,clear-day
21.5,60.4,0.0,12.2,0.0,6.0,Winter,8.0,clear-day
21.4,61.5,0.0,11.5,0.1,6.4,Winter,8.0,clear-day
22.6,61.5,0.0,9.4,1.3,6.4,Winter,8.0,clear-day
22.7,61.1,0.0,9.4,0.0,7.0,Winter,8.0,clear-day
23.2,58.4,0.0,10.8,0.0,6.4,Winter,8.0,clear-day
22.6,56.3,0.0,10.8,0.0,6.6,Winter,9.0,clear-day
22.8,52.9,0.0,9.0,0.3,5.6,Winter,9.0,clear-day
22.9,54.5,0.0,10.1,0.0,6.0,Winter,9.0,clear-day
23.8,55.1,0.0,9.7,0.0,5.8,Winter,9.0,clear-day
24.1,56.3,0.0,9.7,0.0,5.4,Winter,8.0,clear-day
25.0,56.7,0.0,10.8,38.9,5.6,Winter,8.0,partly-cloudy-day
25.9,56.4,0.0,8.6,3.4,5.2,Winter,9.0,clear-day
25.7,59.8,0.0,9.4,4.6,5.0,Winter,9.0,clear-day
25.6,58.6,0.0,9.7,0.1,5.0,Winter,9.0,clear-day
25.7,54.5,0.0,10.1,0.0,5.0,Winter,9.0,clear-day
26.7,50.4,0.0,9.4,1.4,5.0,Winter,9.0,clear-day
26.0,50.0,0.0,15.8,1.7,5.4,Winter,9.0,clear-day
26.3,44.2,100.0,19.4,20.9,5.4,Winter,9.0,rain
24.8,49.1,0.0,14.4,7.6,5.3,Winter,8.0,clear-day
25.3,49.8,0.0,14.4,10.2,5.2,Winter,9.0,clear-day
25.3,50.7,0.0,9.7,0.0,5.2,Winter,9.0,clear-day
25.0,47.5,0.0,9.4,0.0,5.0,Winter,9.0,clear-day
25.9,48.7,0.0,8.6,0.3,5.2,Winter,9.0,clear-day
27.4,47.1,0.0,10.4,0.2,5.4,Winter,9.0,clear-day
28.6,46.4,0.0,15.1,0.6,5.4,Winter,9.0,clear-day
28.3,47.4,0.0,23.8,9.3,5.0,Winter,9.0,clear-day
25.9,49.9,100.0,18.4,13.7,5.2,Winter,9.0,rain
26.4,53.0,0.0,7.9,6.2,5.2,Winter,9.0,clear-day
26.1,54.5,0.0,9.0,7.7,6.4,Winter,9.0,clear-day
26.4,51.4,0.0,7.6,8.6,5.8,Summer,9.0,clear-day
25.9,54.0,0.0,11.5,0.0,6.0,Summer,9.0,clear-day
25.6,46.9,0.0,9.4,0.0,6.3,Summer,9.0,clear-day
27.1,41.0,0.0,15.5,8.4,5.8,Summer,9.0,clear-day
27.9,42.9,0.0,19.1,43.8,5.5,Summer,9.0,partly-cloudy-day
24.4,64.0,100.0,15.5,88.0,5.0,Summer,6.0,rain
24.6,71.0,100.0,8.6,68.1,4.8,Summer,8.0,rain
26.9,66.8,100.0,14.4,59.6,5.4,Summer,7.0,rain
25.8,59.4,100.0,11.5,21.2,5.4,Summer,7.0,rain
25.4,49.8,0.0,11.5,0.0,5.6,Summer,10.0,clear-day
26.3,41.2,0.0,11.2,0.0,5.4,Summer,10.0,clear-day
27.1,44.0,0.0,10.1,0.0,5.4,Summer,10.0,clear-day
27.6,38.9,0.0,10.1,0.2,5.0,Summer,10.0,clear-day
28.5,39.3,0.0,9.7,0.0,5.8,Summer,10.0,clear-day
29.1,43.6,0.0,9.4,1.1,5.8,Summer,10.0,clear-day
30.9,38.6,0.0,16.2,5.2,5.8,Summer,10.0,clear-day
30.3,38.9,0.0,10.1,11.2,5.3,Summer,9.0,clear-day
29.9,43.5,0.0,9.4,10.8,5.2,Summer,9.0,clear-day
30.3,41.2,0.0,12.6,16.9,5.2,Summer,9.0,clear-day
29.7,40.5,0.0,11.2,25.6,5.2,Summer,9.0,partly-cloudy-day
28.7,44.9,0.0,9.0,5.5,5.6,Summer,10.0,clear-day
29.7,37.8,0.0,13.0,0.2,6.0,Summer,10.0,clear-day
28.9,38.3,0.0,8.6,5.1,5.2,Summer,10.0,clear-day
29.5,45.3,0.0,9.4,0.3,5.2,Summer,10.0,clear-day
30.4,44.6,0.0,7.6,0.4,5.4,Summer,10.0,clear-day
31.2,41.6,0.0,16.6,2.5,5.8,Summer,10.0,clear-day
31.5,32.0,0.0,18.7,5.2,5.3,Summer,10.0,clear-day
29.3,37.2,0.0,12.2,1.1,5.4,Summer,10.0,clear-day
29.2,39.0,0.0,9.0,0.0,5.4,Summer,10.0,clear-day
29.5,43.3,0.0,13.3,2.5,5.0,Summer,10.0,clear-day
31.2,37.8,0.0,19.1,1.9,6.0,Summer,10.0,clear-day
30.4,41.6,0.0,14.8,9.5,5.2,Summer,10.0,clear-day
31.6,42.7,100.0,15.1,17.1,5.0,Summer,10.0,rain
30.2,43.9,0.0,9.4,3.0,6.0,Summer,10.0,clear-day
30.2,43.6,0.0,8.6,19.7,5.6,Summer,10.0,clear-day
31.4,41.6,0.0,13.0,13.3,5.6,Summer,10.0,clear-day
31.1,44.1,100.0,10.8,19.4,5.6,Summer,10.0,rain
31.8,43.9,100.0,15.1,21.5,5.4,Summer,10.0,rain
31.6,40.4,0.0,14.4,16.7,5.2,Summer,10.0,clear-day
30.3,48.7,100.0,8.6,14.2,6.0,Summer,9.0,rain
31.0,44.4,0.0,8.6,13.4,5.5,Summer,10.0,clear-day
31.2,43.2,0.0,8.3,7.1,5.8,Summer,10.0,clear-day
32.0,43.0,0.0,10.4,48.1,6.0,Summer,10.0,partly-cloudy-day
33.3,42.7,0.0,11.9,27.7,5.6,Summer,9.0,partly-cloudy-day
33.9,41.0,0.0,14.8,9.3,6.2,Summer,10.0,clear-day
34.2,45.6,100.0,13.0,18.6,6.2,Summer,9.0,rain
34.5,45.4,100.0,11.9,21.1,5.8,Summer,10.0,rain
33.7,49.4,100.0,12.6,22.5,5.6,Summer,9.0,rain
33.2,52.4,100.0,11.9,20.0,6.2,Summer,9.0,rain
33.2,52.5,100.0,15.1,15.9,5.6,Summer,10.0,rain
32.6,51.5,100.0,10.8,19.6,5.0,Summer,10.0,rain
32.4,48.0,0.0,11.5,18.4,5.4,Summer,10.0,clear-day
31.8,48.8,0.0,9.0,44.8,5.4,Summer,9.0,partly-cloudy-day
32.0,52.3,100.0,15.5,42.8,5.2,Summer,9.0,rain
33.4,48.7,0.0,13.7,43.8,5.0,Summer,9.0,partly-cloudy-day
33.6,43.2,0.0,10.1,7.6,5.4,Summer,10.0,clear-day
33.8,41.3,0.0,13.0,7.3,5.4,Summer,10.0,clear-day
34.6,41.8,0.0,19.1,14.2,6.0,Summer,10.0,clear-day
34.7,40.0,0.0,21.6,19.3,5.6,Summer,10.0,clear-day
34.8,43.1,0.0,19.1,10.9,5.6,Summer,10.0,clear-day
34.8,38.3,0.0,20.2,4.9,5.5,Summer,10.0,clear-day
34.6,42.4,0.0,22.7,15.8,6.2,Summer,10.0,clear-day
33.8,51.3,100.0,20.9,33.4,5.6,Summer,10.0,rain
33.6,52.9,100.0,21.6,40.6,5.6,Summer,10.0,rain
32.9,55.4,100.0,17.6,45.6,5.8,Summer,9.0,rain
34.2,50.7,100.0,25.2,52.1,5.6,Summer,10.0,rain
34.3,49.5,0.0,17.3,24.5,5.6,Summer,9.0,partly-cloudy-day
34.2,48.9,100.0,15.1,30.0,5.8,Summer,8.0,rain
34.3,46.9,0.0,15.5,16.9,5.6,Summer,9.0,clear-day
35.2,43.3,0.0,19.1,12.9,5.6,Summer,10.0,clear-day
35.7,41.5,0.0,21.2,23.7,5.5,Summer,10.0,partly-cloudy-day
35.6,46.9,100.0,22.7,29.8,5.8,Summer,10.0,rain
36.0,48.4,100.0,18.7,29.1,6.2,Summer,9.0,rain
34.2,55.7,100.0,19.4,64.6,5.6,Summer,10.0,rain
31.6,65.3,100.0,16.9,59.7,5.8,Summer,9.0,rain
30.6,66.4,100.0,15.5,59.1,5.6,Summer,9.0,rain
30.6,66.6,100.0,12.2,77.6,5.6,Summer,9.0,rain
32.6,55.8,0.0,16.6,27.4,5.6,Summer,9.0,partly-cloudy-day
34.0,52.9,0.0,17.6,13.9,5.8,Summer,9.0,clear-day
34.4,50.2,0.0,17.3,17.4,6.4,Summer,10.0,clear-day
33.4,55.2,100.0,17.6,58.3,5.8,Summer,9.0,rain
33.7,57.9,100.0,18.0,66.8,5.8,Summer,9.0,rain
32.7,60.2,100.0,19.1,78.5,5.8,Summer,9.0,rain
32.4,61.8,100.0,20.9,54.0,5.8,Summer,9.0,rain
28.9,74.6,100.0,18.0,47.1,5.4,Summer,10.0,rain
30.5,67.3,100.0,23.0,60.6,5.8,Summer,10.0,rain
32.0,63.6,100.0,19.8,32.2,5.8,Summer,9.0,rain
32.4,63.1,0.0,16.6,35.8,5.8,Summer,8.0,partly-cloudy-day
33.0,60.6,100.0,14.0,51.7,5.8,Summer,9.0,rain
32.3,62.6,100.0,19.1,86.4,5.8,Summer,9.0,rain
31.0,68.1,100.0,20.5,88.2,5.8,Summer,7.0,rain
29.9,72.6,100.0,19.4,83.7,6.2,Summer,7.0,rain
30.6,67.1,100.0,19.4,75.7,5.8,Summer,9.0,rain
28.0,79.6,100.0,17.3,86.1,5.6,Summer,8.0,rain
29.7,71.7,100.0,17.3,77.5,5.8,Summer,7.0,rain
29.8,71.2,100.0,22.0,68.1,5.8,Summer,9.0,rain
29.7,72.8,100.0,20.9,67.5,5.8,Summer,9.0,rain
29.6,72.1,100.0,20.2,87.4,6.2,Summer,8.0,rain
30.0,71.2,100.0,18.0,83.4,6.0,Summer,7.0,rain
31.1,68.5,100.0,17.6,87.0,5.8,Summer,9.0,rain
31.3,68.4,100.0,21.2,87.5,6.2,Summer,8.0,rain
31.9,66.0,100.0,19.8,70.7,6.0,Summer,8.0,rain
29.7,74.4,100.0,22.3,87.7,5.8,Summer,7.0,rain
29.3,76.4,100.0,11.9,90.3,6.0,Summer,8.0,rain
27.6,85.7,100.0,33.1,97.9,5.2,Summer,4.0,rain
27.9,80.9,100.0,27.4,97.4,5.4,Summer,6.0,rain
27.7,83.8,100.0,25.9,95.3,5.4,Summer,4.0,rain
28.6,79.3,100.0,23.8,91.5,5.8,Summer,8.0,rain
30.0,74.2,100.0,16.2,91.8,5.8,Summer,7.0,rain
29.6,74.6,100.0,16.6,92.5,6.6,Summer,6.0,rain
29.4,72.7,100.0,23.8,83.1,5.8,Summer,7.0,rain
30.2,70.8,100.0,21.6,85.8,6.2,Summer,8.0,rain
30.2,70.8,100.0,25.6,55.5,6.2,Summer,8.0,rain
31.3,68.1,100.0,18.7,47.2,6.5,Summer,7.0,rain
32.8,64.1,0.0,15.5,95.3,6.6,Summer,9.0,cloudy
33.7,61.1,0.0,16.2,88.9,6.2,Summer,9.0,partly-cloudy-day
32.0,67.3,100.0,23.0,97.5,5.8,Summer,9.0,rain
30.4,71.0,100.0,26.3,92.9,6.3,Summer,7.0,rain
30.7,69.1,100.0,24.8,89.3,6.6,Summer,7.0,rain
31.0,67.9,100.0,24.8,91.1,6.0,Summer,8.0,rain
30.4,69.0,100.0,19.8,91.7,6.8,Summer,7.0,rain
29.0,76.7,100.0,23.4,92.1,6.2,Summer,5.0,rain
28.6,76.1,100.0,26.3,89.8,6.4,Rainy Season,7.0,rain
27.6,77.1,100.0,21.6,93.6,5.8,Rainy Season,5.0,rain
29.2,74.2,100.0,22.0,89.3,6.0,Rainy Season,7.0,rain
29.1,75.1,100.0,23.0,98.1,6.0,Rainy Season,6.0,rain
28.4,77.6,100.0,29.5,94.3,6.2,Rainy Season,5.0,rain
27.7,80.3,100.0,33.1,94.3,6.0,Rainy Season,7.0,rain
27.5,81.7,100.0,29.2,96.9,6.2,Rainy Season,6.0,rain
27.7,82.4,100.0,28.8,97.7,5.6,Rainy Season,7.0,rain
27.9,79.2,100.0,24.8,97.3,5.8,Rainy Season,7.0,rain
28.1,80.0,100.0,28.4,98.3,5.8,Rainy Season,7.0,rain
27.8,82.2,100.0,28.8,98.6,5.6,Rainy Season,5.0,rain
27.5,82.7,100.0,27.4,97.8,5.8,Rainy Season,7.0,rain
27.8,79.3,100.0,28.1,96.3,6.0,Rainy Season,6.0,rain
27.8,79.6,100.0,27.0,94.8,5.8,Rainy Season,5.0,rain
28.4,77.4,100.0,23.0,90.2,6.0,Rainy Season,6.0,rain
29.1,74.8,100.0,15.5,90.5,5.8,Rainy Season,6.0,rain
29.9,74.8,100.0,12.6,76.5,6.0,Rainy Season,8.0,rain
30.6,70.5,0.0,15.5,59.3,6.0,Rainy Season,8.0,partly-cloudy-day
31.2,66.8,100.0,18.7,78.7,6.0,Rainy Season,8.0,rain
31.4,68.9,0.0,17.6,92.5,6.2,Rainy Season,8.0,cloudy
31.1,69.4,100.0,20.9,94.0,6.2,Rainy Season,8.0,rain
29.6,72.8,100.0,25.9,97.7,6.8,Rainy Season,7.0,rain
27.0,85.5,100.0,21.6,98.6,5.4,Rainy Season,5.0,rain
26.8,88.2,100.0,23.0,96.4,5.0,Rainy Season,5.0,rain
26.9,83.8,100.0,25.6,98.4,5.6,Rainy Season,4.0,rain
27.5,80.5,100.0,27.4,90.5,6.4,Rainy Season,6.0,rain
26.8,82.6,100.0,20.2,92.8,5.8,Rainy Season,4.0,rain
28.6,74.1,100.0,20.2,72.3,6.8,Rainy Season,7.0,rain
28.7,76.7,100.0,22.3,97.2,6.2,Rainy Season,7.0,rain
27.4,82.6,100.0,20.9,99.2,5.8,Rainy Season,4.0,rain
27.8,82.4,100.0,16.6,98.2,6.4,Rainy Season,4.0,rain
28.2,79.1,100.0,17.6,97.7,6.2,Rainy Season,7.0,rain
28.2,79.2,100.0,22.3,88.7,5.8,Rainy Season,6.0,rain
28.1,78.6,100.0,26.6,97.2,6.6,Rainy Season,6.0,rain
28.2,77.9,100.0,21.2,98.1,6.2,Rainy Season,4.0,rain
28.2,80.4,100.0,16.9,97.3,5.8,Rainy Season,6.0,rain
28.4,77.2,100.0,31.0,97.4,6.6,Rainy Season,6.0,rain
27.4,82.1,100.0,21.6,95.1,5.4,Rainy Season,5.0,rain
28.7,78.8,100.0,22.7,77.4,5.6,Rainy Season,7.0,rain
30.1,75.0,100.0,16.2,92.9,6.2,Rainy Season,7.0,rain
28.5,84.3,100.0,14.4,97.9,5.0,Rainy Season,5.0,rain
28.8,84.1,100.0,15.1,93.9,5.2,Rainy Season,6.0,rain
28.4,77.9,100.0,22.3,93.3,5.8,Rainy Season,6.0,rain
27.9,83.2,100.0,22.0,97.4,5.8,Rainy Season,4.0,rain
28.2,83.9,100.0,18.4,96.5,5.8,Rainy Season,6.0,rain
28.7,80.0,100.0,17.3,95.2,6.5,Rainy Season,4.0,rain
27.7,85.0,100.0,13.3,95.1,5.8,Rainy Season,5.0,rain
28.3,81.8,100.0,18.4,65.1,5.8,Rainy Season,7.0,rain
28.4,79.1,100.0,22.0,91.5,6.6,Rainy Season,7.0,rain
29.1,76.8,100.0,18.0,91.5,7.0,Rainy Season,6.0,rain
29.2,76.1,100.0,13.3,93.7,6.2,Rainy Season,7.0,rain
27.9,82.0,100.0,40.7,97.6,6.5,Rainy Season,6.0,rain
27.7,83.2,100.0,15.8,97.5,6.6,Rainy Season,5.0,rain
27.6,82.6,100.0,16.2,98.7,6.0,Rainy Season,4.0,rain
28.2,81.8,100.0,16.2,94.7,6.4,Rainy Season,6.0,rain
28.5,80.5,100.0,13.3,90.4,6.6,Rainy Season,8.0,rain
28.5,79.7,100.0,14.4,74.9,5.8,Rainy Season,8.0,rain
29.3,75.8,100.0,15.5,87.4,7.0,Rainy Season,7.0,rain
28.5,81.7,100.0,11.9,94.4,6.0,Rainy Season,7.0,rain
28.9,80.8,0.0,6.5,80.0,5.8,Rainy Season,8.0,partly-cloudy-day
29.3,79.9,100.0,9.7,83.2,6.6,Rainy Season,8.0,rain
27.6,88.8,100.0,13.3,97.3,5.4,Rainy Season,6.0,rain
27.2,84.4,100.0,14.0,97.5,5.6,Rainy Season,3.0,rain
27.3,82.6,100.0,20.9,85.6,6.0,Rainy Season,5.0,rain
27.8,80.5,100.0,17.3,81.2,6.3,Rainy Season,5.0,rain
28.8,77.8,100.0,15.5,69.2,5.8,Rainy Season,8.0,rain
28.4,78.7,100.0,18.0,92.9,6.8,Rainy Season,7.0,rain
28.2,79.9,100.0,19.8,87.9,6.0,Rainy Season,7.0,rain
28.1,79.7,100.0,24.1,90.0,5.8,Rainy Season,7.0,rain
28.1,79.6,100.0,25.2,95.8,6.8,Rainy Season,6.0,rain
28.4,78.7,100.0,25.2,97.8,6.3,Rainy Season,7.0,rain
28.2,78.6,100.0,24.1,98.5,5.5,Rainy Season,7.0,rain
26.3,85.8,100.0,22.3,99.9,5.4,Rainy Season,2.0,rain
27.1,81.1,100.0,22.7,82.7,5.4,Rainy Season,7.0,rain
28.0,78.5,100.0,16.6,79.4,6.2,Rainy Season,7.0,rain
29.8,74.3,0.0,9.0,65.2,5.8,Rainy Season,8.0,partly-cloudy-day
30.4,75.3,100.0,10.4,52.8,6.8,Rainy Season,9.0,rain
30.7,72.3,100.0,9.4,38.1,6.5,Rainy Season,9.0,rain
30.0,73.7,100.0,6.1,58.2,6.0,Rainy Season,8.0,rain
30.0,74.1,0.0,7.2,36.8,6.3,Rainy Season,9.0,partly-cloudy-day
29.1,79.0,100.0,8.6,58.9,5.6,Rainy Season,9.0,rain
29.4,76.8,100.0,6.8,78.1,6.0,Rainy Season,8.0,rain
29.7,74.4,100.0,5.8,84.5,5.5,Rainy Season,8.0,rain
28.7,78.8,100.0,8.6,92.6,6.2,Rainy Season,7.0,rain
28.3,81.0,100.0,9.0,85.5,5.8,Rainy Season,7.0,rain
28.9,75.5,100.0,9.4,79.6,6.0,Rainy Season,8.0,rain
27.8,81.7,100.0,7.9,93.6,5.6,Rainy Season,7.0,rain
26.8,86.5,100.0,9.0,90.4,5.2,Rainy Season,5.0,rain
28.4,77.6,100.0,6.1,29.2,5.5,Rainy Season,8.0,rain
29.1,71.3,0.0,7.2,26.7,5.6,Rainy Season,8.0,partly-cloudy-day
29.0,73.3,100.0,6.8,84.5,5.8,Rainy Season,8.0,rain
29.3,74.2,0.0,7.6,80.4,5.8,Rainy Season,7.0,partly-cloudy-day
29.1,75.5,100.0,13.7,78.8,6.0,Rainy Season,6.0,rain
29.9,71.2,100.0,12.6,90.5,6.2,Rainy Season,6.0,rain
29.7,72.6,100.0,10.4,37.9,5.8,Rainy Season,8.0,rain
29.2,75.5,100.0,9.7,53.0,5.8,Rainy Season,8.0,rain
28.5,75.5,100.0,10.4,79.3,5.4,Rainy Season,6.0,rain
28.7,72.3,0.0,8.3,86.4,5.6,Rainy Season,7.0,partly-cloudy-day
28.5,72.8,100.0,7.9,64.5,6.0,Rainy Season,8.0,rain
28.3,76.3,100.0,7.6,49.6,5.8,Rainy Season,8.0,rain
28.7,74.4,100.0,6.1,29.2,5.2,Rainy Season,7.0,rain
29.2,74.0,100.0,9.4,72.5,6.0,Rainy Season,7.0,rain
28.7,76.7,100.0,10.1,76.5,6.0,Rainy Season,8.0,rain
29.1,74.1,100.0,6.8,64.7,5.6,Rainy Season,7.0,rain
30.1,70.8,100.0,9.4,42.9,5.8,Rainy Season,8.0,rain
30.4,65.7,100.0,8.6,71.6,5.5,Rainy Season,7.0,rain
28.8,75.1,100.0,9.7,92.8,6.5,Rainy Season,5.0,rain
29.4,68.3,0.0,12.6,49.0,5.5,Rainy Season,8.0,partly-cloudy-day
29.9,65.0,100.0,11.2,32.2,7.0,Rainy Season,8.0,rain
29.9,68.1,100.0,10.1,37.5,6.2,Rainy Season,7.0,rain
30.8,64.6,0.0,6.8,28.2,6.0,Rainy Season,8.0,partly-cloudy-day
31.1,63.8,100.0,7.2,23.6,6.0,Rainy Season,8.0,rain
30.4,70.2,100.0,7.6,36.9,5.8,Rainy Season,8.0,rain
30.9,68.4,100.0,14.0,23.0,5.8,Rainy Season,8.0,rain
30.5,66.9,100.0,8.3,34.8,6.0,Rainy Season,7.0,rain
31.1,63.1,100.0,7.6,30.7,6.3,Rainy Season,7.0,rain
29.0,73.2,100.0,9.0,59.9,5.6,Rainy Season,7.0,rain
30.1,69.0,100.0,8.3,78.6,6.0,Rainy Season,8.0,rain
30.8,65.2,0.0,4.0,46.7,6.0,Rainy Season,8.0,partly-cloudy-day
29.8,68.6,100.0,8.6,36.2,5.4,Rainy Season,8.0,rain
29.7,66.7,100.0,10.8,27.4,5.8,Rainy Season,8.0,rain
30.3,63.8,0.0,6.5,30.5,6.0,Rainy Season,8.0,partly-cloudy-day
30.4,64.4,0.0,6.5,39.7,5.8,Rainy Season,8.0,partly-cloudy-day
30.5,62.7,100.0,6.5,44.4,6.0,Winter,7.0,rain
30.2,65.3,0.0,7.9,18.5,6.0,Winter,8.0,clear-day
30.5,61.6,0.0,7.6,17.8,5.8,Winter,7.0,clear-day
29.9,67.0,100.0,8.6,43.6,6.0,Winter,7.0,rain
28.5,73.6,100.0,8.3,45.4,5.8,Winter,6.0,rain
27.4,77.2,100.0,7.9,64.4,5.2,Winter,6.0,rain
27.7,73.7,100.0,7.6,86.7,5.3,Winter,7.0,rain
26.3,82.3,100.0,6.8,94.2,5.4,Winter,6.0,rain
27.0,81.9,100.0,9.7,74.9,5.6,Winter,6.0,rain
27.0,82.8,100.0,7.6,52.8,5.4,Winter,5.0,rain
28.1,76.9,100.0,12.6,57.0,5.4,Winter,7.0,rain
28.2,76.6,100.0,6.5,33.6,5.4,Winter,6.0,rain
27.6,79.6,0.0,13.0,25.2,5.4,Winter,7.0,partly-cloudy-day
27.6,76.0,100.0,13.0,11.6,6.3,Winter,7.0,rain
28.3,73.3,0.0,7.6,19.7,6.0,Winter,7.0,clear-day
27.7,72.3,0.0,8.6,28.8,5.4,Winter,7.0,partly-cloudy-day
27.0,68.0,0.0,7.6,11.6,5.8,Winter,7.0,clear-day
26.8,67.6,0.0,8.3,9.1,5.4,Winter,8.0,clear-day
27.4,65.0,0.0,8.6,8.3,5.4,Winter,7.0,clear-day
27.3,64.6,0.0,6.1,10.0,6.0,Winter,7.0,clear-day
26.7,66.8,0.0,8.3,15.3,5.6,Winter,8.0,clear-day
26.5,69.3,0.0,8.3,10.4,5.8,Winter,7.0,clear-day
25.7,67.6,0.0,8.6,6.8,6.0,Winter,8.0,clear-day
25.7,63.4,0.0,7.2,5.2,5.8,Winter,8.0,clear-day
25.7,64.6,0.0,9.0,3.3,5.8,Winter,7.0,clear-day
25.5,69.4,0.0,8.3,1.1,6.0,Winter,7.0,clear-day
25.6,70.7,0.0,10.4,0.1,6.0,Winter,7.0,clear-day
25.8,72.9,0.0,10.1,14.2,5.6,Winter,7.0,clear-day
26.4,70.0,0.0,7.9,4.2,6.0,Winter,7.0,clear-day
26.6,64.7,0.0,5.8,8.1,5.6,Winter,7.0,clear-day
25.4,67.6,0.0,8.6,31.2,5.8,Winter,7.0,partly-cloudy-day
25.2,70.0,0.0,6.8,31.1,5.8,Winter,7.0,partly-cloudy-day
25.4,67.1,0.0,9.4,17.2,6.0,Winter,7.0,clear-day
25.0,66.7,100.0,7.9,24.1,5.6,Winter,6.0,rain
24.1,67.6,0.0,12.2,31.6,5.8,Winter,7.0,partly-cloudy-day
23.0,63.6,0.0,10.8,20.7,6.0,Winter,7.0,partly-cloudy-day
21.5,64.5,0.0,10.1,12.2,6.0,Winter,7.0,clear-day
21.0,57.4,0.0,8.3,2.2,6.0,Winter,7.0,clear-day
20.6,59.3,0.0,9.7,1.7,5.8,Winter,7.0,clear-day
20.7,62.7,0.0,9.0,2.1,5.6,Winter,7.0,clear-day
21.0,63.3,0.0,8.6,0.6,5.6,Winter,7.0,clear-day
21.0,65.5,0.0,9.0,0.1,6.0,Winter,7.0,clear-day
20.9,70.2,0.0,9.4,0.0,5.6,Winter,7.0,clear-day
21.2,73.4,0.0,10.1,0.7,5.4,Winter,7.0,clear-day
21.1,71.1,0.0,10.4,12.1,6.0,Winter,7.0,clear-day
21.3,71.2,0.0,10.4,28.1,5.8,Winter,7.0,partly-cloudy-day
21.0,72.7,0.0,10.4,0.2,6.0,Winter,7.0,clear-day
21.4,70.2,0.0,10.1,4.1,5.2,Winter,7.0,clear-day
21.1,73.1,0.0,8.6,35.5,6.0,Winter,7.0,partly-cloudy-day
22.0,69.5,0.0,10.4,19.5,6.0,Winter,7.0,clear-day
22.2,69.0,0.0,11.2,32.1,6.0,Winter,7.0,partly-cloudy-day
22.0,69.3,0.0,7.9,23.2,6.0,Winter,7.0,partly-cloudy-day
22.3,65.2,0.0,6.8,2.9,6.4,Winter,7.0,clear-day
22.8,63.1,0.0,7.9,12.7,6.0,Winter,7.0,clear-day
21.9,67.8,0.0,7.9,0.9,6.4,Winter,7.0,clear-day
22.1,65.8,0.0,7.6,2.9,5.8,Winter,7.0,clear-day
20.0,76.3,100.0,8.6,74.3,5.2,Winter,3.0,rain
20.0,79.2,100.0,11.5,55.4,5.8,Winter,6.0,rain
20.5,73.8,0.0,13.3,29.0,5.8,Winter,7.0,partly-cloudy-day
20.6,70.5,0.0,11.5,43.4,5.8,Winter,7.0,partly-cloudy-day
21.7,66.5,0.0,11.9,23.2,5.6,Winter,7.0,partly-cloudy-day
21.6,70.4,100.0,14.0,65.6,6.2,Winter,5.0,rain
21.9,78.6,100.0,12.6,70.1,6.2,Winter,7.0,rain
22.0,80.6,100.0,11.9,92.9,6.0,Winter,5.0,rain
21.9,80.2,100.0,7.6,75.8,6.2,Winter,6.0,rain
22.2,81.6,100.0,11.5,72.6,6.2,Winter,5.0,rain
23.0,75.1,0.0,13.3,30.8,5.0,Winter,7.0,partly-cloudy-day
20.0,77.3,0.0,8.6,14.0,6.3,Winter,7.0,clear-day
21.1,76.4,0.0,9.7,0.0,5.8,Winter,8.0,clear-day
21.2,76.0,0.0,10.1,2.0,6.2,Winter,8.0,clear-day
21.6,76.5,0.0,8.6,14.3,6.3,Winter,8.0,clear-day
22.3,74.7,0.0,8.6,7.3,6.5,Winter,8.0,clear-day
21.1,71.6,0.0,11.2,2.2,6.5,Winter,8.0,clear-day
21.9,63.6,0.0,7.2,0.0,5.8,Winter,8.0,clear-day
22.6,61.4,0.0,14.4,0.0,6.0,Winter,8.0,clear-day
22.3,64.3,0.0,9.7,0.0,6.0,Winter,8.0,clear-day
22.7,62.9,0.0,10.4,0.0,6.0,Winter,8.0,clear-day
22.3,63.5,0.0,11.2,0.0,6.2,Winter,8.0,clear-day
21.9,61.8,0.0,9.4,0.0,6.2,Winter,8.0,clear-day
22.6,57.9,0.0,9.0,9.7,6.2,Winter,8.0,clear-day
21.8,61.9,0.0,10.8,12.6,6.0,Winter,8.0,clear-day
23.0,57.1,0.0,11.5,2.1,6.4,Winter,8.0,clear-day
22.7,59.1,0.0,10.4,40.9,5.6,Winter,8.0,partly-cloudy-day
21.9,59.9,0.0,9.7,19.8,6.0,Winter,8.0,clear-day
22.2,57.7,0.0,10.1,58.6,6.4,Winter,8.0,partly-cloudy-day
19.5,61.4,0.0,13.3,3.6,6.0,Winter,8.0,clear-day
18.8,56.4,0.0,9.4,0.0,6.0,Winter,8.0,clear-day
18.7,59.8,0.0,9.7,13.1,6.0,Winter,8.0,clear-day
20.3,57.1,0.0,10.4,0.0,5.6,Winter,8.0,clear-day
20.8,57.2,0.0,9.7,1.6,6.4,Winter,8.0,clear-day
22.1,55.8,0.0,8.6,7.9,6.2,Winter,8.0,clear-day
23.0,60.1,0.0,14.8,14.9,6.0,Winter,8.0,clear-day
22.3,64.0,0.0,10.4,0.3,6.4,Winter,8.0,clear-day
22.1,60.3,0.0,12.6,18.4,6.6,Winter,8.0,clear-day
21.1,55.4,0.0,10.4,0.0,5.8,Winter,8.0,clear-day
21.0,51.3,0.0,8.6,5.5,6.0,Winter,8.0,clear-day
21.3,53.2,0.0,10.4,12.8,6.4,Winter,8.0,clear-day
22.2,55.5,0.0,10.8,16.5,5.8,Winter,8.0,clear-day
22.6,57.9,0.0,10.1,27.2,6.0,Winter,8.0,partly-cloudy-day
23.3,56.0,0.0,10.4,12.6,6.6,Winter,8.0,clear-day
24.0,55.1,0.0,12.2,2.5,6.4,Winter,8.0,clear-day
23.2,58.2,0.0,11.2,0.2,6.4,Winter,8.0,clear-day
24.5,55.8,0.0,7.9,0.0,6.6,Winter,8.0,clear-day
23.8,57.4,0.0,8.6,0.7,6.4,Winter,9.0,clear-day
23.1,54.0,0.0,11.9,0.4,6.4,Winter,9.0,clear-day
22.6,47.5,0.0,17.3,2.6,6.4,Winter,9.0,clear-day
23.1,52.9,0.0,13.7,0.0,6.2,Winter,9.0,clear-day
24.1,53.0,0.0,9.7,0.0,6.5,Winter,9.0,clear-day
24.6,52.7,0.0,10.4,0.0,6.2,Winter,9.0,clear-day
25.4,51.3,0.0,18.7,0.0,6.4,Winter,9.0,clear-day
25.3,43.7,0.0,17.3,21.3,6.4,Winter,9.0,partly-cloudy-day
24.7,46.3,0.0,11.2,0.7,6.8,Winter,9.0,clear-day
25.6,43.3,0.0,10.4,0.1,6.4,Winter,9.0,clear-day
26.5,43.4,0.0,9.7,4.2,6.4,Winter,9.0,clear-day
26.4,52.4,0.0,10.1,35.2,5.8,Winter,8.0,partly-cloudy-day
26.5,50.2,0.0,10.4,25.6,6.0,Winter,9.0,partly-cloudy-day
25.6,50.3,0.0,9.7,47.4,6.2,Winter,9.0,partly-cloudy-day
26.1,49.9,0.0,11.9,69.1,6.0,Winter,9.0,partly-cloudy-day
25.0,54.0,0.0,12.6,37.5,6.2,Winter,9.0,partly-cloudy-day
25.3,54.0,0.0,9.0,9.7,6.4,Winter,9.0,clear-day
25.7,49.1,0.0,9.0,1.3,6.6,Winter,9.0,clear-day
26.3,48.7,0.0,10.1,0.2,6.4,Summer,9.0,clear-day
26.5,47.8,0.0,13.0,17.9,6.3,Summer,9.0,clear-day
28.0,36.6,0.0,16.9,51.0,6.2,Summer,9.0,partly-cloudy-day
26.3,42.9,0.0,9.4,0.5,6.2,Summer,9.0,clear-day
26.6,44.6,0.0,9.4,7.7,6.2,Summer,9.0,clear-day
28.0,44.9,0.0,12.2,9.8,6.0,Summer,9.0,clear-day
28.2,44.7,0.0,7.9,4.7,6.3,Summer,9.0,clear-day
28.2,45.1,0.0,8.3,14.5,6.4,Summer,9.0,clear-day
27.5,44.0,0.0,8.6,0.1,6.0,Summer,9.0,clear-day
27.9,40.2,0.0,9.7,0.0,6.6,Summer,10.0,clear-day
27.6,45.5,0.0,9.7,0.0,6.2,Summer,10.0,clear-day
29.4,46.7,0.0,10.8,0.4,6.2,Summer,10.0,clear-day
29.4,48.0,0.0,9.7,1.2,6.7,Summer,10.0,clear-day
30.7,43.8,0.0,9.0,42.8,6.0,Summer,9.0,partly-cloudy-day
30.3,46.8,0.0,8.6,80.1,6.0,Summer,9.0,partly-cloudy-day
31.1,41.8,0.0,16.6,44.8,6.4,Summer,10.0,partly-cloudy-day
29.9,43.1,0.0,11.9,6.7,6.2,Summer,10.0,clear-day
29.0,46.1,0.0,9.0,0.2,6.2,Summer,10.0,clear-day
28.7,43.4,0.0,9.4,27.8,6.4,Summer,10.0,partly-cloudy-day
28.8,45.2,0.0,11.9,11.1,6.2,Summer,10.0,clear-day
29.1,40.1,0.0,18.7,34.2,6.0,Summer,9.0,partly-cloudy-day
28.0,45.6,100.0,9.0,15.7,6.0,Summer,10.0,rain
28.3,43.7,0.0,9.7,5.9,6.2,Summer,10.0,clear-day
28.0,43.3,0.0,8.6,13.9,6.0,Summer,10.0,clear-day
28.5,40.8,0.0,9.0,0.0,6.4,Summer,10.0,clear-day
29.8,38.9,0.0,14.8,0.2,6.0,Summer,10.0,clear-day
30.8,39.1,0.0,16.2,0.0,6.0,Summer,10.0,clear-day
31.7,41.6,0.0,13.3,1.9,6.0,Summer,10.0,clear-day
32.8,44.1,0.0,20.5,1.8,6.0,Summer,10.0,clear-day
32.8,47.1,0.0,19.1,1.5,6.0,Summer,10.0,clear-day
32.6,48.7,0.0,12.2,0.6,6.0,Summer,10.0,clear-day
32.4,47.3,0.0,18.0,6.6,6.0,Summer,10.0,clear-day
31.7,42.7,0.0,19.1,0.0,6.0,Summer,10.0,clear-day
32.3,35.3,0.0,16.2,4.3,6.0,Summer,10.0,clear-day
32.1,41.2,0.0,13.0,16.9,6.0,Summer,9.0,clear-day
31.7,40.4,0.0,8.6,9.7,6.0,Summer,10.0,clear-day
32.0,37.3,0.0,9.4,7.7,6.3,Summer,9.0,clear-day
31.6,40.2,0.0,12.2,37.9,6.2,Summer,9.0,partly-cloudy-day
30.8,43.3,0.0,8.3,82.6,6.2,Summer,9.0,partly-cloudy-day
32.1,42.0,100.0,14.0,32.1,6.0,Summer,9.0,rain
32.7,43.8,0.0,16.9,30.9,6.2,Summer,9.0,partly-cloudy-day
32.1,43.9,0.0,9.4,76.8,6.4,Summer,9.0,partly-cloudy-day
32.4,42.2,0.0,8.6,43.3,6.4,Summer,9.0,partly-cloudy-day
32.3,39.5,0.0,10.1,32.9,6.4,Summer,9.0,partly-cloudy-day
32.8,40.2,0.0,14.0,35.8,6.4,Summer,10.0,partly-cloudy-day
34.0,37.9,0.0,17.3,5.3,6.4,Summer,10.0,clear-day
32.8,38.0,0.0,20.2,9.8,6.4,Summer,10.0,clear-day
32.0,47.4,100.0,19.1,28.6,6.4,Summer,10.0,rain
32.6,43.4,0.0,11.9,13.1,6.4,Summer,10.0,clear-day
33.2,38.8,0.0,13.3,8.1,6.4,Summer,10.0,clear-day
33.9,40.3,0.0,15.5,25.1,6.0,Summer,10.0,partly-cloudy-day
34.5,36.6,0.0,14.8,21.3,6.2,Summer,10.0,partly-cloudy-day
32.7,40.7,0.0,10.4,39.0,6.4,Summer,10.0,partly-cloudy-day
31.9,46.1,100.0,8.3,31.7,6.0,Summer,10.0,rain
32.4,42.9,0.0,13.3,67.4,6.0,Summer,9.0,partly-cloudy-day
30.2,53.1,100.0,13.3,69.0,6.0,Summer,8.0,rain
29.7,57.8,100.0,11.2,57.6,6.4,Summer,8.0,rain
28.0,66.9,100.0,9.0,74.1,6.2,Summer,9.0,rain
27.2,74.7,100.0,7.9,79.1,6.0,Summer,8.0,rain
27.9,73.5,100.0,10.8,73.7,5.8,Summer,9.0,rain
28.0,76.2,100.0,14.8,49.8,6.4,Summer,8.0,rain
28.3,75.9,100.0,7.9,44.5,6.2,Summer,8.0,rain
29.2,72.3,100.0,11.9,33.3,6.4,Summer,9.0,rain
30.2,64.1,100.0,17.6,30.0,6.4,Summer,9.0,rain
31.3,58.8,0.0,12.2,20.2,6.6,Summer,10.0,partly-cloudy-day
32.1,56.8,0.0,11.5,7.0,6.8,Summer,9.0,clear-day
33.1,55.8,0.0,13.0,16.1,6.8,Summer,9.0,clear-day
33.0,53.5,0.0,8.3,4.7,6.8,Summer,10.0,clear-day
34.0,49.7,0.0,9.4,8.9,6.8,Summer,10.0,clear-day
33.5,49.2,0.0,11.2,9.7,6.6,Summer,9.0,clear-day
33.1,53.4,0.0,18.0,25.5,6.2,Summer,8.0,partly-cloudy-day
31.5,64.1,100.0,18.4,55.3,6.2,Summer,9.0,rain
33.0,56.9,0.0,19.1,53.9,6.2,Summer,10.0,partly-cloudy-day
33.4,49.5,0.0,19.4,58.4,6.4,Summer,10.0,partly-cloudy-day
33.8,49.6,0.0,19.8,14.6,6.8,Summer,10.0,clear-day
34.0,47.0,0.0,15.1,29.7,6.6,Summer,10.0,partly-cloudy-day
34.9,43.1,0.0,17.6,18.5,6.2,Summer,10.0,clear-day
35.4,42.5,0.0,15.8,55.2,6.4,Summer,10.0,partly-cloudy-day
33.7,56.2,100.0,25.6,60.1,6.6,Summer,8.0,rain
30.7,68.4,100.0,19.8,80.4,5.8,Summer,9.0,rain
30.2,69.0,100.0,25.2,76.7,5.8,Summer,8.0,rain
28.9,75.6,100.0,26.3,95.8,5.8,Summer,8.0,rain
31.2,65.6,100.0,22.7,87.8,6.2,Summer,9.0,rain
32.4,61.6,100.0,19.1,72.3,6.0,Summer,10.0,rain
33.8,53.3,0.0,20.2,35.5,6.0,Summer,9.0,partly-cloudy-day
34.1,51.6,0.0,25.9,26.5,6.0,Summer,10.0,partly-cloudy-day
33.7,50.8,0.0,25.9,7.6,6.0,Summer,10.0,clear-day
31.6,61.3,100.0,24.1,41.7,5.4,Summer,9.0,rain
28.1,73.2,100.0,17.6,63.0,5.4,Summer,8.0,rain
28.6,76.5,100.0,16.6,77.5,6.2,Summer,7.0,rain
28.7,77.5,100.0,16.2,78.6,6.8,Summer,6.0,rain
29.2,75.5,100.0,16.2,56.5,6.8,Summer,8.0,rain
30.0,72.8,100.0,17.3,52.5,6.0,Summer,8.0,rain
30.8,69.3,100.0,18.7,55.0,6.4,Summer,9.0,rain
30.7,69.2,100.0,18.7,77.8,6.6,Summer,9.0,rain
30.8,71.1,100.0,18.0,91.8,6.4,Summer,9.0,rain
30.5,68.7,0.0,16.2,96.3,6.4,Summer,8.0,cloudy
31.0,66.1,100.0,18.0,79.8,6.6,Summer,9.0,rain
30.4,68.8,0.0,17.3,96.1,6.4,Summer,8.0,cloudy
30.3,69.9,100.0,17.6,93.3,7.0,Summer,6.0,rain
30.5,67.1,0.0,13.0,90.8,6.6,Summer,6.0,cloudy
31.1,64.3,0.0,19.4,94.0,6.8,Summer,8.0,cloudy
29.9,69.0,100.0,23.4,96.5,6.4,Summer,7.0,rain
30.5,68.1,100.0,22.7,94.2,6.4,Summer,8.0,rain
30.9,68.6,100.0,20.2,87.5,6.0,Summer,8.0,rain
31.5,68.3,100.0,19.4,79.6,6.2,Summer,8.0,rain
30.3,72.3,100.0,22.3,88.6,6.8,Summer,8.0,rain
29.6,70.7,100.0,28.1,93.8,6.0,Summer,7.0,rain
28.7,75.8,100.0,25.6,98.1,6.2,Summer,6.0,rain
29.1,74.2,100.0,24.1,98.2,6.4,Summer,3.0,rain
29.6,72.3,100.0,23.0,89.6,6.6,Summer,7.0,rain
29.8,68.7,100.0,24.1,84.4,6.5,Summer,8.0,rain
30.4,66.9,100.0,23.0,74.6,6.4,Summer,7.0,rain
31.3,64.6,0.0,20.9,59.7,6.6,Summer,8.0,partly-cloudy-day
31.8,65.0,100.0,20.5,84.1,6.2,Summer,8.0,rain
31.7,64.9,100.0,20.2,92.7,6.6,Summer,9.0,rain
30.8,69.2,100.0,20.9,93.9,6.4,Summer,7.0,rain
29.2,76.5,100.0,24.1,97.5,7.2,Summer,5.0,rain
30.1,71.3,100.0,23.4,89.1,7.0,Summer,7.0,rain
30.4,68.1,100.0,21.2,84.9,7.4,Summer,7.0,rain
30.9,66.9,100.0,20.5,74.3,7.2,Summer,7.0,rain
32.0,62.7,0.0,19.4,80.8,7.4,Summer,8.0,partly-cloudy-day
30.5,71.4,100.0,22.0,96.5,7.2,Rainy Season,6.0,rain
30.1,72.4,100.0,21.2,96.0,7.2,Rainy Season,6.0,rain
29.8,72.9,100.0,18.4,97.2,7.0,Rainy Season,8.0,rain
29.2,75.7,100.0,25.9,97.2,6.6,Rainy Season,5.0,rain
28.8,75.2,100.0,26.6,94.2,6.4,Rainy Season,7.0,rain
30.0,68.7,100.0,25.9,90.0,7.0,Rainy Season,8.0,rain
31.0,65.9,100.0,19.8,94.7,6.8,Rainy Season,7.0,rain
31.2,66.8,100.0,19.4,93.5,6.5,Rainy Season,8.0,rain
30.9,67.9,100.0,23.8,96.4,7.0,Rainy Season,8.0,rain
30.2,69.0,100.0,26.3,97.1,6.8,Rainy Season,5.0,rain
30.4,69.8,0.0,26.6,93.8,7.4,Rainy Season,6.0,cloudy
30.7,68.4,100.0,25.6,92.7,7.0,Rainy Season,8.0,rain
28.5,76.6,100.0,25.9,97.9,6.6,Rainy Season,2.0,rain
29.9,67.7,100.0,23.0,84.2,7.2,Rainy Season,7.0,rain
30.7,65.4,0.0,18.7,58.9,7.0,Rainy Season,6.0,partly-cloudy-day
31.7,63.0,100.0,18.7,78.7,6.8,Rainy Season,8.0,rain
31.6,64.7,100.0,19.8,91.8,7.0,Rainy Season,8.0,rain
30.5,68.3,100.0,26.3,98.5,6.4,Rainy Season,6.0,rain
29.2,75.3,100.0,21.6,97.7,6.2,Rainy Season,5.0,rain
28.6,77.4,100.0,18.4,98.8,6.4,Rainy Season,3.0,rain
28.2,79.6,100.0,21.6,99.2,6.4,Rainy Season,3.0,rain
29.5,73.2,100.0,23.0,93.5,7.0,Rainy Season,7.0,rain
29.4,74.2,100.0,21.2,82.7,7.0,Rainy Season,8.0,rain
30.8,69.7,100.0,15.1,59.7,7.0,Rainy Season,8.0,rain
32.7,64.4,100.0,11.5,33.9,7.0,Rainy Season,9.0,rain
32.1,66.4,0.0,11.5,92.9,6.6,Rainy Season,8.0,cloudy
30.7,73.0,100.0,14.4,98.4,5.8,Rainy Season,8.0,rain
29.6,73.7,100.0,18.4,92.9,6.2,Rainy Season,6.0,rain
29.6,73.9,100.0,22.0,82.9,6.6,Rainy Season,7.0,rain
30.4,68.1,100.0,23.4,78.1,6.4,Rainy Season,8.0,rain
31.6,64.1,0.0,14.4,90.4,7.0,Rainy Season,8.0,cloudy
31.5,67.9,100.0,13.7,95.0,6.6,Rainy Season,8.0,rain
31.4,69.9,100.0,14.8,94.7,6.6,Rainy Season,9.0,rain
27.4,88.0,100.0,13.3,100.0,4.6,Rainy Season,3.0,rain
28.7,79.4,100.0,23.0,97.2,6.6,Rainy Season,7.0,rain
29.4,74.0,100.0,28.8,93.0,6.6,Rainy Season,7.0,rain
29.2,77.3,100.0,20.5,94.9,6.6,Rainy Season,5.0,rain
28.7,80.8,100.0,19.4,98.6,6.2,Rainy Season,4.0,rain
29.2,75.7,100.0,20.9,96.6,6.4,Rainy Season,6.0,rain
30.0,72.0,100.0,23.4,97.0,6.6,Rainy Season,6.0,rain
30.1,71.1,100.0,24.1,96.6,6.6,Rainy Season,8.0,rain
29.4,75.9,100.0,24.5,95.5,6.8,Rainy Season,7.0,rain
30.0,71.7,100.0,22.3,91.0,6.6,Rainy Season,8.0,rain
30.3,69.8,100.0,18.0,97.8,6.4,Rainy Season,7.0,rain
28.4,77.0,100.0,28.1,98.2,6.2,Rainy Season,5.0,rain
27.6,79.8,100.0,27.0,98.0,6.5,Rainy Season,5.0,rain
28.2,77.0,100.0,25.6,98.6,6.6,Rainy Season,6.0,rain
27.6,79.3,100.0,26.6,98.5,6.0,Rainy Season,4.0,rain
26.5,81.8,100.0,24.1,99.9,6.0,Rainy Season,3.0,rain
26.7,81.5,100.0,27.0,99.5,6.0,Rainy Season,5.0,rain
28.2,77.0,100.0,18.7,90.9,6.6,Rainy Season,6.0,rain
28.7,78.8,100.0,16.6,85.8,6.4,Rainy Season,7.0,rain
28.4,81.7,100.0,11.5,96.8,5.8,Rainy Season,7.0,rain
27.9,84.6,100.0,16.2,99.6,6.0,Rainy Season,6.0,rain
26.6,86.5,100.0,22.3,99.5,6.2,Rainy Season,3.0,rain
27.0,81.3,100.0,21.2,97.3,6.4,Rainy Season,2.0,rain
27.8,79.0,100.0,20.9,79.8,5.8,Rainy Season,6.0,rain
28.4,79.7,100.0,17.6,63.3,6.0,Rainy Season,7.0,rain
29.6,75.5,100.0,17.3,54.1,6.6,Rainy Season,6.0,rain
30.1,74.3,100.0,18.7,89.3,6.8,Rainy Season,7.0,rain
29.8,75.1,100.0,15.5,95.8,6.4,Rainy Season,7.0,rain
28.4,81.1,100.0,14.4,99.5,5.8,Rainy Season,5.0,rain
28.4,79.1,100.0,6.8,80.6,6.2,Rainy Season,4.0,rain
29.1,76.9,100.0,6.1,31.7,6.0,Rainy Season,8.0,rain
30.4,74.2,100.0,6.8,52.9,6.2,Rainy Season,9.0,rain
31.4,71.6,0.0,11.9,82.0,6.6,Rainy Season,9.0,partly-cloudy-day
30.8,75.2,100.0,15.5,80.6,6.2,Rainy Season,8.0,rain
30.3,73.8,100.0,18.4,89.8,6.6,Rainy Season,9.0,rain
30.1,74.9,100.0,16.6,92.3,6.8,Rainy Season,7.0,rain
29.6,76.0,100.0,15.5,95.5,6.6,Rainy Season,5.0,rain
28.6,78.3,100.0,16.6,96.8,6.4,Rainy Season,3.0,rain
29.4,71.4,0.0,21.6,90.9,6.8,Rainy Season,7.0,cloudy
30.3,69.3,100.0,18.0,87.7,7.0,Rainy Season,8.0,rain
30.7,71.6,100.0,15.5,92.5,6.2,Rainy Season,7.0,rain
30.5,71.6,100.0,14.8,96.2,6.6,Rainy Season,6.0,rain
30.1,71.5,100.0,14.8,91.9,7.0,Rainy Season,6.0,rain
30.2,70.5,100.0,20.2,89.7,6.4,Rainy Season,7.0,rain
30.3,71.1,100.0,22.0,93.9,7.0,Rainy Season,7.0,rain
30.5,73.7,100.0,16.9,86.5,6.6,Rainy Season,8.0,rain
30.2,75.3,100.0,9.0,95.3,6.2,Rainy Season,7.0,rain
31.2,71.9,0.0,12.6,77.5,6.6,Rainy Season,8.0,partly-cloudy-day
29.4,77.6,100.0,19.8,84.9,6.6,Rainy Season,7.0,rain
28.2,77.8,100.0,25.2,91.1,6.2,Rainy Season,7.0,rain
28.7,77.9,100.0,23.8,95.0,6.8,Rainy Season,6.0,rain
28.6,78.7,100.0,19.4,96.5,7.0,Rainy Season,6.0,rain
28.9,75.8,100.0,20.2,98.2,6.6,Rainy Season,5.0,rain
29.2,73.2,100.0,22.7,90.5,6.6,Rainy Season,5.0,rain
29.5,71.5,100.0,22.3,89.6,6.6,Rainy Season,6.0,rain
29.9,68.1,0.0,18.0,89.7,6.8,Rainy Season,6.0,partly-cloudy-day
30.9,67.9,0.0,9.7,79.3,6.8,Rainy Season,7.0,partly-cloudy-day
29.7,75.2,100.0,8.3,80.1,6.2,Rainy Season,7.0,rain
29.6,74.9,100.0,11.5,85.1,6.4,Rainy Season,7.0,rain
29.5,72.5,0.0,12.6,80.3,6.6,Rainy Season,7.0,partly-cloudy-day
29.9,70.9,0.0,13.7,76.6,6.4,Rainy Season,7.0,partly-cloudy-day
30.5,69.1,0.0,10.4,90.8,6.6,Rainy Season,7.0,cloudy
29.6,74.3,100.0,13.7,91.3,6.4,Rainy Season,7.0,rain
29.3,72.6,0.0,16.9,91.0,6.6,Rainy Season,6.0,cloudy
29.9,70.0,100.0,14.8,85.8,6.4,Rainy Season,7.0,rain
30.9,67.9,0.0,9.4,70.2,6.6,Rainy Season,7.0,partly-cloudy-day
31.9,64.0,0.0,13.3,43.5,6.4,Rainy Season,8.0,partly-cloudy-day
32.0,63.4,0.0,8.6,48.2,6.4,Rainy Season,9.0,partly-cloudy-day
32.1,60.3,0.0,8.6,25.0,6.4,Rainy Season,9.0,partly-cloudy-day
32.1,59.8,100.0,7.6,33.4,6.8,Rainy Season,8.0,rain
32.0,61.7,100.0,9.4,26.6,6.6,Rainy Season,8.0,rain
31.7,63.1,100.0,12.2,25.6,6.6,Rainy Season,8.0,rain
31.3,64.4,100.0,11.2,30.3,6.2,Rainy Season,8.0,rain
31.8,63.0,0.0,9.0,50.6,6.6,Rainy Season,8.0,partly-cloudy-day
31.1,66.4,100.0,10.1,64.7,6.4,Rainy Season,7.0,rain
30.5,66.0,100.0,11.2,77.7,6.2,Rainy Season,5.0,rain
29.7,72.4,100.0,6.8,94.5,6.4,Rainy Season,3.0,rain
30.6,63.1,100.0,7.9,88.0,6.6,Rainy Season,7.0,rain
29.9,66.6,100.0,8.3,86.4,6.8,Rainy Season,7.0,rain
29.6,67.6,100.0,5.4,89.7,6.6,Rainy Season,4.0,rain
28.9,73.6,100.0,6.1,93.4,6.2,Rainy Season,7.0,rain
28.7,74.3,100.0,13.7,87.0,6.4,Rainy Season,6.0,rain
28.7,72.1,0.0,20.2,94.4,6.6,Rainy Season,7.0,cloudy
29.7,68.9,0.0,10.8,67.3,6.4,Rainy Season,7.0,partly-cloudy-day
29.8,68.2,0.0,10.4,51.4,6.0,Rainy Season,6.0,partly-cloudy-day
29.7,68.8,100.0,8.3,56.7,6.4,Rainy Season,8.0,rain
29.4,70.7,100.0,7.2,83.5,6.2,Rainy Season,7.0,rain
30.2,68.3,100.0,14.0,78.1,6.4,Rainy Season,7.0,rain
28.9,75.5,100.0,10.4,82.9,5.8,Rainy Season,5.0,rain
28.3,76.7,100.0,6.1,79.7,6.2,Rainy Season,5.0,rain
27.8,81.1,100.0,7.2,88.6,5.8,Winter,6.0,rain
27.2,85.1,100.0,6.1,96.0,5.6,Winter,4.0,rain
28.9,74.5,100.0,6.1,60.0,5.8,Winter,7.0,rain
28.2,79.7,100.0,12.6,58.0,6.0,Winter,7.0,rain
27.3,76.7,100.0,11.5,36.3,6.0,Winter,7.0,rain
27.9,75.6,0.0,12.6,11.2,5.8,Winter,7.0,clear-day
27.5,74.7,0.0,10.8,15.6,5.6,Winter,7.0,clear-day
27.4,74.9,100.0,11.5,15.2,5.8,Winter,7.0,rain
27.2,74.3,0.0,10.8,21.1,6.4,Winter,8.0,partly-cloudy-day
27.4,73.2,0.0,12.2,19.5,6.6,Winter,8.0,clear-day
27.4,71.3,0.0,11.9,13.1,6.8,Winter,8.0,clear-day
27.4,66.6,0.0,10.1,2.8,6.4,Winter,8.0,clear-day
27.1,69.1,0.0,11.5,2.2,7.0,Winter,8.0,clear-day
27.0,71.7,0.0,11.9,5.3,5.6,Winter,8.0,clear-day
27.8,69.4,0.0,11.5,6.8,6.8,Winter,8.0,clear-day
27.1,69.0,0.0,12.2,8.6,6.8,Winter,8.0,clear-day
27.7,64.5,0.0,9.7,2.9,6.4,Winter,8.0,clear-day
27.6,63.8,0.0,7.6,13.8,6.2,Winter,7.0,clear-day
25.8,62.0,0.0,12.6,2.9,6.8,Winter,8.0,clear-day
24.7,58.0,0.0,11.2,1.3,6.8,Winter,8.0,clear-day
24.4,61.1,0.0,9.7,11.2,6.8,Winter,8.0,clear-day
25.6,55.9,0.0,7.9,1.4,6.0,Winter,8.0,clear-day
25.4,61.1,0.0,8.3,35.3,6.2,Winter,8.0,partly-cloudy-day
25.0,71.4,0.0,9.0,53.9,5.8,Winter,7.0,partly-cloudy-day
25.2,68.1,0.0,13.3,42.5,6.8,Winter,8.0,partly-cloudy-day
24.9,68.4,0.0,11.5,10.2,6.4,Winter,8.0,clear-day
24.8,64.5,0.0,12.6,5.3,6.6,Winter,7.0,clear-day
24.6,65.7,0.0,10.4,2.0,6.8,Winter,7.0,clear-day
25.1,64.2,0.0,11.9,7.0,6.6,Winter,7.0,clear-day
25.6,65.5,0.0,9.0,2.4,6.4,Winter,7.0,clear-day
25.7,68.9,0.0,9.0,5.9,6.8,Winter,7.0,clear-day
25.8,65.7,0.0,9.0,20.4,6.6,Winter,7.0,partly-cloudy-day
25.1,69.2,0.0,9.4,13.5,5.8,Winter,7.0,clear-day
25.0,66.4,0.0,9.4,8.2,6.0,Winter,7.0,clear-day
25.1,64.8,0.0,10.8,10.9,6.0,Winter,6.0,clear-day
24.7,66.9,0.0,9.4,9.6,6.2,Winter,7.0,clear-day
23.6,67.2,0.0,7.6,9.9,6.0,Winter,7.0,clear-day
22.9,66.1,0.0,9.7,6.4,6.0,Winter,7.0,clear-day
22.9,64.2,0.0,7.9,0.2,5.8,Winter,7.0,clear-day
23.5,61.1,0.0,7.6,0.8,5.4,Winter,7.0,clear-day
23.4,64.8,0.0,9.7,0.0,5.8,Winter,7.0,clear-day
23.5,63.6,0.0,7.9,0.0,5.8,Winter,7.0,clear-day
22.9,66.9,0.0,9.7,0.0,5.6,Winter,7.0,clear-day
23.3,68.6,0.0,9.7,0.0,5.8,Winter,7.0,clear-day
24.3,69.8,0.0,9.4,0.1,5.8,Winter,7.0,clear-day
24.4,71.1,0.0,10.1,0.3,5.8,Winter,7.0,clear-day
24.6,68.8,0.0,8.6,4.5,6.2,Winter,7.0,clear-day
24.6,66.8,0.0,8.3,2.5,6.2,Winter,7.0,clear-day
23.5,67.0,0.0,9.4,0.4,6.0,Winter,7.0,clear-day
22.5,65.3,0.0,9.0,2.0,6.2,Winter,7.0,clear-day
22.3,64.7,0.0,9.4,13.1,6.4,Winter,6.0,clear-day
22.7,65.0,0.0,8.3,13.6,8.6,Winter,7.0,clear-day
22.1,66.2,0.0,9.4,0.2,6.2,Winter,7.0,clear-day
21.9,67.4,0.0,9.7,1.6,6.2,Winter,7.0,clear-day
21.9,68.9,0.0,7.6,0.0,6.2,Winter,7.0,clear-day
22.5,67.2,0.0,9.4,3.8,5.6,Winter,7.0,clear-day
21.9,69.5,0.0,9.7,0.0,6.6,Winter,7.0,clear-day
22.0,65.5,0.0,8.3,0.0,6.6,Winter,8.0,clear-day
21.5,66.0,0.0,10.4,0.0,6.6,Winter,8.0,clear-day
21.5,69.9,0.0,10.8,18.1,6.6,Winter,8.0,clear-day
21.7,69.9,0.0,9.7,0.1,6.4,Winter,7.0,clear-day
22.6,70.3,0.0,9.4,28.5,6.9,Winter,7.0,partly-cloudy-day
22.1,73.1,0.0,9.7,26.1,6.6,Winter,7.0,partly-cloudy-day
22.3,70.0,0.0,10.1,1.0,6.4,Winter,7.0,clear-day
22.6,70.3,0.0,9.7,0.1,6.4,Winter,7.0,clear-day
22.6,69.5,0.0,9.7,9.0,6.6,Winter,8.0,clear-day
23.7,66.6,0.0,8.3,4.9,6.4,Winter,8.0,clear-day
24.5,64.2,0.0,7.6,26.5,6.4,Winter,7.0,partly-cloudy-day
25.3,59.4,0.0,9.4,1.6,6.6,Winter,7.0,clear-day
26.3,66.8,0.0,10.8,9.4,6.4,Winter,7.0,clear-day
27.1,64.2,0.0,18.0,8.4,6.4,Winter,7.0,clear-day
26.4,62.8,0.0,15.1,19.5,6.6,Winter,7.0,clear-day
26.0,68.7,100.0,14.0,33.8,5.8,Winter,7.0,rain
25.5,63.4,100.0,18.0,30.3,6.0,Winter,7.0,rain
24.0,62.3,100.0,11.2,23.9,6.0,Winter,7.0,rain
22.9,60.4,0.0,9.4,2.3,5.6,Winter,8.0,clear-day
22.4,61.7,0.0,10.8,0.2,5.8,Winter,8.0,clear-day
23.0,59.9,0.0,8.6,1.4,5.6,Winter,8.0,clear-day
23.0,63.3,0.0,11.2,10.9,5.4,Winter,8.0,clear-day
24.4,62.2,0.0,22.0,31.1,5.4,Winter,6.0,partly-cloudy-day
24.2,60.6,0.0,15.5,5.1,5.6,Winter,8.0,clear-day
24.2,58.2,0.0,14.4,18.4,5.2,Winter,8.0,clear-day
23.1,60.9,0.0,9.0,7.8,5.4,Winter,8.0,clear-day
22.2,65.5,0.0,9.7,38.3,5.8,Winter,8.0,partly-cloudy-day
22.9,62.5,0.0,10.1,32.8,5.4,Winter,8.0,partly-cloudy-day
23.2,60.7,0.0,7.2,34.7,5.2,Winter,8.0,partly-cloudy-day
23.3,62.6,0.0,9.0,19.1,5.2,Winter,8.0,clear-day
23.7,62.8,0.0,9.0,48.8,5.4,Winter,8.0,partly-cloudy-day
23.6,62.6,0.0,10.1,31.1,5.2,Winter,8.0,partly-cloudy-day
23.8,61.8,0.0,9.7,0.7,5.8,Winter,8.0,clear-day
24.7,59.2,0.0,12.2,25.8,5.8,Winter,8.0,partly-cloudy-day
25.1,57.1,0.0,15.8,20.0,5.4,Winter,8.0,clear-day
23.5,49.6,0.0,10.8,0.2,5.0,Winter,8.0,clear-day
22.7,48.5,0.0,9.0,0.0,5.4,Winter,8.0,clear-day
22.7,48.6,0.0,10.1,0.0,5.4,Winter,9.0,clear-day
22.9,51.7,0.0,10.1,0.0,5.2,Winter,9.0,clear-day
24.1,53.4,0.0,8.6,0.1,5.2,Winter,8.0,clear-day
24.6,52.8,0.0,8.3,33.8,6.0,Winter,7.0,partly-cloudy-day
25.0,60.7,100.0,9.0,46.8,5.0,Winter,8.0,rain
23.6,58.8,100.0,10.1,16.9,5.2,Winter,8.0,rain
22.2,53.9,0.0,13.7,0.1,5.3,Winter,8.0,clear-day
23.4,49.5,0.0,10.1,0.0,5.3,Winter,9.0,clear-day
24.0,49.9,0.0,10.8,0.0,5.0,Winter,9.0,clear-day
24.8,50.4,0.0,10.8,57.8,6.4,Winter,9.0,partly-cloudy-day
24.8,54.4,0.0,10.1,25.2,6.0,Winter,9.0,partly-cloudy-day
24.9,52.1,0.0,13.0,0.0,5.4,Winter,9.0,clear-day
25.4,45.4,0.0,12.6,4.0,5.0,Winter,9.0,clear-day
24.9,48.9,0.0,10.1,0.1,5.3,Winter,9.0,clear-day
26.5,43.6,0.0,10.1,0.0,5.5,Winter,9.0,clear-day
27.7,45.9,0.0,9.4,19.0,5.0,Winter,7.0,clear-day
28.1,56.5,100.0,14.4,65.5,5.3,Winter,7.0,rain
26.7,65.2,100.0,9.7,92.8,6.4,Winter,5.0,rain
26.8,60.6,100.0,16.2,34.1,5.0,Winter,8.0,rain
27.1,45.9,0.0,8.6,0.7,5.5,Winter,9.0,clear-day
28.7,46.6,0.0,10.1,5.0,5.8,Winter,9.0,clear-day
29.1,42.8,0.0,15.5,0.5,5.0,Winter,9.0,clear-day
28.4,40.0,0.0,14.0,2.4,5.8,Winter,9.0,clear-day
27.8,42.5,0.0,12.2,2.0,5.8,Winter,9.0,clear-day
27.5,42.5,0.0,12.2,7.8,5.0,Winter,9.0,clear-day
28.0,37.7,0.0,12.2,1.1,5.0,Winter,9.0,clear-day
28.5,37.0,0.0,9.7,2.3,5.2,Summer,9.0,clear-day
28.8,36.5,0.0,13.3,2.7,5.8,Summer,9.0,clear-day
29.2,31.3,0.0,10.8,0.0,5.0,Summer,9.0,clear-day
28.9,29.1,0.0,15.8,0.0,5.0,Summer,9.0,clear-day
29.2,26.1,0.0,13.3,0.4,6.5,Summer,10.0,clear-day
29.0,29.5,0.0,13.3,0.0,5.0,Summer,10.0,clear-day
28.1,30.0,0.0,9.0,0.0,5.3,Summer,10.0,clear-day
27.7,34.4,0.0,9.7,0.2,6.0,Summer,10.0,clear-day
28.4,35.4,0.0,9.4,0.8,5.0,Summer,10.0,clear-day
29.0,36.7,0.0,9.4,7.3,5.4,Summer,10.0,clear-day
29.4,37.0,0.0,9.7,6.4,5.3,Summer,10.0,clear-day
29.9,37.3,0.0,11.5,1.2,5.0,Summer,10.0,clear-day
30.5,33.3,0.0,9.0,0.1,5.3,Summer,10.0,clear-day
30.4,39.4,0.0,11.9,7.5,5.3,Summer,10.0,clear-day
30.5,42.6,0.0,13.3,3.1,5.0,Summer,10.0,clear-day
29.9,41.1,0.0,9.7,0.0,5.2,Summer,10.0,clear-day
30.3,40.8,0.0,11.9,0.0,5.6,Summer,10.0,clear-day
30.9,37.2,0.0,10.8,19.7,5.0,Summer,10.0,clear-day
30.8,36.9,0.0,12.2,22.5,5.3,Summer,10.0,partly-cloudy-day
31.0,35.8,0.0,13.3,28.4,5.8,Summer,10.0,partly-cloudy-day
32.3,33.5,0.0,13.3,23.5,5.5,Summer,10.0,partly-cloudy-day
31.7,34.9,0.0,9.0,4.5,5.0,Summer,10.0,clear-day
33.0,40.9,0.0,18.4,9.8,5.4,Summer,10.0,clear-day
33.0,43.4,0.0,14.4,7.1,5.0,Summer,9.0,clear-day
32.6,41.3,0.0,10.4,11.6,5.0,Summer,9.0,clear-day
32.6,38.7,0.0,13.0,25.2,5.8,Summer,9.0,partly-cloudy-day
31.4,45.5,0.0,7.9,12.7,5.0,Summer,9.0,clear-day
32.0,43.8,0.0,12.2,34.8,5.0,Summer,9.0,partly-cloudy-day
31.3,44.6,0.0,14.0,76.0,5.0,Summer,7.0,partly-cloudy-day
31.9,38.1,0.0,17.6,10.6,5.0,Summer,10.0,clear-day
32.5,39.5,0.0,21.6,12.8,4.8,Summer,10.0,clear-day
32.6,37.5,0.0,20.9,7.3,5.0,Summer,10.0,clear-day
32.8,38.3,0.0,13.3,3.5,5.3,Summer,10.0,clear-day
32.5,37.7,0.0,11.9,59.7,5.3,Summer,9.0,partly-cloudy-day
29.7,52.5,100.0,15.5,94.8,5.0,Summer,5.0,rain
27.0,53.9,100.0,13.3,91.7,5.0,Summer,5.0,rain
26.5,63.0,100.0,15.5,50.1,5.8,Summer,9.0,rain
28.9,60.5,100.0,12.2,29.2,6.5,Summer,9.0,rain
31.6,53.6,0.0,17.3,20.5,5.4,Summer,9.0,partly-cloudy-day
33.1,46.4,0.0,11.5,19.4,6.0,Summer,9.0,clear-day
34.1,43.0,0.0,14.0,16.6,5.5,Summer,9.0,clear-day
34.1,43.0,0.0,18.0,26.3,5.8,Summer,9.0,partly-cloudy-day
34.3,42.8,100.0,16.2,31.6,5.8,Summer,9.0,rain
34.0,43.9,0.0,16.6,42.0,6.0,Summer,10.0,partly-cloudy-day
32.3,47.5,100.0,12.2,60.6,5.5,Summer,10.0,rain
32.8,49.2,100.0,14.4,44.9,6.5,Summer,9.0,rain
30.4,58.7,100.0,14.8,82.8,5.0,Summer,7.0,rain
27.4,70.9,100.0,7.9,70.2,5.8,Summer,8.0,rain
29.6,59.1,0.0,8.3,7.7,6.0,Summer,10.0,clear-day
31.2,56.2,0.0,18.4,19.0,6.8,Summer,10.0,clear-day
31.9,52.0,0.0,15.5,18.0,5.5,Summer,8.0,clear-day
33.1,47.2,0.0,12.2,18.4,6.0,Summer,9.0,clear-day
34.4,47.0,0.0,14.0,22.9,5.0,Summer,9.0,partly-cloudy-day
34.9,47.3,0.0,15.5,24.8,5.3,Summer,9.0,partly-cloudy-day
35.1,50.4,0.0,14.8,35.5,6.0,Summer,9.0,partly-cloudy-day
34.7,55.2,100.0,20.2,29.2,5.0,Summer,8.0,rain
33.6,56.0,100.0,19.8,19.6,5.3,Summer,9.0,rain
31.9,62.3,100.0,17.6,34.3,5.0,Summer,9.0,rain
31.0,61.7,100.0,15.1,44.5,5.4,Summer,9.0,rain
28.9,68.6,100.0,10.4,41.2,5.2,Summer,9.0,rain
30.2,66.9,100.0,13.7,39.9,6.4,Summer,8.0,rain
28.8,71.8,100.0,14.0,39.2,5.8,Summer,8.0,rain
30.2,66.5,100.0,13.0,30.3,6.0,Summer,9.0,rain
31.4,60.6,0.0,13.0,22.8,6.0,Summer,9.0,partly-cloudy-day
32.0,55.9,100.0,14.4,23.3,6.0,Summer,10.0,rain
31.2,58.4,0.0,7.9,22.9,6.0,Summer,10.0,partly-cloudy-day
30.5,62.8,100.0,19.8,33.1,6.0,Summer,10.0,rain
30.1,64.3,0.0,11.2,19.5,6.4,Summer,10.0,clear-day
30.8,62.8,100.0,8.6,33.1,6.0,Summer,10.0,rain
31.4,61.0,100.0,14.8,29.7,6.0,Summer,9.0,rain
31.4,61.6,100.0,16.6,30.0,6.2,Summer,9.0,rain
32.4,56.7,0.0,14.4,35.4,6.0,Summer,9.0,partly-cloudy-day
30.9,64.0,100.0,19.1,54.0,6.4,Summer,9.0,rain
29.2,73.5,100.0,8.6,52.7,6.4,Summer,9.0,rain
31.2,62.7,100.0,18.4,35.1,6.0,Summer,9.0,rain
31.8,59.8,0.0,16.2,17.0,6.0,Summer,9.0,clear-day
32.7,58.0,100.0,9.0,26.5,6.4,Summer,9.0,rain
33.6,58.9,100.0,10.8,34.4,6.0,Summer,8.0,rain
34.4,55.3,100.0,17.6,74.5,6.0,Summer,9.0,rain
34.6,54.8,0.0,20.5,86.2,7.0,Summer,10.0,partly-cloudy-day
35.0,53.1,0.0,22.3,75.7,6.0,Summer,10.0,partly-cloudy-day
35.2,52.1,0.0,20.2,40.7,6.0,Summer,10.0,partly-cloudy-day
34.5,57.0,100.0,20.2,45.1,6.6,Summer,9.0,rain
33.7,56.6,100.0,22.3,67.2,6.0,Summer,8.0,rain
33.3,54.1,0.0,20.5,56.5,6.4,Summer,8.0,partly-cloudy-day
32.4,55.9,100.0,22.7,69.6,6.0,Summer,6.0,rain
30.2,69.4,100.0,26.6,83.8,6.0,Summer,6.0,rain
32.3,56.9,0.0,17.6,50.8,6.0,Summer,9.0,partly-cloudy-day
33.4,54.0,0.0,14.0,55.8,6.4,Summer,8.0,partly-cloudy-day
32.8,59.8,0.0,18.0,73.1,6.0,Summer,8.0,partly-cloudy-day
31.3,66.6,100.0,17.3,84.7,6.0,Summer,7.0,rain
31.3,65.7,100.0,20.9,80.4,5.8,Summer,6.0,rain
32.0,64.2,100.0,20.9,71.4,6.2,Summer,9.0,rain
33.2,59.3,100.0,20.2,42.2,6.4,Summer,9.0,rain
34.2,54.1,100.0,18.4,48.4,6.0,Summer,9.0,rain
32.6,61.4,100.0,19.1,60.1,6.3,Summer,9.0,rain
30.6,69.2,100.0,18.4,94.9,6.4,Summer,6.0,rain
30.8,71.1,100.0,20.2,85.5,6.0,Summer,8.0,rain
31.7,66.7,0.0,17.3,93.5,6.0,Summer,8.0,cloudy
31.3,65.5,100.0,18.0,90.5,6.6,Summer,8.0,rain
29.5,74.4,100.0,17.6,92.9,6.0,Summer,5.0,rain
28.0,79.6,100.0,23.0,98.6,5.8,Summer,4.0,rain
28.8,74.0,100.0,24.8,96.5,6.6,Summer,7.0,rain
29.8,66.1,100.0,22.3,89.0,6.0,Summer,8.0,rain
29.6,69.7,100.0,22.7,89.2,6.4,Summer,6.0,rain
28.8,73.5,100.0,25.2,96.2,6.4,Summer,6.0,rain
29.0,74.3,100.0,26.6,86.9,6.6,Summer,7.0,rain
28.4,75.7,100.0,25.9,91.6,6.4,Summer,5.0,rain
28.0,77.4,100.0,26.6,91.0,6.4,Summer,7.0,rain
28.5,72.6,100.0,25.2,74.5,6.6,Summer,8.0,rain
27.6,76.0,100.0,27.0,68.7,6.0,Summer,6.0,rain
28.2,74.7,100.0,26.3,65.4,5.6,Summer,7.0,rain
29.4,71.7,100.0,23.4,62.7,6.2,Summer,7.0,rain
30.2,68.0,100.0,24.8,85.8,6.4,Summer,8.0,rain
29.5,72.5,100.0,23.0,93.8,6.4,Summer,8.0,rain
29.2,72.2,100.0,25.9,92.4,6.6,Summer,7.0,rain
30.1,67.2,100.0,22.7,85.1,6.4,Summer,6.0,rain
30.7,64.8,100.0,21.2,82.2,6.4,Summer,8.0,rain
30.4,69.3,100.0,21.2,95.5,5.8,Summer,6.0,rain
30.2,71.5,100.0,25.2,98.3,6.0,Summer,6.0,rain
29.8,71.9,100.0,22.7,95.6,6.4,Summer,7.0,rain
28.8,75.9,100.0,24.5,98.2,5.6,Summer,4.0,rain
28.2,78.9,100.0,28.8,95.9,5.6,Summer,7.0,rain
27.9,80.6,100.0,30.2,91.7,6.4,Summer,7.0,rain
28.1,78.6,100.0,24.5,94.5,6.0,Summer,5.0,rain
30.1,70.2,100.0,21.6,73.7,6.0,Summer,8.0,rain
31.3,64.8,0.0,17.6,90.6,6.4,Summer,6.0,cloudy
30.4,70.6,100.0,17.3,92.4,6.4,Summer,8.0,rain
29.2,77.5,100.0,17.6,88.8,6.0,Summer,6.0,rain
29.5,73.5,100.0,14.4,90.7,6.0,Summer,6.0,rain
29.7,75.4,100.0,12.6,94.8,6.0,Summer,7.0,rain
30.6,72.0,100.0,9.7,81.1,6.6,Summer,9.0,rain
29.3,79.0,100.0,9.7,77.8,6.0,Summer,7.0,rain
29.4,76.9,0.0,14.4,81.2,5.8,Summer,6.0,partly-cloudy-day
30.0,68.6,0.0,17.6,64.9,6.8,Summer,7.0,partly-cloudy-day
31.4,64.9,100.0,14.8,49.3,6.4,Summer,8.0,rain
31.1,67.8,100.0,14.4,81.3,6.0,Summer,8.0,rain
28.7,77.8,100.0,17.3,98.2,6.0,Summer,5.0,rain
30.0,70.7,100.0,16.6,91.1,6.0,Summer,7.0,rain
30.8,68.1,100.0,19.1,94.1,6.3,Summer,6.0,rain
29.7,74.4,100.0,18.0,94.6,6.4,Summer,6.0,rain
28.6,80.8,100.0,19.4,93.6,6.2,Summer,4.0,rain
29.3,73.8,100.0,25.2,95.1,6.4,Summer,4.0,rain
28.2,79.9,100.0,24.5,93.7,5.8,Summer,6.0,rain
27.8,83.1,100.0,26.3,93.2,5.4,Summer,6.0,rain
28.6,78.9,100.0,21.6,88.6,6.0,Summer,8.0,rain
28.6,80.5,100.0,23.4,97.3,6.4,Summer,5.0,rain
27.6,84.0,100.0,23.8,95.0,6.4,Summer,5.0,rain
28.0,79.3,100.0,23.8,80.7,6.6,Summer,6.0,rain
27.4,83.1,100.0,25.6,87.9,5.8,Summer,4.0,rain
28.0,82.5,100.0,25.9,93.9,6.0,Summer,7.0,rain
28.8,79.4,100.0,24.8,85.0,5.8,Summer,7.0,rain
28.7,79.7,100.0,22.7,96.2,5.8,Summer,8.0,rain
27.9,83.0,100.0,24.8,95.4,5.8,Summer,5.0,rain
27.3,85.2,100.0,19.8,97.8,6.0,Summer,4.0,rain
26.5,88.5,100.0,19.4,91.9,6.0,Summer,3.0,rain
26.9,85.6,100.0,16.9,83.8,6.0,Summer,4.0,rain
27.4,82.9,100.0,19.4,95.2,6.0,Summer,3.0,rain
26.8,88.3,100.0,25.2,92.4,5.4,Summer,5.0,rain
27.7,83.4,100.0,22.0,88.8,6.0,Summer,7.0,rain
29.1,77.7,100.0,22.7,81.2,6.0,Summer,8.0,rain
29.8,75.8,100.0,19.4,93.8,6.0,Summer,6.0,rain
30.6,73.3,100.0,19.4,91.9,6.4,Summer,8.0,rain
29.8,77.8,100.0,20.5,97.7,6.0,Summer,6.0,rain
29.5,76.9,100.0,21.6,96.8,6.0,Summer,4.0,rain
29.4,77.1,100.0,21.6,96.4,6.2,Summer,7.0,rain
28.8,78.3,100.0,21.6,96.4,6.0,Summer,4.0,rain
28.8,77.7,100.0,19.4,97.5,7.2,Summer,8.0,rain
27.0,85.1,100.0,19.4,99.9,6.2,Summer,3.0,rain
27.5,80.0,100.0,23.4,98.5,6.0,Summer,6.0,rain
25.5,90.3,100.0,18.0,100.0,6.0,Summer,2.0,rain
27.2,80.9,100.0,14.8,95.7,6.0,Summer,4.0,rain
27.5,82.2,100.0,14.8,82.4,6.0,Summer,9.0,rain
27.8,82.4,0.0,11.9,78.4,6.8,Summer,8.0,partly-cloudy-day
29.3,77.2,0.0,18.4,75.0,6.8,Summer,8.0,partly-cloudy-day
30.1,74.4,100.0,21.2,97.6,7.0,Summer,6.0,rain
29.9,73.0,0.0,18.7,97.0,6.8,Summer,7.0,cloudy
29.9,73.9,100.0,18.0,95.9,6.8,Summer,6.0,rain
30.3,70.5,0.0,17.6,95.5,6.6,Summer,8.0,cloudy
30.3,73.1,100.0,12.2,93.1,6.8,Summer,8.0,rain
29.2,78.4,100.0,9.7,95.9,5.8,Summer,8.0,rain
28.9,79.7,100.0,9.4,95.6,5.6,Summer,8.0,rain
29.0,77.7,100.0,9.0,65.7,6.4,Summer,7.0,rain
28.1,81.5,0.0,10.1,82.7,5.0,Summer,8.0,partly-cloudy-day
29.2,78.4,100.0,8.6,88.0,6.4,Summer,6.0,rain
28.8,78.3,100.0,7.9,87.2,6.2,Summer,7.0,rain
29.1,76.6,0.0,11.9,87.5,6.4,Summer,7.0,partly-cloudy-day
29.4,74.3,0.0,15.8,93.2,6.4,Summer,6.0,cloudy
29.0,72.6,0.0,17.6,94.5,6.0,Summer,7.0,cloudy
29.2,71.1,100.0,13.7,77.5,6.0,Summer,7.0,rain
29.4,72.6,0.0,8.3,79.3,6.0,Summer,7.0,partly-cloudy-day
29.1,75.7,100.0,5.8,75.2,6.0,Summer,8.0,rain
30.3,71.3,100.0,12.6,83.9,6.0,Summer,9.0,rain
29.6,78.1,100.0,11.9,93.4,6.2,Summer,5.0,rain
28.7,81.2,100.0,16.6,95.7,6.0,Summer,6.0,rain
28.9,71.9,0.0,19.1,64.8,7.0,Summer,7.0,partly-cloudy-day
28.9,73.2,100.0,18.7,61.7,5.6,Summer,7.0,rain
29.3,71.0,100.0,9.0,79.7,5.4,Summer,7.0,rain
29.3,77.2,100.0,5.4,93.7,5.6,Summer,7.0,rain
29.8,75.5,0.0,10.1,96.0,5.6,Summer,8.0,cloudy
27.7,80.8,100.0,14.8,98.6,5.8,Summer,6.0,rain
28.9,73.0,100.0,22.3,95.3,6.3,Summer,8.0,rain
28.4,78.8,100.0,18.4,97.3,5.6,Summer,5.0,rain
28.4,80.4,100.0,7.6,95.0,6.2,Summer,6.0,rain
28.5,79.3,100.0,5.4,94.6,6.2,Summer,4.0,rain
29.2,74.8,100.0,11.5,74.9,6.4,Summer,9.0,rain
29.5,77.1,100.0,9.4,89.9,6.4,Summer,8.0,rain
28.5,80.8,100.0,11.5,92.0,5.4,Summer,5.0,rain
28.4,79.0,100.0,8.3,89.9,6.4,Summer,6.0,rain
28.6,79.8,100.0,10.4,92.5,5.8,Summer,6.0,rain
28.3,82.7,100.0,9.0,96.9,6.4,Summer,6.0,rain
28.3,77.6,100.0,6.5,96.2,6.4,Summer,6.0,rain
29.4,73.2,100.0,7.2,82.0,6.0,Summer,8.0,rain
30.5,70.2,100.0,6.5,42.8,5.6,Summer,9.0,rain
29.5,77.4,100.0,7.6,50.7,6.0,Summer,9.0,rain
27.9,79.7,100.0,17.6,62.2,6.0,Summer,7.0,rain
29.1,71.7,100.0,16.2,58.9,6.4,Summer,8.0,rain
29.9,71.4,0.0,12.2,49.7,6.2,Summer,7.0,partly-cloudy-day
29.7,74.3,100.0,7.6,54.0,6.2,Summer,7.0,rain
30.4,71.0,0.0,8.3,66.1,5.8,Summer,8.0,partly-cloudy-day
31.4,65.6,100.0,8.6,61.9,6.6,Summer,8.0,rain
30.7,71.4,100.0,8.6,67.2,6.6,Summer,7.0,rain
30.8,71.0,100.0,7.9,37.8,6.4,Summer,8.0,rain
31.1,67.6,100.0,9.7,42.9,6.6,Summer,8.0,rain
30.3,69.8,100.0,6.5,81.9,6.2,Summer,7.0,rain
29.9,72.2,0.0,5.8,76.9,6.0,Summer,6.0,partly-cloudy-day
31.3,66.9,100.0,5.0,59.8,6.2,Summer,7.0,rain
30.8,71.2,100.0,7.6,54.0,6.6,Summer,8.0,rain
28.9,78.3,100.0,8.3,91.2,6.0,Summer,5.0,rain
28.7,76.3,100.0,9.0,78.0,6.6,Summer,5.0,rain
28.0,80.7,100.0,10.8,93.9,6.4,Summer,5.0,rain
29.0,75.1,100.0,7.6,79.0,6.4,Summer,7.0,rain
28.9,77.6,100.0,6.1,77.0,5.2,Summer,7.0,rain
28.5,76.4,100.0,18.4,68.2,5.6,Summer,7.0,rain
28.3,78.2,100.0,24.5,83.1,6.0,Summer,7.0,rain
28.6,74.9,100.0,18.0,69.1,5.8,Summer,7.0,rain
28.4,75.8,100.0,9.4,52.7,6.3,Summer,7.0,rain
26.6,83.5,100.0,6.8,72.5,5.4,Summer,5.0,rain
26.8,82.0,100.0,5.8,84.5,5.6,Summer,4.0,rain
27.7,77.9,0.0,6.5,64.5,5.6,Summer,7.0,partly-cloudy-day
28.9,72.2,100.0,12.2,59.6,5.6,Summer,8.0,rain
28.7,74.3,0.0,12.6,44.4,6.0,Summer,8.0,partly-cloudy-day
29.4,72.7,100.0,11.9,32.2,6.6,Summer,8.0,rain
29.4,74.4,100.0,13.0,54.9,5.6,Summer,7.0,rain
28.1,77.9,100.0,10.4,68.4,5.6,Summer,7.0,rain
28.5,71.2,100.0,8.6,19.8,5.8,Summer,7.0,rain
28.7,70.4,100.0,7.9,20.9,6.2,Summer,7.0,rain
28.6,68.1,0.0,8.3,35.7,5.8,Summer,8.0,partly-cloudy-day
27.8,78.2,100.0,10.8,55.8,5.6,Summer,7.0,rain
27.4,79.9,100.0,6.8,45.4,5.2,Summer,6.0,rain
27.9,76.3,100.0,7.2,45.6,5.8,Summer,7.0,rain
27.9,72.1,0.0,10.4,11.8,6.2,Summer,7.0,clear-day
28.1,66.3,0.0,11.5,10.3,5.6,Summer,7.0,clear-day
28.3,63.0,0.0,6.8,11.5,6.0,Summer,7.0,clear-day
28.8,65.2,0.0,8.3,12.0,6.2,Summer,7.0,clear-day
28.7,67.4,100.0,7.6,46.7,5.8,Summer,7.0,rain
29.1,66.8,100.0,6.5,57.8,5.6,Summer,7.0,rain
28.4,75.3,100.0,6.8,46.9,5.8,Summer,6.0,rain
27.3,77.2,100.0,6.5,73.9,6.0,Summer,6.0,rain
27.7,75.5,100.0,6.1,67.5,5.6,Summer,7.0,rain
28.0,73.9,100.0,7.2,40.4,5.6,Summer,7.0,rain
27.8,71.9,0.0,13.3,13.6,5.8,Summer,7.0,clear-day
27.5,71.5,0.0,11.2,18.2,6.0,Summer,7.0,clear-day
27.1,72.4,0.0,9.0,20.8,6.2,Summer,8.0,partly-cloudy-day
27.0,68.8,0.0,5.8,17.4,5.6,Summer,7.0,clear-day
28.0,62.9,0.0,7.2,3.7,6.5,Summer,8.0,clear-day
27.8,67.2,0.0,6.5,14.0,6.5,Summer,8.0,clear-day
27.7,65.4,0.0,8.3,29.0,5.8,Summer,7.0,partly-cloudy-day
28.2,57.7,0.0,7.2,23.2,5.8,Summer,7.0,partly-cloudy-day
27.2,63.1,0.0,6.5,11.5,6.2,Summer,7.0,clear-day
27.2,61.4,100.0,9.0,16.6,6.2,Summer,7.0,rain
26.0,67.0,0.0,7.9,38.4,6.0,Summer,6.0,partly-cloudy-day
26.5,63.3,0.0,9.0,27.1,5.8,Summer,7.0,partly-cloudy-day
26.6,63.5,0.0,11.5,44.0,6.2,Summer,7.0,partly-cloudy-day
25.7,65.0,0.0,9.7,21.4,6.2,Summer,7.0,partly-cloudy-day
25.3,61.6,0.0,9.4,42.6,6.2,Summer,8.0,partly-cloudy-day
25.4,59.0,0.0,7.2,15.9,5.8,Summer,7.0,clear-day
25.6,59.2,0.0,8.6,16.1,6.4,Summer,7.0,clear-day
25.8,59.0,0.0,7.2,63.0,6.2,Summer,7.0,partly-cloudy-day
26.0,60.4,0.0,12.2,43.6,5.8,Summer,6.0,partly-cloudy-day
26.0,62.1,0.0,9.0,20.8,5.6,Summer,7.0,partly-cloudy-day
25.7,66.3,0.0,7.6,26.2,6.4,Summer,7.0,partly-cloudy-day
25.8,65.3,0.0,9.7,13.6,5.3,Summer,7.0,clear-day
25.8,68.4,0.0,11.5,9.2,6.2,Summer,7.0,clear-day
26.8,65.2,0.0,8.3,8.9,5.8,Summer,7.0,clear-day
26.7,65.6,0.0,7.9,11.9,5.8,Summer,7.0,clear-day
26.0,69.4,0.0,12.6,17.0,6.2,Summer,7.0,clear-day
25.3,64.5,0.0,11.2,36.9,6.2,Summer,6.0,partly-cloudy-day
24.8,64.1,0.0,9.4,17.7,5.8,Summer,6.0,clear-day
23.6,62.9,0.0,10.1,13.1,6.0,Summer,7.0,clear-day
23.0,56.4,0.0,13.7,35.6,6.4,Summer,7.0,partly-cloudy-day
22.3,57.3,0.0,12.6,11.9,6.2,Summer,7.0,clear-day
22.6,56.3,0.0,9.0,0.0,6.2,Summer,7.0,clear-day
23.2,61.7,0.0,9.0,20.4,5.6,Summer,7.0,partly-cloudy-day
22.9,64.1,0.0,9.0,20.5,6.0,Summer,7.0,partly-cloudy-day
23.5,61.6,0.0,7.2,26.2,5.8,Summer,7.0,partly-cloudy-day
23.3,68.7,100.0,15.8,46.0,5.8,Summer,6.0,rain
23.1,69.0,100.0,11.9,30.6,5.6,Summer,7.0,rain
21.9,64.1,0.0,9.0,8.6,5.2,Summer,7.0,clear-day
21.8,62.9,0.0,9.0,5.1,6.0,Summer,7.0,clear-day
22.6,59.5,0.0,9.0,0.2,5.2,Summer,7.0,clear-day
22.0,65.2,0.0,9.7,1.7,5.4,Summer,7.0,clear-day
22.1,64.9,0.0,9.7,0.7,5.8,Summer,7.0,clear-day
22.2,64.9,0.0,11.5,3.8,5.8,Summer,7.0,clear-day
22.4,65.8,0.0,11.5,42.4,5.8,Summer,6.0,partly-cloudy-day
22.6,67.0,0.0,9.4,38.1,6.0,Summer,7.0,partly-cloudy-day
22.2,64.1,0.0,9.7,9.4,5.6,Summer,8.0,clear-day
21.9,65.5,0.0,9.4,0.1,5.6,Summer,7.0,clear-day
22.9,61.0,0.0,7.6,35.9,5.7,Summer,7.0,partly-cloudy-day
22.3,61.4,0.0,10.4,0.0,5.6,Summer,8.0,clear-day
21.7,66.0,0.0,9.0,3.3,5.4,Summer,8.0,clear-day
21.5,64.0,0.0,9.7,2.5,5.6,Summer,8.0,clear-day
22.0,61.9,0.0,8.6,9.0,5.8,Summer,8.0,clear-day
23.0,59.4,0.0,6.1,4.5,5.2,Summer,8.0,clear-day
23.7,61.5,0.0,7.6,0.0,5.4,Summer,8.0,clear-day
23.8,62.7,0.0,7.9,0.3,14.8,Summer,8.0,clear-day
24.0,59.6,0.0,6.5,79.8,20.2,Summer,7.0,partly-cloudy-day
24.6,62.1,0.0,13.0,78.5,20.2,Summer,7.0,partly-cloudy-day
25.0,61.9,0.0,12.6,11.6,20.1,Summer,7.0,clear-day
24.6,66.8,100.0,9.4,36.1,20.2,Summer,7.0,rain
22.5,76.5,100.0,8.6,87.9,17.8,Summer,7.0,rain
22.2,83.0,100.0,8.6,60.2,20.2,Summer,6.0,rain
22.3,72.2,0.0,13.0,15.4,21.0,Summer,8.0,clear-day
21.6,67.7,0.0,9.7,0.7,20.2,Summer,7.0,clear-day
20.7,68.7,0.0,10.1,13.5,20.2,Summer,8.0,clear-day
22.0,68.4,100.0,11.9,20.5,19.6,Summer,6.0,rain
22.5,65.0,0.0,13.3,20.0,20.2,Summer,8.0,clear-day
21.5,62.6,0.0,9.0,6.7,20.2,Summer,8.0,clear-day
21.8,60.7,0.0,9.4,3.8,20.1,Summer,8.0,clear-day
22.4,62.8,0.0,10.8,15.6,20.2,Summer,8.0,clear-day
22.5,66.7,0.0,9.4,21.1,20.2,Summer,8.0,partly-cloudy-day
22.0,70.1,0.0,9.4,62.8,21.0,Summer,6.0,partly-cloudy-day
22.9,69.4,100.0,10.4,39.0,20.2,Summer,8.0,rain
23.4,61.1,0.0,12.2,5.9,20.2,Summer,8.0,clear-day
21.2,59.4,0.0,10.1,12.7,20.2,Summer,8.0,clear-day
20.4,63.7,0.0,14.8,0.0,20.2,Summer,8.0,clear-day
19.8,61.6,0.0,10.8,0.0,20.1,Summer,8.0,clear-day
20.1,58.6,0.0,15.5,0.0,20.2,Summer,8.0,clear-day
21.0,52.3,0.0,15.5,0.6,20.2,Summer,8.0,clear-day
20.8,57.9,0.0,10.8,0.0,20.2,Summer,8.0,clear-day
21.8,56.1,0.0,11.2,0.2,20.2,Summer,8.0,clear-day
23.4,61.5,100.0,20.5,21.3,20.2,Summer,8.0,rain
24.7,60.0,0.0,20.5,22.8,20.3,Summer,8.0,partly-cloudy-day
20.9,53.6,0.0,11.2,18.7,20.2,Summer,9.0,clear-day
22.0,53.0,0.0,10.4,0.5,20.2,Summer,9.0,clear-day
21.9,54.3,0.0,7.9,0.1,20.2,Summer,9.0,clear-day
23.2,49.8,0.0,7.2,0.0,20.2,Summer,9.0,clear-day
23.0,51.1,0.0,7.9,0.0,20.2,Summer,9.0,clear-day
23.2,49.2,0.0,10.4,35.3,21.0,Summer,9.0,partly-cloudy-day
21.8,44.5,0.0,15.1,24.7,20.2,Summer,9.0,partly-cloudy-day
22.1,46.5,0.0,10.4,0.1,20.2,Summer,9.0,clear-day
23.5,41.7,0.0,10.1,0.0,20.2,Summer,9.0,clear-day
23.4,50.4,0.0,11.9,2.1,20.2,Summer,9.0,clear-day
26.6,50.8,100.0,11.5,23.9,20.2,Summer,8.0,rain
25.3,51.5,0.0,9.4,10.0,20.2,Summer,9.0,clear-day
24.9,51.8,0.0,10.8,39.0,20.2,Summer,8.0,partly-cloudy-day
23.3,46.6,0.0,10.8,27.5,20.2,Summer,9.0,partly-cloudy-day
23.9,45.9,100.0,19.1,65.0,20.1,Summer,3.0,rain
23.1,53.1,0.0,13.0,13.2,20.2,Summer,9.0,clear-day
22.4,44.2,0.0,12.2,0.4,20.2,Summer,9.0,clear-day
23.6,45.4,0.0,11.2,0.0,20.2,Summer,9.0,clear-day
25.2,41.1,0.0,9.7,0.0,20.2,Summer,9.0,clear-day
25.5,44.5,0.0,11.2,0.2,20.2,Summer,9.0,clear-day
25.9,46.2,0.0,10.1,0.0,20.2,Summer,9.0,clear-day
25.5,46.1,0.0,10.4,0.0,20.2,Summer,9.0,clear-day
25.8,45.2,0.0,11.5,2.3,20.2,Summer,9.0,clear-day
26.4,42.2,0.0,10.4,0.0,20.2,Summer,9.0,clear-day
26.6,44.8,0.0,10.1,6.0,21.0,Summer,9.0,clear-day
26.7,48.0,0.0,9.4,6.8,20.2,Summer,9.0,clear-day
26.6,46.9,0.0,9.4,36.5,21.0,Summer,9.0,partly-cloudy-day
27.5,37.4,0.0,13.7,63.2,20.2,Summer,9.0,partly-cloudy-day
27.5,41.0,0.0,14.0,62.7,20.2,Summer,9.0,partly-cloudy-day
28.7,42.7,0.0,12.2,9.3,20.2,Summer,9.0,clear-day
30.8,56.0,0.0,14.8,14.1,20.2,Summer,9.0,clear-day
31.0,53.9,0.0,10.8,35.0,20.2,Summer,9.0,partly-cloudy-day
30.3,47.7,0.0,12.2,20.4,20.2,Summer,9.0,partly-cloudy-day
30.7,50.5,0.0,13.3,17.7,20.2,Summer,9.0,clear-day
32.0,50.4,0.0,11.5,6.3,20.2,Summer,9.0,clear-day
32.3,47.7,0.0,12.2,26.8,23.3,Summer,9.0,partly-cloudy-day
32.0,42.7,0.0,14.4,11.9,20.2,Summer,9.0,clear-day
31.5,38.2,0.0,18.0,0.0,20.2,Summer,10.0,clear-day
31.1,39.4,0.0,15.5,4.5,20.2,Summer,10.0,clear-day
30.5,43.6,0.0,10.8,14.7,20.1,Summer,9.0,clear-day
31.3,44.2,0.0,13.7,26.7,20.2,Summer,10.0,partly-cloudy-day
32.2,42.5,0.0,18.7,5.6,20.2,Summer,10.0,clear-day
32.5,48.5,0.0,18.4,24.2,20.2,Summer,9.0,partly-cloudy-day
29.7,63.8,100.0,16.9,87.2,19.6,Summer,3.0,rain
25.8,87.8,100.0,16.6,92.4,14.2,Summer,4.0,rain
27.9,75.0,100.0,13.0,52.8,20.3,Summer,9.0,rain
29.4,61.2,0.0,19.4,10.6,20.2,Summer,10.0,clear-day
29.8,56.4,0.0,20.5,18.4,20.3,Summer,9.0,clear-day
27.9,65.2,0.0,10.8,54.8,20.2,Summer,6.0,partly-cloudy-day
29.5,59.9,100.0,8.6,34.0,20.2,Summer,10.0,rain
29.7,57.9,0.0,12.6,25.1,19.2,Summer,9.0,partly-cloudy-day
29.8,54.1,0.0,16.6,17.0,20.2,Summer,9.0,clear-day
30.6,53.4,0.0,13.0,18.7,20.2,Summer,10.0,clear-day
31.2,52.1,0.0,14.0,20.3,20.2,Summer,9.0,partly-cloudy-day
32.0,45.9,0.0,12.2,33.7,20.2,Summer,9.0,partly-cloudy-day
29.7,55.6,0.0,10.8,51.3,20.2,Summer,8.0,partly-cloudy-day
31.2,51.6,0.0,19.1,22.3,20.2,Summer,9.0,partly-cloudy-day
32.9,46.9,0.0,13.7,16.2,22.6,Summer,9.0,clear-day
32.9,48.8,0.0,11.5,16.3,20.2,Summer,9.0,clear-day
32.6,47.5,0.0,11.2,22.6,20.2,Summer,9.0,partly-cloudy-day
31.2,54.7,100.0,15.5,39.0,20.2,Summer,8.0,rain
31.7,53.5,0.0,16.2,15.5,20.2,Summer,10.0,clear-day
31.7,48.5,0.0,12.6,19.0,20.3,Summer,9.0,clear-day
32.5,48.6,0.0,16.6,18.7,20.2,Summer,10.0,clear-day
31.4,52.7,0.0,10.4,15.0,20.2,Summer,9.0,clear-day
32.1,54.1,0.0,12.2,19.3,20.2,Summer,9.0,clear-day
33.4,49.3,0.0,23.4,49.1,20.2,Summer,10.0,partly-cloudy-day
32.9,50.9,100.0,19.8,37.1,20.2,Summer,10.0,rain
33.6,50.1,0.0,18.0,9.2,20.3,Summer,10.0,clear-day
33.6,50.2,0.0,22.7,13.1,20.2,Summer,10.0,clear-day
33.4,48.0,0.0,17.6,17.5,19.8,Summer,10.0,clear-day
31.3,52.6,100.0,17.3,25.0,20.4,Summer,9.0,rain
28.5,62.4,100.0,15.1,26.0,20.1,Summer,10.0,rain
29.2,59.3,100.0,13.3,39.2,20.0,Summer,9.0,rain
31.2,56.3,100.0,13.7,21.1,20.3,Summer,8.0,rain
33.2,51.6,100.0,13.7,16.7,20.3,Summer,10.0,rain
33.6,50.7,0.0,16.6,25.9,20.1,Summer,9.0,partly-cloudy-day
34.2,51.5,0.0,16.9,16.6,20.3,Summer,9.0,clear-day
34.0,51.1,100.0,14.8,30.8,20.3,Summer,9.0,rain
33.7,55.2,0.0,15.8,18.5,20.2,Summer,9.0,clear-day
33.4,53.7,100.0,13.7,19.6,20.3,Summer,9.0,rain
32.8,58.7,100.0,16.2,24.7,20.3,Summer,9.0,rain
32.6,59.8,100.0,16.2,31.9,20.2,Summer,10.0,rain
30.7,63.7,100.0,11.9,27.2,20.1,Summer,9.0,rain
31.3,61.9,100.0,10.4,27.6,19.1,Summer,9.0,rain
29.1,67.9,100.0,13.3,55.6,18.8,Summer,8.0,rain
27.4,77.2,100.0,9.4,87.0,15.0,Summer,9.0,rain
27.6,80.2,100.0,9.0,58.5,19.6,Summer,8.0,rain
29.8,69.7,100.0,7.6,48.6,20.2,Summer,9.0,rain
30.7,66.4,0.0,13.0,41.5,20.7,Summer,9.0,partly-cloudy-day
29.1,73.6,100.0,12.6,86.0,17.1,Summer,6.0,rain
28.5,77.6,100.0,7.9,93.8,17.2,Summer,6.0,rain
28.0,80.9,100.0,9.7,97.4,18.3,Summer,5.0,rain
29.0,75.6,100.0,14.8,86.9,19.2,Summer,5.0,rain
29.3,75.0,100.0,20.2,82.2,20.3,Summer,8.0,rain
29.9,73.4,100.0,23.8,50.7,20.3,Summer,9.0,rain
30.6,69.3,100.0,24.1,56.8,20.3,Summer,9.0,rain
31.1,67.8,100.0,23.8,38.8,19.7,Summer,8.0,rain
31.4,66.6,100.0,19.1,70.1,19.3,Summer,8.0,rain
30.7,68.1,100.0,19.1,63.2,19.9,Summer,8.0,rain
30.4,69.7,100.0,17.6,66.1,20.3,Summer,8.0,rain
31.4,66.2,100.0,11.5,69.5,20.3,Summer,7.0,rain
29.9,73.3,100.0,12.2,93.2,19.4,Summer,8.0,rain
29.7,75.0,100.0,10.8,87.4,18.2,Summer,7.0,rain
30.0,71.7,100.0,17.3,62.0,20.1,Summer,9.0,rain
29.9,70.4,100.0,22.3,42.7,20.2,Summer,9.0,rain
27.5,80.5,100.0,19.4,82.2,19.9,Summer,6.0,rain
27.2,82.6,100.0,23.8,86.8,18.8,Summer,7.0,rain
28.7,75.8,100.0,20.2,84.7,21.1,Summer,8.0,rain
29.2,73.7,100.0,19.4,58.8,20.3,Summer,8.0,rain
30.0,70.9,100.0,20.5,50.1,20.1,Summer,9.0,rain
29.7,72.6,100.0,17.6,45.5,19.7,Summer,8.0,rain
29.9,71.1,100.0,18.0,76.4,19.2,Summer,8.0,rain
29.8,70.2,100.0,20.5,78.3,19.8,Summer,7.0,rain
29.6,70.5,100.0,23.0,95.9,20.3,Summer,8.0,rain
28.4,76.7,100.0,23.0,96.2,19.6,Summer,7.0,rain
29.7,73.0,100.0,24.5,85.6,20.2,Summer,8.0,rain
29.6,73.3,100.0,23.0,88.5,19.9,Summer,8.0,rain
29.8,71.0,100.0,24.5,91.0,20.5,Summer,8.0,rain
30.4,68.3,100.0,21.2,82.1,20.3,Summer,7.0,rain
30.7,65.4,100.0,17.6,91.3,20.3,Summer,8.0,rain
28.5,76.7,100.0,20.2,96.7,20.3,Summer,5.0,rain
29.0,74.4,100.0,24.8,96.6,19.6,Summer,6.0,rain
28.7,76.2,100.0,23.8,98.2,19.2,Summer,6.0,rain
28.3,79.8,100.0,24.1,95.6,20.3,Summer,6.0,rain
28.3,76.5,100.0,25.9,83.3,19.8,Summer,7.0,rain
29.4,71.4,100.0,24.5,78.2,20.3,Summer,7.0,rain
29.3,72.3,100.0,19.8,92.8,20.2,Summer,5.0,rain
29.6,72.9,100.0,23.4,93.9,19.2,Summer,6.0,rain
28.8,75.8,100.0,24.1,93.6,19.9,Summer,5.0,rain
28.5,79.0,100.0,23.0,96.5,19.6,Summer,6.0,rain
28.4,77.7,100.0,24.8,97.3,19.7,Summer,6.0,rain
28.4,77.2,100.0,26.6,96.4,20.2,Summer,5.0,rain
28.9,74.7,100.0,24.5,83.4,19.2,Summer,6.0,rain
29.0,73.2,100.0,22.7,84.7,20.1,Summer,8.0,rain
29.3,71.3,100.0,24.8,93.3,20.3,Summer,7.0,rain
29.2,72.2,100.0,21.2,96.5,20.4,Summer,7.0,rain
29.4,68.9,100.0,21.6,94.1,20.3,Summer,8.0,rain
30.4,64.2,0.0,21.6,80.3,19.8,Summer,7.0,partly-cloudy-day
31.2,65.7,100.0,17.3,75.7,20.5,Summer,8.0,rain
30.8,67.3,100.0,21.2,94.4,20.5,Summer,8.0,rain
30.5,67.3,100.0,22.3,94.6,19.9,Summer,6.0,rain
30.3,70.4,100.0,20.9,85.8,19.0,Summer,6.0,rain
28.1,82.4,100.0,15.5,96.7,17.3,Summer,3.0,rain
27.8,78.5,100.0,13.7,98.1,18.6,Rainy Season,5.0,rain
28.2,78.2,100.0,14.4,94.1,19.7,Rainy Season,6.0,rain
29.3,75.7,100.0,20.5,84.8,19.8,Rainy Season,7.0,rain
29.9,73.4,100.0,16.9,78.5,18.8,Rainy Season,7.0,rain
30.1,72.0,100.0,20.5,95.2,19.4,Rainy Season,7.0,rain
29.9,71.2,100.0,15.8,93.4,18.8,Rainy Season,8.0,rain
29.4,78.1,100.0,15.5,69.0,20.0,Rainy Season,8.0,rain
29.8,71.7,100.0,18.7,71.0,20.4,Rainy Season,8.0,rain
29.7,71.9,100.0,16.9,84.9,20.5,Rainy Season,8.0,rain
29.9,70.4,100.0,18.0,93.7,20.0,Rainy Season,8.0,rain
29.8,70.7,100.0,18.0,79.0,20.3,Rainy Season,8.0,rain
30.5,66.7,0.0,14.8,61.1,20.3,Rainy Season,7.0,partly-cloudy-day
29.8,69.9,100.0,16.2,62.3,19.9,Rainy Season,8.0,rain
29.9,71.4,100.0,12.2,84.5,19.5,Rainy Season,7.0,rain
29.4,74.1,100.0,14.4,87.7,20.2,Rainy Season,6.0,rain
30.7,67.4,100.0,15.5,79.4,20.3,Rainy Season,8.0,rain
30.9,66.7,0.0,18.0,72.4,20.3,Rainy Season,8.0,partly-cloudy-day
31.5,65.5,100.0,20.5,93.7,20.3,Rainy Season,7.0,rain
31.2,67.7,100.0,22.7,88.1,20.3,Rainy Season,8.0,rain
31.2,67.2,100.0,18.7,96.0,21.1,Rainy Season,7.0,rain
30.8,71.1,100.0,14.4,90.8,18.4,Rainy Season,7.0,rain
29.7,76.4,100.0,20.2,92.5,16.6,Rainy Season,7.0,rain
29.2,69.6,100.0,22.0,94.2,19.7,Rainy Season,6.0,rain
28.9,74.5,100.0,15.1,92.8,20.3,Rainy Season,8.0,rain
30.8,67.5,100.0,8.3,68.6,20.3,Rainy Season,9.0,rain
30.6,71.3,100.0,11.2,45.4,20.4,Rainy Season,9.0,rain
31.8,67.3,100.0,8.3,52.5,20.3,Rainy Season,9.0,rain
32.1,66.6,100.0,9.4,57.1,19.7,Rainy Season,9.0,rain
31.4,70.1,100.0,11.9,77.1,20.2,Rainy Season,8.0,rain
31.1,68.2,100.0,15.1,90.5,20.3,Rainy Season,8.0,rain
30.5,70.1,100.0,18.4,97.8,19.5,Rainy Season,7.0,rain
29.8,74.9,100.0,15.8,97.5,19.8,Rainy Season,8.0,rain
29.9,74.1,100.0,14.0,97.0,20.9,Rainy Season,6.0,rain
30.0,72.9,100.0,14.4,88.8,19.4,Rainy Season,9.0,rain
30.6,69.4,100.0,17.6,82.3,20.3,Rainy Season,7.0,rain
29.5,70.9,100.0,16.2,95.6,20.3,Rainy Season,7.0,rain
29.5,71.8,100.0,14.8,97.4,20.1,Rainy Season,6.0,rain
29.4,73.3,100.0,16.6,95.0,19.4,Rainy Season,6.0,rain
27.5,82.1,100.0,18.7,96.0,16.7,Rainy Season,5.0,rain
27.3,82.9,100.0,16.6,84.7,20.2,Rainy Season,7.0,rain
28.4,76.6,100.0,15.8,76.0,16.8,Rainy Season,7.0,rain
29.0,76.2,100.0,14.4,91.0,19.2,Rainy Season,8.0,rain
26.2,89.3,100.0,18.0,100.0,12.8,Rainy Season,2.0,rain
27.4,81.0,100.0,28.1,89.7,20.1,Rainy Season,6.0,rain
28.6,77.5,100.0,19.1,76.5,19.7,Rainy Season,7.0,rain
29.2,78.9,100.0,12.6,68.4,20.3,Rainy Season,8.0,rain
27.7,83.4,100.0,10.8,85.1,20.1,Rainy Season,6.0,rain
29.9,78.6,100.0,6.8,68.4,19.0,Rainy Season,8.0,rain
29.0,76.8,0.0,22.3,73.6,20.3,Rainy Season,7.0,partly-cloudy-day
29.0,74.2,100.0,19.8,81.6,19.6,Rainy Season,7.0,rain
29.4,74.1,100.0,15.5,84.3,20.3,Rainy Season,7.0,rain
29.2,76.3,100.0,14.4,97.3,20.3,Rainy Season,7.0,rain
27.9,82.7,100.0,13.3,97.0,19.4,Rainy Season,4.0,rain
28.9,75.4,100.0,19.1,66.6,20.3,Rainy Season,7.0,rain
29.7,72.4,0.0,11.2,52.9,20.5,Rainy Season,9.0,partly-cloudy-day
30.0,72.4,0.0,13.0,86.0,18.6,Rainy Season,8.0,partly-cloudy-day
28.2,82.8,100.0,17.6,97.1,18.5,Rainy Season,7.0,rain
27.2,85.3,100.0,22.3,94.7,18.4,Rainy Season,5.0,rain
29.1,74.0,0.0,16.6,80.2,20.3,Rainy Season,8.0,partly-cloudy-day
30.6,71.8,100.0,8.3,69.2,20.4,Rainy Season,7.0,rain
31.0,70.7,0.0,11.2,76.8,20.8,Rainy Season,8.0,partly-cloudy-day
30.7,71.5,100.0,14.0,81.6,19.8,Rainy Season,9.0,rain
30.0,72.2,100.0,13.3,93.5,21.1,Rainy Season,8.0,rain
30.7,70.5,0.0,11.9,56.0,19.8,Rainy Season,8.0,partly-cloudy-day
31.1,68.2,100.0,16.6,75.9,20.4,Rainy Season,8.0,rain
31.7,66.0,0.0,18.4,74.6,20.5,Rainy Season,9.0,partly-cloudy-day
31.0,67.4,0.0,19.8,89.3,20.0,Rainy Season,7.0,partly-cloudy-day
30.3,70.1,100.0,11.2,72.8,20.3,Rainy Season,7.0,rain
29.9,75.8,100.0,9.4,64.6,19.3,Rainy Season,8.0,rain
29.5,77.7,100.0,8.6,77.2,18.9,Rainy Season,8.0,rain
28.0,83.4,100.0,9.4,97.6,19.1,Rainy Season,6.0,rain
27.6,84.8,100.0,9.7,98.1,12.8,Rainy Season,7.0,rain
26.2,85.7,100.0,12.6,99.5,14.8,Rainy Season,4.0,rain
27.0,79.5,100.0,14.8,93.4,18.5,Rainy Season,4.0,rain
28.1,77.9,100.0,17.3,85.8,19.2,Rainy Season,6.0,rain
28.9,76.0,100.0,13.0,87.9,19.5,Rainy Season,8.0,rain
29.0,73.9,100.0,17.3,77.1,21.1,Rainy Season,6.0,rain
29.3,73.6,100.0,21.2,91.0,20.3,Rainy Season,7.0,rain
29.6,72.5,0.0,16.9,91.4,20.3,Rainy Season,6.0,cloudy
29.0,76.4,100.0,13.3,79.6,18.1,Rainy Season,6.0,rain
28.8,74.7,100.0,16.9,56.2,18.5,Rainy Season,7.0,rain
28.7,73.5,100.0,15.1,73.9,20.3,Rainy Season,8.0,rain
28.9,74.0,100.0,13.7,78.5,20.7,Rainy Season,7.0,rain
29.2,75.5,100.0,7.6,55.2,20.1,Rainy Season,8.0,rain
28.8,78.6,100.0,9.0,91.8,20.2,Rainy Season,7.0,rain
29.1,74.7,100.0,8.6,90.8,19.6,Rainy Season,7.0,rain
29.5,72.5,100.0,7.2,94.1,18.1,Rainy Season,8.0,rain
28.7,77.3,100.0,10.8,87.2,16.9,Rainy Season,7.0,rain
29.3,75.2,100.0,10.4,62.9,19.5,Rainy Season,8.0,rain
30.4,69.4,100.0,8.3,49.0,20.6,Rainy Season,8.0,rain
29.8,72.5,100.0,14.4,86.1,20.1,Rainy Season,8.0,rain
29.9,72.9,100.0,5.4,88.2,18.3,Rainy Season,8.0,rain
28.3,81.4,100.0,13.7,97.2,17.6,Rainy Season,7.0,rain
27.5,81.7,100.0,20.9,96.7,16.0,Rainy Season,6.0,rain
28.6,76.3,100.0,14.0,92.1,18.3,Rainy Season,7.0,rain
29.2,77.3,100.0,6.1,61.2,17.7,Rainy Season,8.0,rain
28.6,76.7,100.0,7.6,57.1,20.0,Rainy Season,8.0,rain
29.9,67.5,0.0,5.8,30.5,20.3,Rainy Season,9.0,partly-cloudy-day
30.1,69.8,100.0,8.3,68.9,19.8,Rainy Season,8.0,rain
29.4,73.9,100.0,8.6,84.5,18.4,Rainy Season,7.0,rain
29.2,73.9,100.0,10.4,70.4,20.2,Rainy Season,8.0,rain
29.5,69.7,100.0,7.2,59.6,18.7,Rainy Season,8.0,rain
29.1,73.8,100.0,10.8,80.9,20.1,Rainy Season,8.0,rain
29.6,71.2,0.0,10.8,50.9,20.3,Rainy Season,7.0,partly-cloudy-day
30.2,67.1,0.0,7.6,36.4,20.3,Rainy Season,7.0,partly-cloudy-day
30.5,65.6,0.0,6.5,43.8,21.1,Rainy Season,7.0,partly-cloudy-day
30.8,64.7,100.0,9.4,56.4,19.8,Rainy Season,8.0,rain
30.1,68.4,100.0,8.3,55.0,19.1,Rainy Season,8.0,rain
29.6,71.1,100.0,10.1,80.4,18.1,Rainy Season,6.0,rain
29.5,68.7,100.0,9.7,60.0,21.8,Rainy Season,7.0,rain
29.2,70.3,0.0,14.0,31.1,18.7,Rainy Season,9.0,partly-cloudy-day
28.8,69.0,0.0,13.0,13.6,20.2,Rainy Season,8.0,clear-day
29.7,66.2,0.0,10.8,16.1,21.2,Rainy Season,8.0,clear-day
30.8,60.7,0.0,7.2,20.6,20.5,Rainy Season,8.0,partly-cloudy-day
30.7,62.7,0.0,6.8,63.9,20.2,Rainy Season,8.0,partly-cloudy-day
29.9,67.2,100.0,20.5,83.3,17.7,Rainy Season,6.0,rain
28.0,75.8,100.0,21.6,89.3,19.5,Rainy Season,2.0,rain
29.6,68.1,0.0,11.9,48.3,19.9,Rainy Season,7.0,partly-cloudy-day
29.9,64.4,0.0,9.7,24.1,21.1,Rainy Season,7.0,partly-cloudy-day
29.7,64.1,0.0,10.4,61.6,20.4,Rainy Season,8.0,partly-cloudy-day
29.5,65.5,0.0,10.1,47.3,19.5,Rainy Season,6.0,partly-cloudy-day
29.3,70.6,100.0,9.7,37.4,20.0,Rainy Season,7.0,rain
29.7,68.2,100.0,10.1,27.3,18.5,Rainy Season,8.0,rain
29.4,62.5,0.0,9.7,31.1,20.3,Winter,8.0,partly-cloudy-day
28.9,55.3,0.0,10.4,17.0,20.4,Winter,8.0,clear-day
27.2,56.7,0.0,8.3,2.8,21.1,Winter,8.0,clear-day
27.9,57.5,0.0,6.5,2.8,20.3,Winter,8.0,clear-day
28.4,59.4,0.0,7.9,19.6,20.4,Winter,7.0,clear-day
28.5,57.4,0.0,7.6,2.5,20.5,Winter,7.0,clear-day
28.0,55.5,0.0,5.8,3.3,20.2,Winter,8.0,clear-day
27.2,57.3,0.0,8.3,2.2,21.2,Winter,8.0,clear-day
26.9,57.7,0.0,9.0,12.8,20.4,Winter,8.0,clear-day
27.0,56.5,0.0,9.0,14.0,20.3,Winter,8.0,clear-day
26.6,59.3,0.0,8.6,7.9,20.3,Winter,8.0,clear-day
27.2,54.6,0.0,4.3,0.8,20.3,Winter,8.0,clear-day
27.0,58.1,0.0,9.7,2.1,20.3,Winter,8.0,clear-day
27.1,62.1,0.0,11.5,0.0,20.4,Winter,8.0,clear-day
27.0,61.1,0.0,9.0,3.3,20.5,Winter,7.0,clear-day
27.2,56.8,0.0,8.6,17.0,20.3,Winter,8.0,clear-day
26.9,58.5,100.0,9.4,32.5,20.3,Winter,8.0,rain
26.6,58.3,100.0,9.4,51.6,20.3,Winter,7.0,rain
27.3,53.0,0.0,15.8,64.9,21.0,Winter,7.0,partly-cloudy-day
27.2,51.7,0.0,10.8,45.7,20.3,Winter,7.0,partly-cloudy-day
27.3,54.0,0.0,10.1,5.7,20.5,Winter,7.0,clear-day
27.5,57.7,0.0,11.2,0.8,20.3,Winter,8.0,clear-day
27.5,59.6,0.0,8.6,2.7,20.4,Winter,8.0,clear-day
27.0,59.5,0.0,8.3,26.0,20.5,Winter,8.0,partly-cloudy-day
27.5,56.7,0.0,12.6,67.1,21.1,Winter,7.0,partly-cloudy-day
27.4,57.8,100.0,8.3,62.2,20.3,Winter,6.0,rain
28.4,59.6,0.0,7.2,50.8,20.3,Winter,7.0,partly-cloudy-day
28.3,65.1,100.0,7.9,69.2,20.4,Winter,6.0,rain
28.4,64.5,0.0,9.0,69.7,20.4,Winter,7.0,partly-cloudy-day
28.2,62.7,0.0,10.1,31.7,20.5,Winter,7.0,partly-cloudy-day
28.7,60.8,0.0,7.9,24.4,20.4,Winter,7.0,partly-cloudy-day
28.6,63.0,100.0,9.0,22.6,20.6,Winter,6.0,rain
28.1,64.5,0.0,9.0,10.8,20.4,Winter,7.0,clear-day
27.5,63.6,0.0,8.6,5.3,20.4,Winter,7.0,clear-day
26.8,60.1,0.0,9.4,9.0,20.4,Winter,7.0,clear-day
26.2,59.1,0.0,8.6,37.9,20.5,Winter,7.0,partly-cloudy-day
26.1,55.9,0.0,8.3,24.9,20.4,Winter,7.0,partly-cloudy-day
25.6,58.6,0.0,8.3,28.7,20.4,Winter,7.0,partly-cloudy-day
25.7,59.9,0.0,9.0,19.4,20.5,Winter,7.0,clear-day
24.9,61.3,0.0,9.0,3.0,20.4,Winter,7.0,clear-day
24.7,60.9,0.0,9.4,4.2,20.4,Winter,7.0,clear-day
25.2,60.7,0.0,9.4,1.3,20.4,Winter,7.0,clear-day
25.6,63.0,0.0,6.8,4.6,20.3,Winter,7.0,clear-day
26.2,66.3,0.0,12.6,35.8,21.1,Winter,6.0,partly-cloudy-day
26.3,69.0,100.0,12.6,41.7,20.4,Winter,5.0,rain
26.0,65.0,0.0,11.9,57.2,21.2,Winter,6.0,partly-cloudy-day
25.1,68.5,0.0,8.6,57.3,20.4,Winter,7.0,partly-cloudy-day
25.6,66.7,0.0,10.1,55.9,20.2,Winter,5.0,partly-cloudy-day
25.7,71.4,100.0,5.8,65.1,19.1,Winter,6.0,rain
24.7,74.4,100.0,7.9,65.2,20.4,Winter,5.0,rain
24.7,69.3,0.0,6.8,39.4,20.4,Winter,6.0,partly-cloudy-day
24.7,65.3,0.0,9.0,49.4,20.3,Winter,7.0,partly-cloudy-day
25.1,63.2,0.0,7.2,35.0,20.3,Winter,7.0,partly-cloudy-day
24.4,65.4,0.0,13.0,12.2,20.3,Winter,7.0,clear-day
25.4,62.2,0.0,16.6,13.4,20.3,Winter,7.0,clear-day
23.8,67.4,0.0,13.3,24.5,20.4,Winter,7.0,partly-cloudy-day
23.7,60.0,0.0,14.8,13.5,20.4,Winter,7.0,clear-day
23.8,56.0,0.0,10.1,33.2,20.4,Winter,7.0,partly-cloudy-day
23.2,63.3,0.0,7.6,22.6,20.4,Winter,7.0,partly-cloudy-day
23.0,66.0,0.0,10.1,19.1,20.3,Winter,7.0,clear-day
23.0,65.8,100.0,15.1,26.3,20.3,Winter,6.0,rain
22.8,61.9,0.0,9.4,14.3,21.8,Winter,7.0,clear-day
21.8,61.7,0.0,10.1,4.8,20.4,Winter,7.0,clear-day
22.1,59.7,0.0,10.1,0.7,20.4,Winter,7.0,clear-day
22.0,59.3,0.0,9.7,3.3,20.4,Winter,7.0,clear-day
22.5,58.3,0.0,11.9,0.0,20.3,Winter,8.0,clear-day
23.0,60.7,0.0,11.2,11.4,20.3,Winter,7.0,clear-day
24.3,60.9,0.0,8.3,31.8,21.2,Winter,6.0,partly-cloudy-day
23.8,62.9,0.0,9.0,7.3,20.4,Winter,7.0,clear-day
23.6,56.5,0.0,9.4,11.6,20.4,Winter,7.0,clear-day
22.8,55.8,0.0,9.0,1.0,20.4,Winter,7.0,clear-day
23.1,51.7,0.0,10.1,0.0,20.4,Winter,8.0,clear-day
22.7,54.7,0.0,8.6,0.0,20.4,Winter,8.0,clear-day
22.2,59.1,0.0,15.1,0.0,20.4,Winter,8.0,clear-day
22.0,59.2,0.0,10.1,0.0,20.4,Winter,8.0,clear-day
21.8,51.1,0.0,10.8,0.0,20.4,Winter,8.0,clear-day
22.3,48.5,0.0,6.8,0.0,20.3,Winter,8.0,clear-day
21.9,55.0,0.0,9.4,1.3,20.4,Winter,8.0,clear-day
22.6,59.5,0.0,10.8,2.5,20.3,Winter,8.0,clear-day
23.0,59.5,0.0,8.6,5.1,20.3,Winter,8.0,clear-day
23.0,59.1,0.0,9.7,0.0,20.3,Winter,8.0,clear-day
23.5,57.0,0.0,8.3,0.0,20.3,Winter,8.0,clear-day
23.1,57.7,0.0,9.4,0.0,20.3,Winter,8.0,clear-day
22.3,57.6,0.0,13.0,0.0,20.3,Winter,8.0,clear-day
22.5,53.2,0.0,12.6,2.2,20.3,Winter,8.0,clear-day
23.4,52.5,0.0,9.7,0.6,20.3,Winter,8.0,clear-day
23.8,54.6,0.0,8.6,0.1,20.3,Winter,8.0,clear-day
24.5,53.9,0.0,10.4,0.0,21.0,Winter,8.0,clear-day
25.4,54.8,0.0,9.4,0.0,20.2,Winter,8.0,clear-day
25.5,60.8,0.0,8.6,1.2,20.3,Winter,8.0,clear-day
26.8,58.6,0.0,9.7,11.9,20.2,Winter,8.0,clear-day
26.3,58.3,0.0,8.6,0.0,20.2,Winter,8.0,clear-day
26.2,62.6,0.0,8.6,6.6,20.3,Winter,8.0,clear-day
26.9,61.7,0.0,11.2,37.2,20.2,Winter,8.0,partly-cloudy-day
27.1,61.7,0.0,7.6,57.6,20.3,Winter,8.0,partly-cloudy-day
26.9,63.8,0.0,12.2,4.0,21.1,Winter,8.0,clear-day
26.5,51.5,0.0,14.0,9.7,20.3,Winter,9.0,clear-day
24.1,48.1,0.0,13.7,0.2,20.3,Winter,9.0,clear-day
22.9,43.5,0.0,13.3,0.4,20.3,Winter,9.0,clear-day
22.7,46.6,0.0,10.4,1.3,21.0,Winter,9.0,clear-day
24.2,41.6,0.0,8.6,13.8,20.2,Winter,9.0,clear-day
23.6,49.9,0.0,10.1,58.0,20.2,Winter,9.0,partly-cloudy-day
23.8,54.4,0.0,10.8,0.0,20.2,Winter,9.0,clear-day
24.0,55.8,0.0,10.1,0.0,20.3,Winter,9.0,clear-day
24.4,52.0,0.0,13.0,0.4,21.1,Winter,9.0,clear-day
24.2,55.1,0.0,13.3,0.0,20.3,Winter,9.0,clear-day
25.2,52.2,0.0,17.3,0.0,20.2,Winter,9.0,clear-day
26.5,49.3,0.0,19.8,8.1,20.2,Winter,9.0,clear-day
26.2,58.9,100.0,16.2,30.6,20.3,Winter,7.0,rain
25.6,59.9,0.0,13.3,3.5,20.4,Winter,8.0,clear-day
26.0,54.2,0.0,8.3,4.2,20.3,Winter,9.0,clear-day
26.0,48.0,0.0,14.4,0.2,20.3,Winter,9.0,clear-day
26.7,44.3,0.0,16.2,1.2,20.4,Winter,9.0,clear-day
27.3,44.1,0.0,18.0,0.0,20.3,Winter,9.0,clear-day
27.3,42.6,0.0,16.6,0.0,20.3,Winter,9.0,clear-day
27.3,42.3,0.0,7.9,0.0,20.3,Winter,9.0,clear-day
27.9,41.8,0.0,9.7,4.4,20.3,Winter,8.0,clear-day
27.3,53.9,100.0,15.1,29.3,20.2,Winter,8.0,rain
27.9,56.0,0.0,20.5,28.9,20.2,Winter,8.0,partly-cloudy-day
27.4,53.3,0.0,11.2,7.5,20.3,Winter,9.0,clear-day
26.9,53.1,0.0,9.7,0.0,21.0,Summer,9.0,clear-day
27.6,47.8,0.0,8.6,0.0,20.2,Summer,9.0,clear-day
26.9,52.3,0.0,8.3,0.2,22.6,Summer,9.0,clear-day
27.6,46.7,0.0,9.7,0.0,20.2,Summer,9.0,clear-day
27.8,43.2,0.0,17.3,0.0,20.2,Summer,9.0,clear-day
28.8,43.3,0.0,17.3,0.1,21.1,Summer,9.0,clear-day
28.8,43.6,0.0,14.8,0.0,20.2,Summer,9.0,clear-day
28.2,47.7,0.0,10.1,12.5,20.2,Summer,9.0,clear-day
28.3,50.6,0.0,10.1,30.3,20.3,Summer,9.0,partly-cloudy-day
28.4,48.8,0.0,9.7,42.4,20.2,Summer,9.0,partly-cloudy-day
28.9,43.2,0.0,12.2,86.9,20.3,Summer,9.0,partly-cloudy-day
28.5,41.4,0.0,8.6,91.0,20.3,Summer,7.0,cloudy
27.8,56.9,100.0,19.1,22.7,20.2,Summer,9.0,rain
29.0,57.2,0.0,19.1,15.1,20.2,Summer,9.0,clear-day
29.6,51.2,100.0,17.6,31.5,20.2,Summer,10.0,rain
28.0,52.5,100.0,11.5,23.7,20.1,Summer,9.0,rain
28.8,49.7,0.0,7.2,52.8,20.2,Summer,9.0,partly-cloudy-day
28.0,60.2,100.0,8.3,70.2,20.2,Summer,9.0,rain
28.3,62.9,100.0,7.6,91.6,21.0,Summer,7.0,rain
28.3,57.1,0.0,18.0,84.6,20.2,Summer,8.0,partly-cloudy-day
28.4,50.0,0.0,9.7,52.6,20.3,Summer,10.0,partly-cloudy-day
28.6,48.8,100.0,12.2,31.9,20.2,Summer,9.0,rain
28.3,51.5,0.0,9.0,14.5,20.3,Summer,9.0,clear-day
29.3,49.8,0.0,7.9,13.7,20.2,Summer,9.0,clear-day
29.2,47.2,0.0,9.0,7.4,20.2,Summer,10.0,clear-day
29.9,41.8,0.0,9.4,3.2,20.2,Summer,10.0,clear-day
30.6,45.5,0.0,14.0,8.7,20.2,Summer,10.0,clear-day
31.8,43.0,0.0,15.5,16.9,20.2,Summer,10.0,clear-day
30.5,45.7,0.0,8.3,20.8,21.0,Summer,9.0,partly-cloudy-day
31.0,41.8,0.0,8.3,13.3,20.2,Summer,9.0,clear-day
31.0,45.3,0.0,8.6,13.2,20.2,Summer,9.0,clear-day
30.9,46.9,0.0,11.9,18.0,20.2,Summer,10.0,clear-day
29.5,49.3,100.0,17.3,55.0,20.2,Summer,9.0,rain
29.9,45.3,0.0,13.3,40.0,20.3,Summer,9.0,partly-cloudy-day
29.8,44.9,0.0,8.3,10.7,20.2,Summer,8.0,clear-day
30.2,43.9,0.0,9.0,3.5,20.2,Summer,10.0,clear-day
30.9,44.9,0.0,8.6,4.5,20.2,Summer,10.0,clear-day
31.7,40.7,0.0,8.6,59.2,20.2,Summer,10.0,partly-cloudy-day
31.3,46.0,0.0,8.6,26.6,20.2,Summer,10.0,partly-cloudy-day
31.7,45.2,0.0,8.6,0.3,20.2,Summer,10.0,clear-day
32.2,40.3,0.0,11.2,0.4,20.2,Summer,10.0,clear-day
32.0,44.6,0.0,9.4,0.4,20.2,Summer,10.0,clear-day
31.1,48.8,0.0,9.0,40.2,20.2,Summer,10.0,partly-cloudy-day
31.4,52.5,0.0,11.5,11.5,20.1,Summer,10.0,clear-day
31.9,50.6,0.0,10.1,1.1,20.2,Summer,10.0,clear-day
32.6,53.0,0.0,9.4,4.7,20.2,Summer,10.0,clear-day
32.9,53.8,0.0,17.3,12.5,20.2,Summer,10.0,clear-day
33.4,52.5,0.0,19.8,10.1,20.2,Summer,10.0,clear-day
34.3,47.8,0.0,15.1,8.5,20.3,Summer,9.0,clear-day
34.5,49.8,0.0,17.6,15.7,20.2,Summer,10.0,clear-day
34.0,50.3,100.0,18.7,21.3,20.3,Summer,10.0,rain
32.9,52.7,100.0,18.4,28.2,20.4,Summer,10.0,rain
31.3,55.6,100.0,12.6,24.6,20.3,Summer,10.0,rain
31.5,51.6,100.0,15.8,21.7,20.2,Summer,10.0,rain
30.2,59.5,100.0,9.0,17.9,20.3,Summer,10.0,rain
31.2,59.1,0.0,10.1,11.9,20.3,Summer,10.0,clear-day
32.2,55.7,100.0,10.8,16.0,20.2,Summer,9.0,rain
32.8,50.0,100.0,16.6,11.8,20.3,Summer,10.0,rain
33.8,46.2,0.0,16.2,20.0,20.3,Summer,10.0,clear-day
33.9,46.4,0.0,10.4,32.4,20.4,Summer,10.0,partly-cloudy-day
34.0,47.6,0.0,12.2,18.2,20.3,Summer,10.0,clear-day
33.2,47.7,100.0,14.8,40.8,20.3,Summer,9.0,rain
30.6,59.6,100.0,14.4,61.2,20.7,Summer,7.0,rain
31.2,63.3,100.0,12.6,48.3,20.3,Summer,9.0,rain
31.6,63.3,100.0,13.3,42.3,20.3,Summer,8.0,rain
32.8,57.2,0.0,10.4,41.8,20.4,Summer,10.0,partly-cloudy-day
34.0,50.2,0.0,14.8,26.8,20.3,Summer,9.0,partly-cloudy-day
34.0,53.2,0.0,8.3,29.4,20.3,Summer,10.0,partly-cloudy-day
34.3,54.8,0.0,16.9,49.2,20.3,Summer,9.0,partly-cloudy-day
33.7,55.5,100.0,18.0,80.1,20.4,Summer,8.0,rain
34.4,50.0,0.0,21.2,24.9,20.3,Summer,10.0,partly-cloudy-day
32.7,60.0,100.0,17.6,49.2,19.8,Summer,9.0,rain
30.0,68.1,100.0,14.0,86.6,20.2,Summer,6.0,rain
26.8,85.3,100.0,14.4,99.1,13.8,Summer,3.0,rain
25.8,85.9,100.0,38.2,99.6,13.8,Summer,6.0,rain
27.3,79.8,100.0,38.2,85.7,20.2,Summer,8.0,rain
29.3,69.7,100.0,21.2,64.4,19.5,Summer,9.0,rain
30.8,66.7,100.0,18.0,28.8,20.3,Summer,10.0,rain
31.4,59.7,0.0,13.7,16.5,20.3,Summer,10.0,clear-day
31.9,57.4,0.0,14.4,12.3,20.3,Summer,9.0,clear-day
33.1,53.5,0.0,14.8,10.8,20.4,Summer,10.0,clear-day
33.5,50.7,0.0,11.2,15.2,20.3,Summer,9.0,clear-day
34.5,47.2,0.0,9.7,19.8,20.3,Summer,10.0,clear-day
33.6,55.8,100.0,15.8,36.7,20.3,Summer,9.0,rain
33.0,53.8,100.0,18.0,25.3,20.3,Summer,9.0,rain
31.7,59.7,100.0,19.4,32.8,20.2,Summer,8.0,rain
31.6,64.8,100.0,21.6,37.2,19.9,Summer,9.0,rain
32.3,59.3,100.0,14.0,28.9,20.3,Summer,9.0,rain
32.7,57.3,100.0,8.6,47.7,20.3,Summer,8.0,rain
33.0,58.3,0.0,13.7,50.4,20.3,Summer,9.0,partly-cloudy-day
33.0,60.4,0.0,13.3,66.6,20.4,Summer,9.0,partly-cloudy-day
31.9,64.6,100.0,17.3,60.5,19.1,Summer,9.0,rain
31.2,68.7,100.0,19.1,61.2,21.0,Summer,8.0,rain
30.4,69.6,100.0,18.0,37.0,19.5,Summer,8.0,rain
30.4,66.4,0.0,16.9,52.9,20.3,Summer,9.0,partly-cloudy-day
30.4,70.9,100.0,10.4,59.2,19.8,Summer,8.0,rain
31.2,67.5,0.0,13.0,60.3,18.8,Summer,8.0,partly-cloudy-day
30.7,69.5,100.0,13.3,95.1,19.5,Summer,8.0,rain
30.4,67.5,100.0,13.0,96.0,19.3,Summer,7.0,rain
29.8,70.6,100.0,15.1,89.0,19.9,Summer,7.0,rain
30.0,67.8,100.0,19.8,92.7,20.3,Summer,7.0,rain
28.6,75.6,100.0,21.6,91.7,20.2,Summer,7.0,rain
29.4,70.5,100.0,21.6,92.9,20.3,Summer,9.0,rain
29.8,69.9,100.0,23.0,93.5,20.3,Summer,8.0,rain
29.0,74.5,100.0,20.2,93.8,20.3,Summer,6.0,rain
27.1,82.6,100.0,21.2,97.4,20.2,Summer,1.0,rain
29.1,72.9,100.0,25.9,79.1,21.0,Summer,8.0,rain
30.6,68.6,100.0,22.3,69.1,19.6,Summer,7.0,rain
31.1,67.5,100.0,25.2,90.8,19.8,Summer,8.0,rain
30.7,70.1,100.0,23.0,88.4,21.1,Summer,9.0,rain
30.5,68.8,100.0,23.8,86.6,20.4,Summer,8.0,rain
30.3,67.4,100.0,22.0,90.3,20.4,Summer,7.0,rain
29.4,71.7,100.0,23.8,86.7,20.3,Summer,7.0,rain
29.7,71.1,100.0,24.1,89.8,20.4,Summer,7.0,rain
29.1,73.6,100.0,23.4,82.1,20.4,Summer,7.0,rain
28.2,80.0,100.0,21.6,86.9,19.7,Summer,6.0,rain
28.9,76.8,100.0,18.7,90.6,19.8,Summer,6.0,rain
28.8,77.2,100.0,20.2,79.7,20.4,Summer,7.0,rain
29.7,71.6,100.0,20.2,76.3,20.3,Summer,7.0,rain
30.9,67.8,0.0,17.3,63.8,20.4,Summer,9.0,partly-cloudy-day
31.6,65.7,100.0,17.3,54.9,20.4,Summer,8.0,rain
32.4,64.0,100.0,17.3,64.7,21.1,Summer,9.0,rain
31.9,64.9,100.0,19.8,85.2,20.3,Rainy Season,9.0,rain
31.5,68.4,100.0,20.2,90.7,20.3,Rainy Season,8.0,rain
31.0,68.9,100.0,21.2,91.7,20.4,Rainy Season,8.0,rain
30.3,68.6,100.0,20.5,93.6,20.4,Rainy Season,8.0,rain
30.1,67.8,100.0,25.6,92.8,20.4,Rainy Season,8.0,rain
29.8,69.5,100.0,24.1,81.9,20.3,Rainy Season,7.0,rain
31.1,63.8,0.0,22.3,69.3,20.4,Rainy Season,7.0,partly-cloudy-day
31.8,62.8,100.0,18.0,84.3,20.5,Rainy Season,8.0,rain
32.0,63.4,100.0,17.6,92.2,20.3,Rainy Season,7.0,rain
30.5,69.6,100.0,19.1,96.7,20.2,Rainy Season,7.0,rain
30.2,69.3,100.0,23.4,87.6,20.3,Rainy Season,8.0,rain
29.6,70.1,100.0,24.1,95.4,20.2,Rainy Season,8.0,rain
29.3,73.4,100.0,25.2,89.0,19.6,Rainy Season,8.0,rain
28.1,79.4,100.0,22.0,89.0,18.8,Rainy Season,7.0,rain
28.6,76.6,100.0,21.2,90.3,20.3,Rainy Season,6.0,rain
29.4,73.1,100.0,18.7,87.2,20.2,Rainy Season,7.0,rain
30.2,71.6,100.0,13.0,74.1,17.9,Rainy Season,8.0,rain
31.2,69.0,100.0,14.8,48.4,19.2,Rainy Season,9.0,rain
30.7,69.8,100.0,18.7,64.6,19.8,Rainy Season,7.0,rain
30.0,71.3,100.0,18.4,95.7,17.3,Rainy Season,6.0,rain
30.2,69.2,100.0,15.8,91.4,20.5,Rainy Season,7.0,rain
31.7,65.1,100.0,9.4,83.6,20.4,Rainy Season,8.0,rain
30.9,68.3,100.0,10.4,88.8,19.2,Rainy Season,8.0,rain
30.6,70.0,100.0,12.2,84.6,20.3,Rainy Season,8.0,rain
30.9,66.8,100.0,16.9,77.4,19.8,Rainy Season,7.0,rain
30.6,68.6,100.0,20.9,67.7,20.4,Rainy Season,8.0,rain
30.3,70.9,100.0,21.2,81.0,20.5,Rainy Season,8.0,rain
30.1,73.2,100.0,21.6,91.9,20.5,Rainy Season,6.0,rain
30.7,70.5,100.0,20.9,92.1,20.0,Rainy Season,8.0,rain
30.0,72.8,100.0,17.6,96.9,20.5,Rainy Season,6.0,rain
29.0,77.1,100.0,29.5,96.1,19.8,Rainy Season,4.0,rain
28.2,81.0,100.0,28.8,97.9,14.7,Rainy Season,4.0,rain
28.2,82.0,100.0,25.9,98.2,16.5,Rainy Season,6.0,rain
28.4,82.3,100.0,22.3,97.5,18.5,Rainy Season,7.0,rain
28.2,83.0,100.0,24.5,94.7,18.3,Rainy Season,6.0,rain
29.5,76.4,100.0,25.6,95.5,20.2,Rainy Season,7.0,rain
28.4,80.3,100.0,29.5,97.3,18.7,Rainy Season,6.0,rain
28.4,79.4,100.0,28.8,97.7,20.4,Rainy Season,5.0,rain
27.9,81.6,100.0,30.6,93.3,18.9,Rainy Season,6.0,rain
27.5,81.5,100.0,25.2,99.3,20.2,Rainy Season,3.0,rain
28.3,78.7,100.0,21.6,93.6,18.1,Rainy Season,6.0,rain
27.9,79.6,100.0,20.9,95.7,18.2,Rainy Season,6.0,rain
28.3,77.8,100.0,22.0,98.5,20.0,Rainy Season,6.0,rain
29.0,76.7,100.0,21.2,95.6,20.2,Rainy Season,7.0,rain
29.7,74.3,100.0,20.2,91.9,20.1,Rainy Season,7.0,rain
29.9,73.5,100.0,18.0,89.0,19.7,Rainy Season,7.0,rain
29.6,73.9,100.0,16.2,92.2,19.8,Rainy Season,6.0,rain
29.7,72.4,100.0,18.0,86.3,20.4,Rainy Season,8.0,rain
29.9,70.2,100.0,20.2,83.0,20.3,Rainy Season,7.0,rain
30.2,69.1,100.0,16.9,90.7,20.4,Rainy Season,7.0,rain
30.8,70.4,100.0,11.2,94.6,20.5,Rainy Season,8.0,rain
29.0,81.6,100.0,13.0,99.1,17.6,Rainy Season,6.0,rain
28.8,78.8,100.0,19.4,95.9,15.6,Rainy Season,6.0,rain
28.2,81.4,100.0,21.6,94.8,17.3,Rainy Season,7.0,rain
28.3,78.6,100.0,24.1,96.6,19.2,Rainy Season,7.0,rain
28.7,75.7,100.0,27.4,94.0,18.0,Rainy Season,6.0,rain
28.1,79.5,100.0,28.8,95.4,18.4,Rainy Season,6.0,rain
28.4,78.1,100.0,24.8,93.6,19.4,Rainy Season,5.0,rain
29.3,74.0,100.0,20.2,88.7,19.2,Rainy Season,7.0,rain
30.0,73.6,100.0,14.4,95.3,19.1,Rainy Season,8.0,rain
30.1,72.2,100.0,12.2,94.8,17.9,Rainy Season,7.0,rain
29.9,74.2,100.0,12.6,92.9,17.7,Rainy Season,7.0,rain
29.6,76.7,100.0,12.2,94.4,20.4,Rainy Season,6.0,rain
29.2,79.9,100.0,12.6,96.1,18.2,Rainy Season,6.0,rain
28.1,83.7,100.0,8.3,94.7,17.4,Rainy Season,6.0,rain
29.2,79.0,100.0,10.4,79.5,18.4,Rainy Season,8.0,rain
28.3,83.0,100.0,9.0,97.9,18.0,Rainy Season,7.0,rain
27.1,88.1,100.0,16.9,95.3,17.6,Rainy Season,4.0,rain
29.1,76.5,100.0,18.0,78.1,20.7,Rainy Season,6.0,rain
28.6,80.9,100.0,12.6,94.2,20.0,Rainy Season,6.0,rain
28.6,81.7,100.0,10.4,85.7,20.4,Rainy Season,7.0,rain
28.9,81.8,100.0,11.2,97.7,18.7,Rainy Season,7.0,rain
28.6,80.5,100.0,18.4,93.4,19.4,Rainy Season,6.0,rain
28.2,78.9,100.0,20.5,89.4,20.3,Rainy Season,4.0,rain
27.9,80.4,100.0,23.0,95.8,18.0,Rainy Season,7.0,rain
27.6,82.0,100.0,15.1,95.2,20.8,Rainy Season,4.0,rain
28.3,79.2,100.0,13.7,67.4,20.0,Rainy Season,8.0,rain
29.4,78.3,100.0,7.6,58.8,18.9,Rainy Season,9.0,rain
27.8,87.9,100.0,10.1,96.3,17.5,Rainy Season,5.0,rain
27.7,84.9,100.0,17.3,95.7,15.6,Rainy Season,6.0,rain
28.0,79.3,100.0,21.2,97.0,20.0,Rainy Season,5.0,rain
28.4,76.4,100.0,16.9,95.6,19.1,Rainy Season,6.0,rain
28.7,77.8,100.0,13.7,91.4,18.6,Rainy Season,6.0,rain
29.7,76.7,0.0,10.4,62.9,20.3,Rainy Season,8.0,partly-cloudy-day
30.2,75.2,100.0,8.6,85.7,20.3,Rainy Season,8.0,rain
30.5,73.5,100.0,7.9,76.9,21.2,Rainy Season,8.0,rain
29.8,76.0,100.0,7.9,77.3,20.2,Rainy Season,8.0,rain
30.2,74.4,100.0,8.3,87.2,19.0,Rainy Season,8.0,rain
30.2,74.9,100.0,11.2,88.5,19.5,Rainy Season,9.0,rain
29.9,74.8,100.0,8.6,96.3,18.4,Rainy Season,6.0,rain
28.1,83.2,100.0,8.6,97.4,18.2,Rainy Season,4.0,rain
27.5,83.4,100.0,14.8,96.4,18.6,Rainy Season,4.0,rain
27.9,79.0,100.0,19.8,82.1,19.7,Rainy Season,6.0,rain
28.3,77.5,100.0,20.2,55.5,16.3,Rainy Season,7.0,rain
29.1,75.4,0.0,16.2,53.8,18.3,Rainy Season,6.0,partly-cloudy-day
30.0,73.2,0.0,11.2,55.1,20.3,Rainy Season,8.0,partly-cloudy-day
31.0,70.4,0.0,9.7,38.7,20.3,Rainy Season,8.0,partly-cloudy-day
31.4,69.6,0.0,11.9,59.2,20.4,Rainy Season,7.0,partly-cloudy-day
29.9,75.1,100.0,13.0,88.1,18.7,Rainy Season,7.0,rain
28.2,83.6,100.0,9.4,94.5,19.7,Rainy Season,6.0,rain
28.6,82.5,100.0,10.8,95.6,19.7,Rainy Season,7.0,rain
27.1,90.1,100.0,7.2,97.2,15.9,Rainy Season,3.0,rain
27.1,87.2,100.0,9.4,82.8,16.1,Rainy Season,5.0,rain
27.5,83.6,100.0,13.3,86.4,18.4,Rainy Season,7.0,rain
27.3,83.6,100.0,13.0,83.0,16.2,Rainy Season,7.0,rain
27.8,82.3,100.0,7.6,32.3,20.1,Rainy Season,8.0,rain
27.9,80.0,100.0,9.0,22.9,20.3,Rainy Season,8.0,rain
28.0,76.3,0.0,9.7,13.0,20.3,Rainy Season,8.0,clear-day
28.4,75.0,0.0,7.9,37.6,20.4,Rainy Season,8.0,partly-cloudy-day
28.3,75.2,100.0,7.9,43.3,20.2,Rainy Season,7.0,rain
28.8,71.2,0.0,8.3,18.9,20.2,Rainy Season,8.0,clear-day
29.1,63.3,0.0,9.4,28.7,20.3,Rainy Season,8.0,partly-cloudy-day
29.6,66.4,0.0,8.6,44.0,20.4,Rainy Season,8.0,partly-cloudy-day
29.3,71.3,100.0,6.5,49.1,20.3,Rainy Season,7.0,rain
27.8,78.6,100.0,7.6,81.9,18.6,Rainy Season,6.0,rain
26.9,84.9,100.0,9.7,81.9,16.9,Rainy Season,7.0,rain
27.1,84.5,100.0,5.4,65.8,19.8,Rainy Season,6.0,rain
27.3,83.2,100.0,8.3,41.8,20.3,Rainy Season,8.0,rain
27.7,74.2,0.0,9.0,70.3,19.7,Rainy Season,8.0,partly-cloudy-day
28.9,69.0,100.0,8.6,85.8,19.8,Rainy Season,6.0,rain
28.6,68.4,0.0,8.3,32.1,20.4,Rainy Season,7.0,partly-cloudy-day
27.6,72.5,100.0,12.2,51.4,20.3,Rainy Season,7.0,rain
27.9,71.5,0.0,10.4,73.6,20.3,Rainy Season,7.0,partly-cloudy-day
29.4,69.1,100.0,6.5,53.5,20.4,Winter,7.0,rain
28.7,70.7,100.0,5.4,71.0,19.6,Winter,7.0,rain
29.0,68.5,0.0,7.6,35.6,19.4,Winter,7.0,partly-cloudy-day
29.2,68.7,100.0,6.5,34.5,20.4,Winter,8.0,rain
29.5,66.4,100.0,13.0,62.1,20.3,Winter,7.0,rain
29.1,65.9,0.0,10.8,75.1,20.3,Winter,8.0,partly-cloudy-day
29.0,64.8,0.0,7.9,64.5,20.4,Winter,8.0,partly-cloudy-day
29.2,63.4,0.0,6.8,55.7,20.3,Winter,8.0,partly-cloudy-day
28.6,69.5,0.0,9.0,27.0,20.3,Winter,7.0,partly-cloudy-day
28.6,65.5,0.0,6.8,27.5,21.1,Winter,8.0,partly-cloudy-day
28.3,63.1,0.0,9.0,13.8,20.3,Winter,8.0,clear-day
28.3,62.3,0.0,9.4,45.0,20.3,Winter,7.0,partly-cloudy-day
28.8,60.8,0.0,11.9,59.2,20.3,Winter,8.0,partly-cloudy-day
29.1,61.3,0.0,10.4,46.6,20.3,Winter,7.0,partly-cloudy-day
29.5,62.3,0.0,5.0,89.6,20.3,Winter,7.0,partly-cloudy-day
29.3,66.8,100.0,13.3,89.1,18.5,Winter,6.0,rain
24.0,90.1,100.0,14.4,100.0,15.5,Winter,3.0,rain
24.6,88.3,100.0,6.5,98.6,18.0,Winter,4.0,rain
24.2,85.3,100.0,13.3,80.7,19.6,Winter,7.0,rain
25.4,78.7,0.0,12.6,36.7,20.2,Winter,7.0,partly-cloudy-day
25.6,76.4,0.0,9.7,17.0,20.3,Winter,7.0,clear-day
25.8,73.0,0.0,10.8,21.8,20.3,Winter,7.0,partly-cloudy-day
25.2,75.2,0.0,10.8,7.6,20.3,Winter,7.0,clear-day
25.4,74.3,0.0,9.4,10.4,20.3,Winter,7.0,clear-day
25.9,72.0,0.0,14.4,22.6,20.3,Winter,7.0,partly-cloudy-day
25.6,75.0,0.0,15.1,27.4,20.3,Winter,7.0,partly-cloudy-day
25.4,72.6,0.0,12.6,31.2,20.3,Winter,7.0,partly-cloudy-day
25.0,75.0,0.0,11.5,35.0,20.3,Winter,7.0,partly-cloudy-day
25.3,73.2,0.0,11.5,59.3,20.3,Winter,7.0,partly-cloudy-day
25.2,76.7,100.0,13.0,91.0,20.3,Winter,6.0,rain
25.8,76.1,100.0,11.9,87.6,20.3,Winter,5.0,rain
26.6,75.4,100.0,9.4,71.1,20.2,Winter,6.0,rain
27.2,73.0,0.0,12.6,79.2,20.3,Winter,6.0,partly-cloudy-day
26.6,77.9,0.0,11.9,81.9,20.3,Winter,4.0,partly-cloudy-day
26.8,75.2,0.0,14.0,83.1,20.3,Winter,7.0,partly-cloudy-day
26.6,69.2,100.0,14.4,70.6,20.3,Winter,6.0,rain
27.0,67.5,0.0,11.5,46.2,20.3,Winter,7.0,partly-cloudy-day
25.1,80.9,100.0,13.0,74.1,16.0,Winter,4.0,rain
25.6,85.1,100.0,9.0,60.0,19.4,Winter,6.0,rain
25.3,79.8,100.0,7.2,57.0,19.9,Winter,6.0,rain
25.7,74.1,0.0,7.6,40.7,20.3,Winter,7.0,partly-cloudy-day
26.2,70.4,0.0,7.6,22.8,20.3,Winter,7.0,partly-cloudy-day
26.6,75.5,100.0,10.8,34.0,19.0,Winter,7.0,rain
27.3,70.7,100.0,16.6,29.0,19.6,Winter,6.0,rain
24.9,74.5,100.0,9.0,28.4,20.3,Winter,7.0,rain
23.8,71.4,0.0,7.2,0.2,20.3,Winter,7.0,clear-day
23.4,70.7,0.0,9.4,0.3,20.3,Winter,7.0,clear-day
23.6,70.3,0.0,7.9,18.6,20.3,Winter,7.0,clear-day
23.5,72.1,0.0,7.6,18.3,20.3,Winter,7.0,clear-day
23.6,72.7,0.0,8.6,39.6,20.3,Winter,7.0,partly-cloudy-day
23.1,69.4,0.0,9.4,42.1,20.3,Winter,7.0,partly-cloudy-day
23.9,66.1,0.0,8.3,35.7,20.3,Winter,7.0,partly-cloudy-day
24.6,68.3,0.0,8.6,48.6,20.3,Winter,6.0,partly-cloudy-day
24.4,68.3,0.0,7.9,25.3,20.3,Winter,7.0,partly-cloudy-day
24.7,63.0,0.0,8.3,18.4,21.1,Winter,7.0,clear-day
24.2,64.8,0.0,8.6,13.0,20.3,Winter,7.0,clear-day
23.6,70.6,0.0,9.0,16.1,20.3,Winter,7.0,clear-day
24.1,66.2,0.0,8.6,25.9,20.3,Winter,7.0,partly-cloudy-day
24.2,65.3,0.0,9.0,24.1,20.3,Winter,7.0,partly-cloudy-day
23.3,66.7,0.0,9.4,12.5,20.3,Winter,7.0,clear-day
22.5,66.1,0.0,9.7,0.1,21.0,Winter,7.0,clear-day
22.7,60.4,0.0,9.4,0.0,20.3,Winter,7.0,clear-day
22.6,58.9,0.0,10.1,0.0,21.0,Winter,8.0,clear-day
22.5,60.2,0.0,9.4,0.0,20.3,Winter,8.0,clear-day
22.3,57.9,0.0,7.9,6.8,20.3,Winter,8.0,clear-day
22.4,55.1,0.0,9.7,0.0,20.5,Winter,8.0,clear-day
21.7,64.8,0.0,9.0,8.4,20.3,Winter,7.0,clear-day
21.3,64.2,0.0,11.5,4.8,20.3,Winter,8.0,clear-day
21.2,63.0,0.0,10.8,0.2,20.3,Winter,8.0,clear-day
21.1,60.5,0.0,12.2,0.0,20.4,Winter,8.0,clear-day
20.3,58.8,0.0,12.2,5.9,20.3,Winter,8.0,clear-day
20.5,60.6,0.0,11.9,26.5,20.3,Winter,8.0,partly-cloudy-day
20.7,60.7,0.0,11.9,8.5,20.4,Winter,8.0,clear-day
19.9,62.9,0.0,10.8,0.0,20.3,Winter,8.0,clear-day
21.1,62.9,0.0,9.4,0.0,20.3,Winter,8.0,clear-day
22.3,62.9,0.0,9.7,0.0,20.4,Winter,8.0,clear-day
23.5,67.6,100.0,15.5,18.3,20.3,Winter,6.0,rain
23.7,64.0,0.0,14.4,3.3,20.2,Winter,8.0,clear-day
22.8,60.4,0.0,10.4,7.1,20.4,Winter,8.0,clear-day
22.2,59.3,0.0,9.7,25.0,20.3,Winter,8.0,partly-cloudy-day
22.1,61.1,0.0,8.3,0.2,20.3,Winter,8.0,clear-day
21.6,63.3,0.0,9.7,21.0,20.3,Winter,8.0,partly-cloudy-day
22.4,60.6,0.0,8.3,22.1,20.3,Winter,8.0,partly-cloudy-day
21.7,61.5,0.0,10.8,4.8,20.4,Winter,8.0,clear-day
22.2,57.0,0.0,10.1,12.9,20.4,Winter,8.0,clear-day
22.8,58.2,0.0,11.9,32.6,20.3,Winter,8.0,partly-cloudy-day
22.7,63.9,0.0,7.6,17.2,20.3,Winter,8.0,clear-day
23.4,66.4,100.0,12.2,46.9,20.4,Winter,8.0,rain
22.9,65.6,0.0,10.1,15.0,20.3,Winter,8.0,clear-day
22.6,65.8,0.0,13.0,25.6,20.3,Winter,8.0,partly-cloudy-day
21.9,64.5,0.0,10.4,17.7,20.3,Winter,8.0,clear-day
21.5,65.3,0.0,10.8,14.6,20.3,Winter,8.0,clear-day
22.0,61.2,0.0,9.4,4.2,20.2,Winter,8.0,clear-day
22.9,57.3,0.0,11.5,1.0,20.4,Winter,8.0,clear-day
23.7,56.6,0.0,12.2,3.4,20.4,Winter,8.0,clear-day
22.9,61.2,0.0,9.0,0.0,20.4,Winter,8.0,clear-day
23.3,57.1,0.0,9.7,0.0,20.5,Winter,8.0,clear-day
24.4,54.0,0.0,8.6,0.6,20.3,Winter,8.0,clear-day
25.6,53.2,0.0,9.0,4.9,20.4,Winter,8.0,clear-day
25.4,59.3,0.0,8.3,1.0,21.1,Winter,8.0,clear-day
24.7,55.2,0.0,12.2,0.9,20.3,Winter,8.0,clear-day
24.0,47.2,0.0,10.8,3.5,20.3,Winter,9.0,clear-day
23.8,54.2,0.0,11.2,0.0,20.4,Winter,9.0,clear-day
25.0,56.2,0.0,13.7,33.7,20.3,Winter,9.0,partly-cloudy-day
24.8,54.5,0.0,10.1,58.3,20.2,Winter,9.0,partly-cloudy-day
24.3,50.5,0.0,10.4,48.4,20.4,Winter,9.0,partly-cloudy-day
25.3,48.4,0.0,11.9,81.0,20.3,Winter,8.0,partly-cloudy-day
25.9,51.2,0.0,13.3,21.9,20.3,Winter,9.0,partly-cloudy-day
25.0,52.7,0.0,10.4,0.0,20.3,Winter,9.0,clear-day
24.2,48.7,0.0,11.2,0.0,20.3,Winter,9.0,clear-day
23.6,49.3,0.0,10.4,0.0,20.3,Winter,9.0,clear-day
24.4,49.6,0.0,10.8,12.6,20.3,Winter,9.0,clear-day
25.1,51.9,0.0,14.0,32.9,20.2,Winter,9.0,partly-cloudy-day
26.5,49.2,0.0,14.8,48.2,20.2,Winter,9.0,partly-cloudy-day
27.5,50.7,0.0,16.2,17.6,20.2,Winter,9.0,clear-day
26.1,54.5,0.0,9.4,1.4,20.3,Winter,9.0,clear-day
26.4,54.8,0.0,9.0,0.1,20.2,Winter,9.0,clear-day
26.4,54.1,0.0,11.2,0.0,20.2,Winter,9.0,clear-day
27.1,53.4,0.0,9.4,0.0,20.2,Winter,9.0,clear-day
27.6,50.6,0.0,15.8,1.7,20.2,Winter,9.0,clear-day
27.4,46.1,0.0,9.4,0.0,20.3,Winter,9.0,clear-day
26.9,48.9,0.0,9.7,0.0,20.2,Summer,9.0,clear-day
26.8,45.3,0.0,10.8,0.0,20.2,Summer,9.0,clear-day
27.2,45.4,0.0,15.5,0.4,20.3,Summer,10.0,clear-day
27.2,44.5,0.0,10.8,0.1,20.2,Summer,9.0,clear-day
27.8,50.9,0.0,9.4,4.8,20.2,Summer,9.0,clear-day
27.5,41.3,0.0,14.4,0.0,20.3,Summer,9.0,clear-day
26.5,35.9,0.0,11.5,0.8,20.3,Summer,10.0,clear-day
27.3,36.4,0.0,10.4,0.7,20.2,Summer,10.0,clear-day
26.7,43.7,0.0,10.1,0.0,20.3,Summer,10.0,clear-day
26.1,49.7,0.0,10.1,0.0,20.2,Summer,10.0,clear-day
27.3,48.3,0.0,11.9,8.8,20.2,Summer,10.0,clear-day
28.0,41.2,0.0,20.9,0.5,20.3,Summer,10.0,clear-day
27.7,40.4,0.0,12.2,0.0,20.2,Summer,10.0,clear-day
27.6,47.9,0.0,11.5,3.2,20.2,Summer,10.0,clear-day
28.7,47.5,0.0,10.4,6.7,20.2,Summer,9.0,clear-day
29.1,47.9,0.0,10.8,0.8,20.2,Summer,10.0,clear-day
28.8,46.2,0.0,9.0,24.6,20.2,Summer,10.0,partly-cloudy-day
29.1,47.8,0.0,10.1,33.3,20.2,Summer,10.0,partly-cloudy-day
29.9,47.9,0.0,9.0,10.0,20.2,Summer,9.0,clear-day
30.3,44.7,0.0,11.9,7.1,20.2,Summer,9.0,clear-day
29.5,52.1,100.0,15.8,37.7,18.4,Summer,9.0,rain
25.8,65.9,100.0,7.9,28.1,19.1,Summer,9.0,rain
27.4,54.3,0.0,10.8,10.4,20.2,Summer,10.0,clear-day
28.5,50.8,0.0,10.1,2.5,20.3,Summer,9.0,clear-day
28.8,47.0,0.0,9.4,3.1,20.2,Summer,10.0,clear-day
29.0,49.1,0.0,9.4,39.6,21.0,Summer,9.0,partly-cloudy-day
30.0,43.7,0.0,9.0,4.6,21.1,Summer,10.0,clear-day
30.1,47.9,0.0,9.4,35.6,24.1,Summer,10.0,partly-cloudy-day
31.0,46.8,0.0,15.8,25.0,24.1,Summer,9.0,partly-cloudy-day
32.4,41.8,0.0,14.4,55.2,24.1,Summer,10.0,partly-cloudy-day
32.0,42.3,0.0,19.1,43.7,24.1,Summer,9.0,partly-cloudy-day
33.0,39.9,0.0,22.3,16.7,24.1,Summer,10.0,clear-day
33.2,44.6,0.0,15.1,12.3,22.5,Summer,10.0,clear-day
34.1,41.6,0.0,15.5,10.1,20.2,Summer,9.0,clear-day
34.2,42.5,0.0,10.8,4.3,20.2,Summer,10.0,clear-day
34.3,42.4,0.0,12.6,7.6,20.2,Summer,10.0,clear-day
35.5,41.0,0.0,16.9,6.0,20.2,Summer,10.0,clear-day
35.4,42.4,0.0,17.6,11.4,20.2,Summer,10.0,clear-day
34.6,44.8,0.0,12.6,10.6,20.2,Summer,10.0,clear-day
34.3,48.5,0.0,7.9,9.3,20.2,Summer,10.0,clear-day
33.7,44.4,0.0,15.5,6.3,20.2,Summer,10.0,clear-day
33.4,48.1,0.0,14.4,7.2,20.2,Summer,10.0,clear-day
33.3,44.7,0.0,11.2,14.3,20.2,Summer,10.0,clear-day
32.9,47.5,100.0,11.2,9.6,20.2,Summer,10.0,rain
33.0,49.4,100.0,10.4,27.7,20.2,Summer,10.0,rain
33.2,45.0,100.0,11.9,16.8,20.2,Summer,10.0,rain
34.0,45.8,0.0,16.6,43.2,20.2,Summer,10.0,partly-cloudy-day
34.2,47.0,0.0,17.3,27.1,20.2,Summer,10.0,partly-cloudy-day
33.0,49.1,100.0,15.8,36.9,20.2,Summer,9.0,rain
33.7,48.4,0.0,19.8,16.5,20.2,Summer,9.0,clear-day
34.1,47.0,0.0,22.7,11.2,20.2,Summer,10.0,clear-day
34.3,46.3,0.0,20.5,14.1,20.2,Summer,10.0,clear-day
35.0,45.1,0.0,17.6,34.0,20.2,Summer,10.0,partly-cloudy-day
35.3,45.4,0.0,11.2,12.5,20.2,Summer,10.0,clear-day
34.7,47.2,100.0,19.8,17.3,20.2,Summer,10.0,rain
34.6,45.0,0.0,15.5,17.4,20.2,Summer,10.0,clear-day
35.1,42.2,0.0,18.0,19.9,20.2,Summer,9.0,clear-day
35.6,39.1,0.0,13.7,5.9,21.0,Summer,10.0,clear-day
36.5,37.3,0.0,15.8,11.4,20.2,Summer,10.0,clear-day
35.5,47.2,100.0,19.4,19.5,20.2,Summer,10.0,rain
35.4,45.7,0.0,15.1,17.4,20.2,Summer,10.0,clear-day
35.6,41.3,100.0,22.7,17.4,24.1,Summer,10.0,rain
32.6,54.6,100.0,20.9,36.7,18.9,Summer,10.0,rain
30.6,63.3,100.0,13.0,40.6,18.6,Summer,9.0,rain
31.7,60.7,100.0,11.2,36.8,20.1,Summer,9.0,rain
32.7,52.7,0.0,15.1,17.5,20.3,Summer,10.0,clear-day
32.6,48.7,0.0,11.2,23.8,19.7,Summer,10.0,partly-cloudy-day
31.7,50.6,0.0,9.4,59.4,19.3,Summer,10.0,partly-cloudy-day
31.0,59.8,100.0,6.8,66.3,21.8,Summer,9.0,rain
32.1,59.1,100.0,14.4,47.1,20.2,Summer,9.0,rain
32.9,54.8,0.0,15.5,28.5,21.0,Summer,9.0,partly-cloudy-day
32.5,54.9,100.0,10.8,29.6,20.3,Summer,9.0,rain
33.5,51.8,0.0,13.7,28.7,20.2,Summer,9.0,partly-cloudy-day
34.0,49.4,100.0,11.9,19.1,20.2,Summer,9.0,rain
35.8,44.6,0.0,14.8,28.1,20.3,Summer,10.0,partly-cloudy-day
36.2,44.8,100.0,14.8,36.2,20.3,Summer,9.0,rain
35.5,50.7,100.0,19.8,42.9,20.2,Summer,10.0,rain
36.1,48.7,100.0,22.3,47.7,20.3,Summer,10.0,rain
34.5,55.8,100.0,20.2,52.0,20.2,Summer,10.0,rain
32.6,63.9,100.0,14.4,48.7,20.3,Summer,9.0,rain
31.5,66.6,100.0,12.2,43.4,20.0,Summer,9.0,rain
29.4,70.4,100.0,13.0,69.4,19.7,Summer,8.0,rain
31.0,67.9,100.0,10.1,46.9,20.9,Summer,8.0,rain
31.4,67.0,100.0,11.5,57.4,20.2,Summer,9.0,rain
31.7,65.6,100.0,20.2,76.0,19.5,Summer,7.0,rain
29.3,75.8,100.0,18.0,96.6,19.4,Summer,4.0,rain
28.2,81.6,100.0,26.6,98.2,19.5,Summer,7.0,rain
27.3,88.0,100.0,30.6,99.5,15.1,Summer,6.0,rain
28.7,81.9,100.0,28.1,98.7,16.5,Summer,7.0,rain
29.8,78.4,100.0,26.6,96.5,20.3,Summer,7.0,rain
31.4,71.0,100.0,23.0,69.9,20.3,Summer,8.0,rain
31.6,71.4,100.0,17.3,66.2,19.1,Summer,8.0,rain
31.1,73.3,100.0,19.4,77.7,20.2,Summer,8.0,rain
29.3,75.4,100.0,19.4,98.0,19.9,Summer,6.0,rain
28.8,79.5,100.0,19.1,93.4,19.9,Summer,6.0,rain
29.2,77.1,100.0,18.4,78.1,20.2,Summer,6.0,rain
30.9,69.8,100.0,14.8,67.5,20.3,Summer,9.0,rain
30.3,72.9,100.0,14.8,93.1,20.1,Summer,7.0,rain
28.7,82.3,100.0,15.1,97.5,20.3,Summer,2.0,rain
29.4,77.8,100.0,19.4,88.7,20.3,Summer,6.0,rain
31.2,70.4,100.0,18.0,76.0,20.3,Summer,8.0,rain
31.8,68.3,0.0,18.0,89.4,20.3,Summer,8.0,partly-cloudy-day
30.1,73.2,0.0,16.9,94.7,18.4,Summer,4.0,cloudy
28.8,76.7,100.0,27.7,94.5,17.7,Summer,6.0,rain
28.1,82.2,100.0,25.6,97.8,18.7,Summer,5.0,rain
28.1,85.0,100.0,20.9,97.9,16.2,Summer,4.0,rain
27.8,83.4,100.0,22.0,95.9,20.3,Summer,5.0,rain
29.4,74.6,100.0,24.8,90.1,19.8,Summer,6.0,rain
30.1,72.8,100.0,23.0,93.3,19.2,Summer,6.0,rain
29.7,73.8,100.0,24.1,90.7,19.3,Summer,7.0,rain
29.4,72.9,100.0,27.4,94.1,20.3,Summer,6.0,rain
29.9,73.2,100.0,24.8,85.2,19.6,Summer,8.0,rain
30.1,74.5,100.0,18.0,92.8,20.3,Summer,8.0,rain
32.1,64.8,100.0,15.8,67.2,20.3,Summer,8.0,rain
31.2,69.2,100.0,16.9,85.0,20.3,Summer,8.0,rain
31.4,67.4,100.0,19.1,95.3,20.4,Summer,7.0,rain
30.9,69.2,100.0,13.0,94.1,20.4,Summer,7.0,rain
28.8,79.9,100.0,15.8,98.3,18.4,Summer,5.0,rain
29.9,71.4,100.0,22.0,96.4,20.3,Summer,7.0,rain
29.7,73.5,100.0,24.8,94.6,20.3,Summer,7.0,rain
29.5,75.1,100.0,25.9,93.5,20.2,Summer,7.0,rain
29.3,75.6,100.0,27.0,95.2,15.8,Summer,8.0,rain
28.9,75.4,100.0,27.4,97.2,19.5,Rainy Season,7.0,rain
28.2,79.1,100.0,29.2,94.6,20.3,Rainy Season,7.0,rain
28.8,76.1,100.0,24.1,81.6,20.3,Rainy Season,8.0,rain
29.1,73.9,100.0,25.2,94.9,18.3,Rainy Season,7.0,rain
29.9,71.7,100.0,21.6,91.1,20.3,Rainy Season,7.0,rain
30.5,69.6,100.0,18.4,91.5,20.4,Rainy Season,7.0,rain
30.8,71.3,100.0,14.8,81.6,20.3,Rainy Season,8.0,rain
31.1,68.0,100.0,18.7,84.9,20.3,Rainy Season,8.0,rain
30.8,68.8,100.0,23.4,91.9,20.3,Rainy Season,8.0,rain
30.1,72.2,100.0,24.1,91.5,20.3,Rainy Season,7.0,rain
27.9,82.5,100.0,19.4,97.5,17.7,Rainy Season,3.0,rain
29.0,77.7,100.0,21.2,94.7,17.8,Rainy Season,5.0,rain
29.9,73.4,100.0,21.6,93.5,20.1,Rainy Season,8.0,rain
30.5,70.0,100.0,21.2,90.0,21.8,Rainy Season,7.0,rain
30.1,70.0,0.0,22.0,93.4,20.3,Rainy Season,5.0,cloudy
31.0,68.1,0.0,15.1,82.4,20.3,Rainy Season,7.0,partly-cloudy-day
30.9,69.8,100.0,14.4,92.7,20.2,Rainy Season,6.0,rain
30.7,69.5,100.0,19.4,95.6,18.5,Rainy Season,6.0,rain
29.7,73.4,100.0,23.4,92.7,20.0,Rainy Season,6.0,rain
28.6,79.1,100.0,23.8,98.7,19.4,Rainy Season,4.0,rain
28.7,76.0,100.0,26.6,97.5,14.6,Rainy Season,5.0,rain
28.0,81.6,100.0,23.0,92.3,15.3,Rainy Season,4.0,rain
28.8,77.0,100.0,23.8,90.4,19.7,Rainy Season,5.0,rain
29.1,77.9,100.0,28.8,95.0,18.8,Rainy Season,6.0,rain
28.8,78.8,100.0,28.1,92.9,18.8,Rainy Season,4.0,rain
28.6,79.5,100.0,25.2,90.8,19.8,Rainy Season,4.0,rain
29.0,77.3,100.0,24.1,86.2,18.6,Rainy Season,5.0,rain
29.1,76.1,100.0,24.5,94.0,18.0,Rainy Season,6.0,rain
27.8,81.4,100.0,25.6,98.0,20.2,Rainy Season,3.0,rain
26.9,87.5,100.0,20.9,99.6,20.9,Rainy Season,2.0,rain
26.3,89.5,100.0,25.9,98.8,14.5,Rainy Season,2.0,rain
26.7,88.2,100.0,22.3,98.6,13.7,Rainy Season,3.0,rain
27.1,85.9,100.0,23.8,99.0,17.5,Rainy Season,4.0,rain
27.6,82.6,100.0,21.6,95.2,19.9,Rainy Season,6.0,rain
28.4,78.5,100.0,21.2,97.9,18.2,Rainy Season,7.0,rain
28.6,76.7,100.0,20.5,96.1,14.9,Rainy Season,6.0,rain
29.1,75.3,100.0,19.1,94.1,16.0,Rainy Season,7.0,rain
28.0,79.7,100.0,21.6,97.8,18.2,Rainy Season,3.0,rain
28.4,77.2,100.0,24.5,67.9,19.7,Rainy Season,7.0,rain
30.0,71.0,100.0,21.6,58.1,20.3,Rainy Season,8.0,rain
30.8,69.0,100.0,20.9,82.1,20.3,Rainy Season,7.0,rain
30.4,71.4,100.0,19.8,84.6,20.3,Rainy Season,6.0,rain
27.9,86.9,100.0,14.0,99.5,19.7,Rainy Season,3.0,rain
26.8,88.7,100.0,16.6,99.5,16.0,Rainy Season,5.0,rain
27.2,85.7,100.0,16.2,99.0,19.3,Rainy Season,4.0,rain
27.3,86.9,100.0,17.3,99.1,15.9,Rainy Season,5.0,rain
27.3,87.8,100.0,18.7,98.6,15.7,Rainy Season,5.0,rain
27.9,82.9,100.0,18.7,97.3,14.8,Rainy Season,6.0,rain
28.0,83.0,100.0,19.8,97.1,18.3,Rainy Season,6.0,rain
27.9,83.0,100.0,22.0,98.3,16.6,Rainy Season,6.0,rain
28.7,78.9,100.0,23.0,91.8,21.3,Rainy Season,7.0,rain
28.4,81.9,100.0,18.4,95.2,18.6,Rainy Season,4.0,rain
28.3,81.7,100.0,20.9,96.9,20.2,Rainy Season,6.0,rain
26.5,87.9,100.0,18.0,99.9,16.2,Rainy Season,2.0,rain
26.5,87.5,100.0,21.2,98.6,13.8,Rainy Season,2.0,rain
27.2,85.1,100.0,19.1,98.1,14.9,Rainy Season,4.0,rain
28.4,79.2,100.0,19.4,89.7,18.1,Rainy Season,6.0,rain
27.9,81.7,100.0,14.0,93.9,20.3,Rainy Season,5.0,rain
28.6,79.1,100.0,12.6,70.8,20.3,Rainy Season,7.0,rain
28.4,80.7,100.0,11.2,65.5,19.6,Rainy Season,7.0,rain
29.0,78.8,0.0,16.6,70.0,20.3,Rainy Season,7.0,partly-cloudy-day
28.7,77.4,0.0,17.6,91.8,20.3,Rainy Season,6.0,cloudy
27.2,85.8,100.0,13.0,87.1,20.2,Rainy Season,7.0,rain
28.9,80.0,0.0,6.8,91.3,20.3,Rainy Season,8.0,cloudy
29.5,80.0,100.0,8.3,90.7,20.1,Rainy Season,8.0,rain
29.1,80.1,100.0,11.9,98.6,20.1,Rainy Season,7.0,rain
29.4,77.4,100.0,13.3,83.2,20.3,Rainy Season,7.0,rain
28.6,81.0,100.0,9.4,84.7,19.6,Rainy Season,4.0,rain
29.4,75.0,0.0,13.7,68.7,19.5,Rainy Season,8.0,partly-cloudy-day
29.3,77.7,100.0,17.3,87.6,20.3,Rainy Season,7.0,rain
28.0,85.4,100.0,17.6,96.6,16.8,Rainy Season,4.0,rain
26.2,94.5,100.0,15.1,100.0,10.6,Rainy Season,3.0,rain
25.3,95.6,100.0,24.1,100.0,6.3,Rainy Season,1.0,rain
25.3,92.5,100.0,22.0,100.0,10.5,Rainy Season,3.0,rain
25.6,91.8,100.0,22.3,99.7,19.5,Rainy Season,2.0,rain
27.1,82.2,100.0,16.9,98.0,19.5,Rainy Season,7.0,rain
27.8,81.4,100.0,16.2,95.5,20.3,Rainy Season,7.0,rain
28.7,78.5,0.0,11.9,78.7,20.2,Rainy Season,8.0,partly-cloudy-day
29.0,80.3,100.0,9.0,80.8,20.3,Rainy Season,7.0,rain
29.3,81.1,100.0,6.8,80.7,17.8,Rainy Season,7.0,rain
29.3,81.6,0.0,9.0,35.3,20.0,Rainy Season,9.0,partly-cloudy-day
28.8,82.9,0.0,12.2,65.6,20.2,Rainy Season,9.0,partly-cloudy-day
28.9,82.0,0.0,8.6,85.6,19.3,Rainy Season,7.0,partly-cloudy-day
29.2,84.6,100.0,13.3,83.2,19.0,Rainy Season,7.0,rain
27.5,86.0,100.0,11.9,97.1,17.9,Rainy Season,4.0,rain
27.1,87.0,100.0,12.2,97.6,18.6,Rainy Season,2.0,rain
27.8,81.1,100.0,13.7,97.2,18.9,Rainy Season,5.0,rain
28.4,79.3,100.0,11.5,85.3,20.0,Rainy Season,7.0,rain
28.7,79.3,100.0,9.0,94.1,19.7,Rainy Season,6.0,rain
29.3,80.1,100.0,9.7,79.8,20.2,Rainy Season,8.0,rain
29.7,81.2,100.0,11.5,68.8,21.1,Rainy Season,8.0,rain
29.9,79.4,100.0,14.0,92.6,19.0,Rainy Season,7.0,rain
26.9,88.5,100.0,12.6,99.2,14.9,Rainy Season,4.0,rain
25.8,89.7,100.0,22.0,97.5,18.7,Rainy Season,5.0,rain
27.3,82.2,100.0,22.7,93.5,17.3,Rainy Season,6.0,rain
28.2,79.4,100.0,22.0,93.6,17.8,Rainy Season,7.0,rain
27.5,80.9,100.0,19.4,68.1,20.3,Rainy Season,9.0,rain
28.8,78.1,0.0,10.8,59.7,20.2,Rainy Season,8.0,partly-cloudy-day
29.2,79.5,100.0,7.6,49.1,20.1,Rainy Season,8.0,rain
28.4,83.7,100.0,7.6,77.7,19.2,Rainy Season,7.0,rain
28.9,78.8,100.0,7.2,61.3,19.9,Rainy Season,8.0,rain
28.6,79.7,100.0,10.4,49.5,19.6,Rainy Season,8.0,rain
28.8,77.7,100.0,9.4,39.1,20.3,Rainy Season,8.0,rain
29.4,76.4,100.0,8.3,48.4,20.3,Rainy Season,8.0,rain
28.5,76.2,100.0,8.6,45.6,20.2,Rainy Season,9.0,rain
28.4,80.8,100.0,6.8,41.3,20.3,Rainy Season,8.0,rain
28.9,81.4,100.0,5.8,45.6,19.5,Rainy Season,8.0,rain
28.6,81.6,100.0,6.8,42.9,20.3,Rainy Season,7.0,rain
27.5,85.1,100.0,5.8,43.4,19.3,Rainy Season,8.0,rain
28.0,84.8,100.0,7.2,44.0,20.3,Rainy Season,7.0,rain
28.0,83.5,0.0,11.5,42.1,20.3,Rainy Season,8.0,partly-cloudy-day
27.4,84.0,100.0,11.5,82.9,20.1,Rainy Season,7.0,rain
25.4,88.0,100.0,9.7,99.4,20.2,Rainy Season,3.0,rain
27.1,85.1,100.0,11.5,88.8,19.3,Rainy Season,6.0,rain
26.8,89.4,100.0,8.3,91.9,17.2,Rainy Season,7.0,rain
26.8,88.2,100.0,7.9,79.5,19.1,Rainy Season,6.0,rain
27.3,84.3,100.0,9.4,66.5,20.3,Rainy Season,6.0,rain
27.5,82.7,100.0,10.8,54.8,20.3,Rainy Season,6.0,rain
27.7,82.1,0.0,13.3,20.7,20.3,Rainy Season,8.0,partly-cloudy-day
26.9,80.6,0.0,13.3,19.7,20.3,Rainy Season,8.0,clear-day
28.4,77.5,0.0,9.0,12.0,20.2,Rainy Season,7.0,clear-day
29.0,78.8,0.0,10.4,22.0,20.3,Rainy Season,7.0,partly-cloudy-day
28.4,81.2,100.0,7.9,31.7,21.0,Rainy Season,7.0,rain
27.8,81.4,100.0,11.2,31.7,20.1,Winter,7.0,rain
28.0,81.0,100.0,11.9,16.9,20.4,Winter,8.0,rain
28.2,80.6,100.0,7.2,23.3,20.3,Winter,7.0,rain
28.1,80.5,0.0,7.6,15.8,20.1,Winter,8.0,clear-day
27.9,79.5,0.0,6.8,28.9,20.4,Winter,8.0,partly-cloudy-day
24.1,91.3,100.0,8.3,89.3,18.4,Winter,3.0,rain
22.9,92.4,100.0,8.6,97.2,19.7,Winter,3.0,rain
22.6,89.8,0.0,12.2,95.8,20.2,Winter,3.0,cloudy
23.5,88.5,100.0,11.9,95.6,20.2,Winter,2.0,rain
25.0,84.6,100.0,10.4,83.4,20.3,Winter,5.0,rain
26.3,84.3,0.0,9.7,54.7,20.3,Winter,7.0,partly-cloudy-day
27.0,82.3,100.0,9.4,37.8,20.4,Winter,7.0,rain
26.6,83.1,0.0,11.2,26.3,20.3,Winter,7.0,partly-cloudy-day
26.1,82.1,0.0,12.6,4.6,20.3,Winter,8.0,clear-day
25.0,81.6,0.0,9.0,20.8,20.4,Winter,8.0,partly-cloudy-day
24.1,78.6,0.0,9.4,36.2,20.3,Winter,8.0,partly-cloudy-day
23.2,74.0,0.0,11.5,30.9,20.4,Winter,8.0,partly-cloudy-day
24.3,78.3,0.0,12.2,11.7,24.1,Winter,7.0,clear-day
25.4,82.9,0.0,9.4,22.5,24.1,Winter,5.0,partly-cloudy-day
26.1,83.7,100.0,7.6,18.0,23.6,Winter,7.0,rain
26.1,83.0,100.0,9.7,19.3,24.1,Winter,7.0,rain
24.1,76.5,0.0,10.4,10.6,21.1,Winter,8.0,clear-day
24.6,77.5,100.0,8.6,26.7,20.3,Winter,7.0,rain
24.3,80.8,0.0,8.3,43.1,20.4,Winter,8.0,partly-cloudy-day
23.6,78.5,0.0,9.4,24.0,20.3,Winter,8.0,partly-cloudy-day
22.4,80.0,0.0,9.4,43.3,20.3,Winter,7.0,partly-cloudy-day
23.3,76.6,0.0,10.8,58.3,20.4,Winter,7.0,partly-cloudy-day
23.5,79.3,100.0,12.2,76.6,20.2,Winter,6.0,rain
24.3,86.0,100.0,8.6,87.3,20.3,Winter,6.0,rain
25.1,82.8,0.0,10.8,53.5,20.5,Winter,7.0,partly-cloudy-day
24.3,84.2,0.0,12.2,27.1,24.1,Winter,7.0,partly-cloudy-day
24.5,81.9,0.0,9.7,32.5,20.4,Winter,7.0,partly-cloudy-day
24.8,81.1,0.0,10.4,17.8,20.4,Winter,7.0,clear-day
24.9,81.0,0.0,9.0,13.0,20.3,Winter,7.0,clear-day
24.7,81.4,0.0,8.3,29.6,20.3,Winter,7.0,partly-cloudy-day
23.6,80.7,0.0,8.3,34.7,20.3,Winter,7.0,partly-cloudy-day
23.2,78.0,0.0,7.6,28.5,20.3,Winter,7.0,partly-cloudy-day
23.1,80.0,0.0,8.6,19.6,20.4,Winter,7.0,clear-day
24.0,81.2,100.0,8.3,45.5,20.3,Winter,7.0,rain
24.1,80.3,0.0,9.4,44.6,20.4,Winter,7.0,partly-cloudy-day
22.6,80.6,0.0,10.1,46.9,20.4,Winter,7.0,partly-cloudy-day
21.8,78.8,0.0,10.4,45.0,20.3,Winter,7.0,partly-cloudy-day
21.7,79.0,0.0,9.0,0.1,20.4,Winter,7.0,clear-day
22.2,78.4,0.0,13.0,18.7,20.4,Winter,7.0,clear-day
23.1,75.0,0.0,13.3,31.2,20.3,Winter,6.0,partly-cloudy-day
23.1,77.6,0.0,10.8,3.6,20.4,Winter,7.0,clear-day
23.4,76.2,0.0,11.5,15.0,20.4,Winter,7.0,clear-day
23.0,78.5,0.0,9.0,44.2,21.8,Winter,6.0,partly-cloudy-day
23.6,75.2,0.0,9.4,62.4,20.4,Winter,7.0,partly-cloudy-day
22.8,77.5,0.0,9.0,48.1,20.4,Winter,7.0,partly-cloudy-day
23.0,76.9,100.0,10.4,78.8,20.3,Winter,5.0,rain
23.1,77.4,0.0,10.4,63.5,20.4,Winter,7.0,partly-cloudy-day
21.5,78.5,0.0,11.2,60.0,20.3,Winter,7.0,partly-cloudy-day
21.4,79.1,0.0,9.0,31.6,20.4,Winter,7.0,partly-cloudy-day
22.1,78.2,0.0,9.0,0.0,20.4,Winter,7.0,clear-day
22.7,76.9,0.0,10.8,3.3,20.4,Winter,7.0,clear-day
22.8,77.6,0.0,10.8,0.2,20.3,Winter,7.0,clear-day
22.6,78.0,0.0,10.1,0.0,20.4,Winter,7.0,clear-day
22.8,79.0,0.0,10.8,0.2,20.4,Winter,7.0,clear-day
23.8,77.0,0.0,8.6,6.0,20.3,Winter,7.0,clear-day
22.9,80.0,0.0,9.4,22.6,20.4,Winter,7.0,partly-cloudy-day
22.4,76.7,0.0,8.6,14.5,20.4,Winter,7.0,clear-day
21.9,76.1,0.0,9.0,8.0,20.3,Winter,7.0,clear-day
21.8,76.4,0.0,9.4,33.3,20.4,Winter,7.0,partly-cloudy-day
22.1,75.4,0.0,9.0,26.4,20.4,Winter,6.0,partly-cloudy-day
22.5,75.2,0.0,9.0,11.2,20.3,Winter,7.0,clear-day
22.7,72.9,0.0,9.0,15.4,20.4,Winter,6.0,clear-day
22.7,69.1,0.0,8.3,21.3,1240.1,Winter,7.0,partly-cloudy-day
22.8,65.3,0.0,17.3,19.5,20.3,Winter,7.0,clear-day
22.2,70.7,0.0,10.1,12.4,20.4,Winter,7.0,clear-day
21.7,75.4,0.0,9.4,4.6,20.4,Winter,7.0,clear-day
21.6,75.2,0.0,10.4,7.5,20.4,Winter,7.0,clear-day
22.1,71.6,0.0,9.4,47.1,20.3,Winter,7.0,partly-cloudy-day
21.9,72.2,0.0,9.7,3.8,20.4,Winter,8.0,clear-day
21.6,72.5,0.0,10.1,5.1,20.4,Winter,8.0,clear-day
21.6,74.9,0.0,10.1,0.0,20.3,Winter,8.0,clear-day
21.7,73.5,0.0,10.1,0.0,20.4,Winter,8.0,clear-day
21.3,71.5,0.0,9.4,0.1,20.4,Winter,8.0,clear-day
22.0,69.5,0.0,7.9,20.6,20.3,Winter,8.0,partly-cloudy-day
22.4,67.8,0.0,6.8,0.0,20.4,Winter,8.0,clear-day
22.7,68.9,0.0,9.0,0.0,20.4,Winter,8.0,clear-day
22.4,70.2,0.0,13.7,0.0,20.3,Winter,8.0,clear-day
22.5,71.6,0.0,10.8,0.0,20.4,Winter,8.0,clear-day
23.1,72.6,0.0,10.4,0.0,20.4,Winter,8.0,clear-day
23.1,70.5,0.0,10.1,0.0,20.3,Winter,8.0,clear-day
22.8,71.2,0.0,10.4,4.2,20.3,Winter,8.0,clear-day
23.1,63.3,0.0,9.7,0.0,20.4,Winter,8.0,clear-day
23.1,65.9,0.0,16.2,0.0,20.2,Winter,8.0,clear-day
24.0,63.8,0.0,25.2,10.2,20.3,Winter,8.0,clear-day
23.8,64.7,100.0,16.2,19.4,20.3,Winter,8.0,rain
23.1,63.1,0.0,21.2,7.8,20.3,Winter,8.0,clear-day
22.7,56.6,0.0,14.4,37.0,20.3,Winter,8.0,partly-cloudy-day
22.3,64.6,0.0,10.1,32.4,20.3,Winter,8.0,partly-cloudy-day
23.4,61.6,0.0,8.3,2.3,20.3,Winter,8.0,clear-day
23.1,61.4,0.0,11.5,0.4,20.3,Winter,8.0,clear-day
22.6,62.7,0.0,10.4,0.1,20.2,Winter,8.0,clear-day
24.4,63.8,0.0,15.1,3.3,20.3,Winter,8.0,clear-day
25.0,61.6,0.0,11.9,1.3,20.2,Winter,8.0,clear-day
24.2,61.6,0.0,10.1,2.7,20.2,Winter,8.0,clear-day
24.6,61.9,0.0,11.2,4.2,20.3,Winter,8.0,clear-day
26.0,58.8,0.0,18.0,2.7,20.2,Winter,8.0,clear-day
26.3,55.7,0.0,20.9,0.4,20.2,Winter,9.0,clear-day
24.8,51.5,0.0,17.6,0.0,20.3,Winter,9.0,clear-day
24.5,48.3,0.0,11.5,0.0,20.2,Winter,9.0,clear-day
24.4,54.6,0.0,12.2,0.0,20.2,Winter,9.0,clear-day
26.3,48.1,0.0,18.4,0.0,20.3,Winter,9.0,clear-day
25.3,55.1,0.0,13.7,0.2,20.2,Winter,9.0,clear-day
24.8,56.0,0.0,11.5,0.4,20.2,Winter,9.0,clear-day
24.3,55.3,0.0,10.4,0.0,20.2,Winter,9.0,clear-day
24.3,52.0,0.0,10.4,0.0,20.2,Winter,9.0,clear-day
24.6,51.2,0.0,11.2,0.3,20.2,Winter,9.0,clear-day
25.5,51.2,0.0,9.4,0.4,20.3,Winter,9.0,clear-day
25.4,54.1,0.0,9.0,1.4,20.2,Winter,9.0,clear-day
26.0,54.4,0.0,9.0,2.2,20.2,Winter,9.0,clear-day
26.0,53.7,0.0,9.7,4.6,20.3,Winter,9.0,clear-day
26.2,55.6,0.0,9.0,11.3,20.2,Winter,8.0,clear-day
27.7,59.1,0.0,14.4,18.8,20.2,Winter,8.0,clear-day
27.3,56.7,0.0,9.7,2.5,20.2,Winter,9.0,clear-day
26.5,53.8,0.0,9.4,13.9,20.2,Winter,9.0,clear-day
26.5,52.8,0.0,13.7,0.0,21.0,Winter,9.0,clear-day
25.9,50.4,0.0,10.8,0.1,20.3,Summer,9.0,clear-day
27.2,52.0,0.0,12.2,1.2,20.2,Summer,9.0,clear-day
27.5,48.7,0.0,10.4,3.4,20.2,Summer,9.0,clear-day
27.1,51.4,0.0,9.4,4.9,20.2,Summer,9.0,clear-day
26.5,50.2,0.0,11.9,1.9,20.2,Summer,9.0,clear-day
26.4,50.5,0.0,11.2,0.0,20.2,Summer,9.0,clear-day
26.8,49.9,0.0,16.2,0.0,20.2,Summer,10.0,clear-day
27.9,42.8,0.0,20.9,2.1,20.2,Summer,10.0,clear-day
28.0,44.8,0.0,14.0,0.0,20.2,Summer,10.0,clear-day
27.6,48.4,0.0,10.4,0.0,20.2,Summer,10.0,clear-day
27.9,50.5,0.0,9.4,33.3,20.3,Summer,9.0,partly-cloudy-day
27.5,47.2,0.0,14.8,0.0,20.2,Summer,10.0,clear-day
27.9,43.6,0.0,12.2,0.5,21.0,Summer,10.0,clear-day
29.9,38.9,0.0,13.7,0.1,21.0,Summer,10.0,clear-day
30.3,40.8,0.0,14.0,0.1,20.2,Summer,10.0,clear-day
30.6,43.7,0.0,13.3,0.0,20.2,Summer,10.0,clear-day
31.3,42.7,0.0,14.4,3.3,20.2,Summer,10.0,clear-day
31.7,40.8,0.0,18.7,18.2,20.2,Summer,10.0,clear-day
31.7,42.7,0.0,18.4,28.8,20.2,Summer,10.0,partly-cloudy-day
31.2,48.4,0.0,17.6,1.3,20.2,Summer,9.0,clear-day
31.5,47.2,100.0,20.9,12.9,20.2,Summer,9.0,rain
31.2,51.6,0.0,17.6,20.0,20.2,Summer,8.0,clear-day
30.9,49.4,0.0,14.0,5.8,20.2,Summer,10.0,clear-day
30.1,48.2,0.0,8.6,24.0,20.2,Summer,9.0,partly-cloudy-day
29.3,49.4,0.0,7.2,19.2,20.2,Summer,9.0,clear-day
29.0,53.4,0.0,9.7,28.0,20.2,Summer,8.0,partly-cloudy-day
29.8,45.3,0.0,14.4,0.6,20.2,Summer,10.0,clear-day
30.1,41.7,0.0,16.9,0.2,23.3,Summer,10.0,clear-day
31.5,40.0,0.0,18.4,1.2,24.1,Summer,10.0,clear-day
31.9,34.5,0.0,17.6,1.8,24.1,Summer,10.0,clear-day
32.4,31.3,0.0,19.8,1.1,24.1,Summer,10.0,clear-day
32.4,30.7,0.0,19.4,1.1,24.1,Summer,10.0,clear-day
32.2,36.9,0.0,16.9,20.3,20.2,Summer,10.0,partly-cloudy-day
33.1,34.7,0.0,19.8,0.9,21.0,Summer,10.0,clear-day
32.7,40.0,0.0,17.3,15.8,20.2,Summer,10.0,clear-day
32.4,40.5,0.0,19.4,19.5,20.2,Summer,10.0,clear-day
31.5,44.9,0.0,18.4,76.5,21.0,Summer,8.0,partly-cloudy-day
29.4,51.8,0.0,20.9,96.7,20.8,Summer,5.0,cloudy
30.3,54.1,100.0,8.6,94.9,20.2,Summer,7.0,rain
29.5,53.1,0.0,9.7,97.1,20.3,Summer,4.0,cloudy
29.2,59.5,100.0,13.0,88.3,20.2,Summer,7.0,rain
29.3,65.8,100.0,20.2,74.7,20.0,Summer,9.0,rain
29.8,66.9,100.0,16.2,63.7,19.2,Summer,8.0,rain
30.6,65.0,100.0,11.2,86.4,20.0,Summer,8.0,rain
29.7,69.5,100.0,11.2,60.0,17.4,Summer,8.0,rain
27.5,78.1,100.0,12.2,63.3,18.7,Summer,8.0,rain
29.8,69.0,100.0,14.8,49.4,19.2,Summer,9.0,rain
29.9,65.0,100.0,13.7,28.5,20.3,Summer,9.0,rain
30.3,62.9,100.0,15.1,33.0,19.9,Summer,10.0,rain
30.5,58.7,100.0,13.7,36.5,20.3,Summer,9.0,rain
31.2,56.4,0.0,16.6,21.9,20.3,Summer,10.0,partly-cloudy-day
32.5,54.1,0.0,19.1,20.7,20.3,Summer,9.0,partly-cloudy-day
33.6,52.5,0.0,17.6,28.2,20.3,Summer,10.0,partly-cloudy-day
34.2,50.8,0.0,22.3,15.5,20.3,Summer,10.0,clear-day
34.1,47.4,0.0,22.3,4.7,20.3,Summer,10.0,clear-day
34.6,48.1,0.0,21.2,6.1,20.3,Summer,10.0,clear-day
34.8,46.2,0.0,20.5,13.7,20.2,Summer,10.0,clear-day
34.7,47.0,0.0,15.8,15.0,20.3,Summer,9.0,clear-day
34.0,48.9,0.0,16.9,29.0,20.3,Summer,9.0,partly-cloudy-day
29.9,65.6,100.0,16.9,48.9,20.1,Summer,9.0,rain
26.3,85.5,100.0,10.4,77.4,19.2,Summer,7.0,rain
26.7,83.2,100.0,11.5,74.1,20.2,Summer,8.0,rain
26.6,80.5,100.0,7.6,73.3,18.3,Summer,7.0,rain
27.6,77.4,100.0,13.0,45.1,20.3,Summer,9.0,rain
28.9,74.0,100.0,11.9,37.9,19.5,Summer,9.0,rain
30.2,65.0,0.0,11.5,16.9,20.3,Summer,8.0,clear-day
31.1,63.5,0.0,12.6,12.1,20.3,Summer,9.0,clear-day
31.7,62.5,0.0,11.2,35.7,20.3,Summer,9.0,partly-cloudy-day
31.9,59.2,0.0,16.2,18.6,21.1,Summer,10.0,clear-day
33.2,54.4,0.0,14.0,38.6,21.8,Summer,9.0,partly-cloudy-day
32.5,61.9,0.0,15.1,29.6,20.3,Summer,9.0,partly-cloudy-day
31.8,66.4,100.0,12.2,48.8,19.8,Summer,9.0,rain
30.3,69.2,100.0,14.4,54.2,21.1,Summer,8.0,rain
30.2,70.2,100.0,20.2,63.5,20.3,Summer,9.0,rain
30.2,69.3,100.0,17.3,75.9,19.9,Summer,7.0,rain
30.1,69.7,100.0,14.4,77.9,20.3,Summer,8.0,rain
29.6,69.8,100.0,19.4,88.1,20.3,Summer,7.0,rain
29.8,69.1,100.0,19.8,92.3,19.4,Summer,7.0,rain
28.8,75.5,100.0,13.3,91.8,18.5,Summer,6.0,rain
29.9,71.9,100.0,13.3,76.6,19.7,Summer,9.0,rain
31.3,67.3,100.0,18.0,49.9,20.5,Summer,9.0,rain
29.5,76.4,100.0,17.6,75.9,19.8,Summer,9.0,rain
29.5,76.4,100.0,16.9,87.6,19.7,Summer,5.0,rain
29.1,79.8,100.0,14.0,89.9,19.8,Summer,7.0,rain
28.2,82.8,100.0,10.4,96.2,19.9,Summer,5.0,rain
28.3,84.2,100.0,7.6,98.2,17.7,Summer,6.0,rain
27.6,88.2,100.0,8.3,98.8,13.9,Summer,4.0,rain
27.0,90.9,100.0,17.6,97.4,15.2,Summer,4.0,rain
27.5,82.0,100.0,23.4,97.3,18.3,Summer,4.0,rain
27.9,82.7,100.0,25.9,97.7,17.7,Summer,7.0,rain
27.5,84.6,100.0,33.5,97.8,18.2,Summer,5.0,rain
27.3,87.7,100.0,28.4,97.5,17.8,Summer,6.0,rain
27.9,85.4,100.0,31.3,95.4,15.5,Summer,5.0,rain
27.1,88.2,100.0,29.9,97.9,16.3,Summer,1.0,rain
27.6,84.8,100.0,25.2,79.0,20.3,Summer,7.0,rain
28.9,76.5,100.0,19.4,50.2,20.3,Summer,9.0,rain
29.2,75.8,100.0,14.4,67.2,19.0,Summer,8.0,rain
30.0,73.0,0.0,16.2,54.0,20.3,Summer,8.0,partly-cloudy-day
30.3,74.5,100.0,15.1,64.6,20.3,Summer,8.0,rain
30.2,76.6,100.0,13.7,77.1,20.4,Summer,8.0,rain
29.4,78.9,100.0,14.0,94.4,20.8,Summer,8.0,rain
28.4,82.3,100.0,17.3,91.2,20.0,Summer,7.0,rain
27.1,87.9,100.0,13.0,98.0,15.2,Summer,4.0,rain
27.5,86.5,100.0,10.1,95.5,14.3,Summer,6.0,rain
28.0,83.7,100.0,14.4,84.0,18.1,Summer,5.0,rain
28.4,81.8,100.0,19.1,91.3,21.1,Summer,7.0,rain
28.7,79.0,100.0,21.2,96.0,19.2,Summer,8.0,rain
28.0,81.8,100.0,24.8,96.0,16.1,Summer,4.0,rain
27.8,82.2,100.0,23.8,97.8,17.9,Summer,6.0,rain
27.6,82.6,100.0,28.4,95.2,18.0,Summer,6.0,rain
28.2,81.1,100.0,22.3,96.2,19.0,Summer,5.0,rain
28.6,78.4,100.0,25.6,92.6,18.0,Summer,7.0,rain
28.6,77.6,100.0,23.0,95.0,19.3,Summer,6.0,rain
29.7,75.0,100.0,21.2,92.5,21.1,Summer,7.0,rain
28.7,76.2,100.0,22.0,95.4,19.7,Summer,6.0,rain
28.8,76.2,100.0,22.0,94.4,20.3,Summer,6.0,rain
28.9,75.8,100.0,21.6,95.3,20.3,Summer,5.0,rain
28.3,80.3,100.0,20.5,94.5,20.1,Summer,6.0,rain
28.3,81.7,100.0,19.1,93.3,17.0,Summer,7.0,rain
28.3,79.7,100.0,22.7,90.3,19.4,Summer,6.0,rain
27.9,80.6,100.0,25.9,91.2,19.0,Summer,5.0,rain
28.4,78.1,100.0,23.0,97.2,20.2,Summer,7.0,rain
28.0,79.7,100.0,22.3,96.9,17.3,Rainy Season,6.0,rain
28.2,78.5,100.0,26.3,94.9,20.0,Rainy Season,8.0,rain
27.7,79.6,100.0,23.0,95.6,17.9,Rainy Season,5.0,rain
28.0,77.9,100.0,23.0,96.0,19.5,Rainy Season,6.0,rain
27.7,81.3,100.0,21.6,95.4,20.3,Rainy Season,4.0,rain
27.7,81.7,100.0,25.2,97.8,17.7,Rainy Season,6.0,rain
27.0,82.9,100.0,27.7,96.0,17.4,Rainy Season,3.0,rain
27.6,85.1,100.0,23.4,94.8,18.4,Rainy Season,8.0,rain
27.6,84.0,100.0,21.6,96.4,19.5,Rainy Season,7.0,rain
28.3,79.9,100.0,18.0,91.9,19.8,Rainy Season,7.0,rain
28.6,80.7,100.0,15.1,93.4,19.6,Rainy Season,7.0,rain
27.5,85.8,100.0,13.7,95.6,16.6,Rainy Season,6.0,rain
28.0,82.0,100.0,17.3,96.2,18.4,Rainy Season,5.0,rain
28.3,80.2,100.0,19.8,90.3,19.8,Rainy Season,5.0,rain
29.0,80.5,100.0,18.4,97.3,20.3,Rainy Season,8.0,rain
26.8,89.0,100.0,17.6,99.1,17.4,Rainy Season,3.0,rain
26.8,88.3,100.0,15.5,98.5,15.9,Rainy Season,4.0,rain
27.6,84.1,100.0,17.6,86.9,12.8,Rainy Season,7.0,rain
28.7,78.0,100.0,21.6,90.8,20.3,Rainy Season,7.0,rain
29.3,77.8,100.0,16.2,83.4,20.2,Rainy Season,7.0,rain
29.2,77.5,0.0,16.2,93.5,19.5,Rainy Season,6.0,cloudy
29.1,77.4,100.0,16.2,95.8,19.8,Rainy Season,7.0,rain
27.2,87.8,100.0,15.5,99.2,15.4,Rainy Season,3.0,rain
27.4,83.9,100.0,33.5,99.8,19.2,Rainy Season,5.0,rain
27.8,80.7,100.0,29.2,97.9,16.3,Rainy Season,6.0,rain
28.0,82.4,100.0,25.6,97.8,18.0,Rainy Season,6.0,rain
26.9,90.5,100.0,20.9,100.0,17.1,Rainy Season,7.0,rain
26.8,91.2,100.0,19.8,98.8,12.8,Rainy Season,4.0,rain
27.5,86.4,100.0,18.7,91.5,14.8,Rainy Season,4.0,rain
28.1,83.4,100.0,21.2,84.3,17.2,Rainy Season,5.0,rain
27.7,84.9,100.0,26.6,95.5,17.7,Rainy Season,6.0,rain
28.5,82.7,100.0,23.0,89.5,19.0,Rainy Season,7.0,rain
28.4,82.8,100.0,22.0,85.5,19.1,Rainy Season,6.0,rain
29.3,78.2,100.0,21.2,80.3,19.7,Rainy Season,6.0,rain
29.4,76.9,100.0,22.3,96.2,20.3,Rainy Season,7.0,rain
29.5,77.8,0.0,20.2,96.8,20.2,Rainy Season,6.0,cloudy
28.0,83.5,100.0,20.2,93.5,9.3,Rainy Season,5.0,rain
27.0,87.0,100.0,23.8,94.8,18.1,Rainy Season,5.0,rain
27.5,81.6,100.0,22.7,89.8,20.2,Rainy Season,6.0,rain
28.9,77.3,100.0,23.8,75.9,18.0,Rainy Season,8.0,rain
29.1,77.3,100.0,20.2,77.2,19.8,Rainy Season,8.0,rain
29.8,75.9,100.0,18.4,91.4,20.7,Rainy Season,7.0,rain
29.4,76.6,100.0,17.3,94.4,19.7,Rainy Season,7.0,rain
29.4,74.5,100.0,14.8,90.8,20.3,Rainy Season,8.0,rain
28.8,76.7,100.0,14.8,92.3,19.3,Rainy Season,7.0,rain
29.1,77.3,100.0,11.9,89.6,20.0,Rainy Season,7.0,rain
27.1,89.6,100.0,12.2,96.2,18.4,Rainy Season,5.0,rain
27.5,86.1,100.0,12.6,95.6,17.5,Rainy Season,5.0,rain
28.3,79.1,100.0,13.3,89.0,19.4,Rainy Season,8.0,rain
28.6,78.2,100.0,16.6,65.2,19.7,Rainy Season,7.0,rain
28.3,78.2,100.0,18.7,90.1,19.9,Rainy Season,8.0,rain
28.3,79.4,100.0,22.7,93.5,20.3,Rainy Season,8.0,rain
28.5,78.9,100.0,22.3,92.1,19.0,Rainy Season,8.0,rain
28.5,78.2,100.0,20.2,95.7,18.6,Rainy Season,7.0,rain
28.3,80.1,100.0,18.4,98.4,22.6,Rainy Season,5.0,rain
28.6,80.9,100.0,10.4,83.1,23.6,Rainy Season,7.0,rain
28.4,82.7,100.0,15.1,80.7,21.5,Rainy Season,7.0,rain
26.2,90.2,100.0,17.6,99.4,16.1,Rainy Season,4.0,rain
26.1,85.8,100.0,17.3,100.0,15.8,Rainy Season,3.0,rain
26.6,82.2,100.0,17.3,91.9,23.8,Rainy Season,4.0,rain
28.3,78.6,0.0,10.1,60.0,24.1,Rainy Season,7.0,partly-cloudy-day
28.7,80.7,100.0,14.0,91.4,24.1,Rainy Season,7.0,rain
28.5,82.7,100.0,16.2,96.6,20.9,Rainy Season,5.0,rain
28.6,79.1,100.0,12.6,82.3,22.9,Rainy Season,8.0,rain
28.9,77.3,100.0,12.2,96.1,24.0,Rainy Season,8.0,rain
29.3,77.5,0.0,13.0,76.3,24.1,Rainy Season,7.0,partly-cloudy-day
30.0,76.7,100.0,15.1,78.7,24.1,Rainy Season,7.0,rain
29.9,77.4,100.0,12.6,96.0,24.0,Rainy Season,8.0,rain
29.5,78.4,100.0,13.0,97.7,22.3,Rainy Season,7.0,rain
29.5,77.0,100.0,10.8,93.9,24.1,Rainy Season,8.0,rain
29.6,79.4,100.0,13.0,87.4,22.0,Rainy Season,9.0,rain
29.0,81.5,100.0,14.4,99.6,21.4,Rainy Season,7.0,rain
28.4,79.4,100.0,19.1,99.2,24.0,Rainy Season,6.0,rain
28.9,77.1,100.0,19.1,99.0,23.6,Rainy Season,7.0,rain
28.1,82.8,100.0,16.2,98.8,23.1,Rainy Season,6.0,rain
27.2,84.9,100.0,17.3,99.8,12.1,Rainy Season,6.0,rain
27.3,84.9,100.0,15.5,98.1,22.6,Rainy Season,5.0,rain
28.8,79.8,100.0,14.8,91.1,18.9,Rainy Season,7.0,rain
29.1,79.9,100.0,11.9,93.8,24.1,Rainy Season,7.0,rain
29.2,79.0,100.0,11.9,94.1,24.1,Rainy Season,8.0,rain
28.4,83.2,100.0,7.9,91.3,23.8,Rainy Season,9.0,rain
29.0,81.7,0.0,7.6,93.8,23.9,Rainy Season,9.0,cloudy
28.5,82.9,100.0,14.0,98.3,21.5,Rainy Season,6.0,rain
28.3,81.0,100.0,13.0,94.7,23.0,Rainy Season,7.0,rain
28.3,80.7,100.0,11.5,80.6,22.4,Rainy Season,7.0,rain
27.7,82.4,100.0,10.4,82.3,22.3,Rainy Season,7.0,rain
27.6,85.7,100.0,10.4,96.2,16.2,Rainy Season,6.0,rain
27.9,82.5,100.0,10.1,80.8,23.0,Rainy Season,6.0,rain
28.1,82.7,100.0,7.6,96.7,22.6,Rainy Season,6.0,rain
28.5,84.7,100.0,9.0,82.2,23.3,Rainy Season,7.0,rain
29.6,81.7,100.0,10.8,46.4,24.1,Rainy Season,8.0,rain
26.2,91.4,100.0,15.1,99.6,22.1,Rainy Season,5.0,rain
27.1,83.2,100.0,20.9,99.3,22.6,Rainy Season,6.0,rain
27.7,80.5,100.0,15.8,95.4,24.1,Rainy Season,6.0,rain
28.2,81.6,100.0,7.6,79.6,24.1,Rainy Season,8.0,rain
28.0,85.4,100.0,10.1,70.3,24.1,Rainy Season,8.0,rain
28.7,79.5,100.0,14.8,70.2,23.9,Rainy Season,7.0,rain
27.9,81.0,100.0,15.1,36.8,24.1,Rainy Season,7.0,rain
28.0,79.7,100.0,16.6,88.2,24.1,Rainy Season,8.0,rain
28.3,79.6,100.0,16.2,79.7,23.9,Rainy Season,7.0,rain
28.2,79.8,0.0,10.4,66.4,24.1,Rainy Season,7.0,partly-cloudy-day
28.3,80.7,100.0,8.3,82.0,22.3,Rainy Season,7.0,rain
28.8,79.2,100.0,6.5,17.7,23.8,Rainy Season,8.0,rain
29.2,77.5,100.0,8.6,16.6,24.1,Rainy Season,8.0,rain
28.1,83.6,100.0,7.6,42.3,24.1,Rainy Season,8.0,rain
27.7,84.8,100.0,7.9,78.9,24.1,Rainy Season,7.0,rain
27.7,84.5,100.0,7.6,94.3,21.9,Rainy Season,7.0,rain
27.0,86.9,100.0,9.0,88.9,22.8,Rainy Season,5.0,rain
27.3,84.0,100.0,10.4,85.8,23.6,Rainy Season,7.0,rain
27.6,86.0,100.0,8.6,63.8,24.1,Rainy Season,7.0,rain
28.1,83.7,100.0,10.4,49.5,24.1,Rainy Season,8.0,rain
27.9,84.9,100.0,10.4,49.9,23.3,Rainy Season,8.0,rain
28.2,83.9,100.0,10.4,29.9,23.5,Rainy Season,8.0,rain
27.8,85.0,100.0,8.3,35.2,24.1,Rainy Season,8.0,rain
28.1,80.0,0.0,8.3,29.5,24.1,Rainy Season,8.0,partly-cloudy-day
28.2,77.0,0.0,7.2,16.5,24.1,Rainy Season,8.0,clear-day
28.5,75.6,0.0,6.5,17.3,24.1,Rainy Season,8.0,clear-day
28.2,80.1,100.0,8.3,16.3,24.1,Rainy Season,8.0,rain
28.2,79.3,0.0,7.6,22.9,24.1,Rainy Season,8.0,partly-cloudy-day
28.4,80.7,100.0,7.2,36.9,24.1,Rainy Season,7.0,rain
29.1,76.5,0.0,6.5,42.8,24.1,Rainy Season,7.0,partly-cloudy-day
29.0,78.8,0.0,9.4,41.9,24.1,Rainy Season,8.0,partly-cloudy-day
28.9,80.0,0.0,7.9,36.9,24.0,Rainy Season,8.0,partly-cloudy-day
28.5,81.5,100.0,7.6,89.9,23.8,Winter,6.0,rain
27.8,86.1,100.0,7.2,99.3,21.3,Winter,3.0,rain
27.8,84.2,100.0,7.6,96.8,21.1,Winter,4.0,rain
27.0,86.5,100.0,13.0,98.4,12.2,Winter,4.0,rain
26.8,81.0,100.0,14.4,73.2,22.6,Winter,3.0,rain
27.6,78.5,0.0,7.6,61.3,24.1,Winter,7.0,partly-cloudy-day
28.0,80.3,0.0,12.6,93.0,24.1,Winter,7.0,cloudy
27.9,81.1,0.0,13.0,68.8,24.1,Winter,7.0,partly-cloudy-day
27.8,79.4,0.0,7.2,89.6,24.1,Winter,6.0,partly-cloudy-day
27.8,78.6,100.0,9.0,37.2,24.1,Winter,7.0,rain
26.3,78.8,0.0,8.6,23.7,24.1,Winter,8.0,partly-cloudy-day
25.5,73.1,0.0,11.5,0.4,24.1,Winter,8.0,clear-day
25.1,74.2,0.0,9.0,0.0,24.1,Winter,8.0,clear-day
25.3,72.5,0.0,9.0,0.0,24.1,Winter,8.0,clear-day
24.8,73.7,0.0,10.4,0.9,24.1,Winter,8.0,clear-day
25.4,74.4,0.0,10.8,20.4,24.1,Winter,7.0,partly-cloudy-day
25.5,76.2,0.0,11.2,2.2,24.1,Winter,8.0,clear-day
26.0,76.0,0.0,11.2,37.0,24.1,Winter,6.0,partly-cloudy-day
27.0,73.3,0.0,6.8,41.9,23.2,Winter,6.0,partly-cloudy-day
27.3,72.5,0.0,8.3,36.5,24.1,Winter,7.0,partly-cloudy-day
26.7,71.4,0.0,6.8,15.9,24.1,Winter,7.0,clear-day
26.5,66.8,0.0,9.7,4.9,24.1,Winter,7.0,clear-day
25.4,64.3,0.0,9.0,14.2,24.1,Winter,8.0,clear-day
24.4,66.9,0.0,11.2,0.1,24.1,Winter,8.0,clear-day
24.3,72.3,0.0,8.6,0.1,24.1,Winter,8.0,clear-day
23.9,70.0,0.0,11.9,24.2,24.1,Winter,8.0,partly-cloudy-day
23.4,70.3,0.0,11.2,15.6,24.1,Winter,8.0,clear-day
22.0,69.8,0.0,9.0,3.4,24.1,Winter,8.0,clear-day
21.3,63.0,0.0,8.3,0.0,24.1,Winter,8.0,clear-day
21.3,62.9,0.0,8.6,0.5,24.1,Winter,8.0,clear-day
20.9,67.2,0.0,9.0,0.0,24.1,Winter,8.0,clear-day
21.3,69.9,0.0,9.7,2.8,24.1,Winter,7.0,clear-day
22.4,72.8,0.0,9.0,12.1,24.1,Winter,7.0,clear-day
23.3,70.5,0.0,9.7,1.9,24.1,Winter,7.0,clear-day
23.0,73.0,0.0,10.8,0.1,24.1,Winter,7.0,clear-day
22.6,75.2,0.0,9.7,0.9,24.1,Winter,7.0,clear-day
22.3,77.0,0.0,9.4,18.5,24.1,Winter,7.0,clear-day
21.9,75.3,0.0,9.7,45.6,24.1,Winter,7.0,partly-cloudy-day
21.9,73.5,0.0,9.4,17.5,24.1,Winter,7.0,clear-day
22.0,72.0,0.0,9.4,5.3,24.1,Winter,7.0,clear-day
22.2,74.8,0.0,9.4,0.4,24.1,Winter,7.0,clear-day
22.9,76.3,0.0,10.1,0.5,24.1,Winter,7.0,clear-day
23.0,77.2,0.0,11.2,0.5,24.1,Winter,7.0,clear-day
23.1,71.8,0.0,11.9,0.2,24.1,Winter,7.0,clear-day
22.6,74.1,0.0,10.1,0.0,24.1,Winter,7.0,clear-day
22.2,76.6,0.0,8.6,11.0,24.1,Winter,7.0,clear-day
22.4,72.4,0.0,7.6,3.5,24.1,Winter,7.0,clear-day
22.0,75.4,0.0,10.1,0.1,24.1,Winter,7.0,clear-day
21.4,75.7,0.0,7.9,17.9,24.1,Winter,7.0,clear-day
21.2,71.7,0.0,10.4,0.0,24.1,Winter,7.0,clear-day
21.5,71.7,0.0,9.4,2.2,24.1,Winter,7.0,clear-day
22.4,73.0,0.0,9.4,5.4,24.1,Winter,7.0,clear-day
21.8,72.0,0.0,9.0,7.5,24.1,Winter,7.0,clear-day
22.5,67.9,0.0,9.0,31.5,24.1,Winter,7.0,partly-cloudy-day
21.8,69.8,0.0,9.7,30.1,24.1,Winter,7.0,partly-cloudy-day
21.7,71.0,0.0,10.1,0.1,24.1,Winter,7.0,clear-day
21.8,68.4,0.0,9.4,0.0,24.1,Winter,7.0,clear-day
20.9,61.1,0.0,11.9,0.0,24.1,Winter,8.0,clear-day
21.2,57.2,0.0,10.4,0.3,24.1,Winter,8.0,clear-day
20.8,56.8,0.0,12.2,0.0,24.1,Winter,8.0,clear-day
20.6,51.1,0.0,11.5,15.2,24.1,Winter,8.0,clear-day
